insert into departamento (id, sigla, nome) values (1, 'dcaa', 'departamento de ciências agrárias e ambientais');
insert into departamento (id, sigla, nome) values (2, 'dcac', 'departamento de administração e ciências contábeis');
insert into departamento (id, sigla, nome) values (3, 'dcb', 'departamento de ciências biológicas');
insert into departamento (id, sigla, nome) values (4, 'dcec', 'departamento de ciências econômicas');
insert into departamento (id, sigla, nome) values (5, 'dcet', 'departamento de ciências exatas e tecnológicas');
insert into departamento (id, sigla, nome) values (6, 'dcie', 'departamento de ciências da educação');
insert into departamento (id, sigla, nome) values (7, 'dcs', 'departamento de ciências da saúde');
insert into departamento (id, sigla, nome) values (8, 'dcijur', 'departamento de ciências jurídicas');
insert into departamento (id, sigla, nome) values (9, 'dfch', 'departamento de filosofia e ciências humanas');
insert into departamento (id, sigla, nome) values (10, 'dla', 'departamento de letras e artes');
insert into pro_reitoria (id, sigla, nome) values (1, 'propp', 'pró-reitoria de pesquisa e pós-graduação');
insert into pro_reitoria (id, sigla, nome) values (2, 'prograd', 'pró-reitoria de graduação');
insert into pro_reitoria (id, sigla, nome) values (3, 'proex', 'pró-reitoria de extensão');
insert into pro_reitoria (id, sigla, nome) values (4, 'proad', 'pró-reitoria administrativa');
insert into pro_reitoria (id, sigla, nome) values (5, 'projur', 'procuradoria jurídica');
insert into semestre (id, semestre, id_pro_reitoria) values (1, '2019.1', 2);
insert into semestre (id, semestre, id_pro_reitoria) values (2, '2019.2', 2);
insert into semestre (id, semestre, id_pro_reitoria) values (3, '2020.1', 2);
insert into semestre (id, semestre, id_pro_reitoria) values (4, '2020.2', 2);
insert into semestre (id, semestre, id_pro_reitoria) values (5, '2021.1', 2);
insert into semestre (id, semestre, id_pro_reitoria) values (6, '2021.2', 2);
insert into semestre (id, semestre, id_pro_reitoria) values (7, '2022.1', 2);
insert into semestre (id, semestre, id_pro_reitoria) values (8, '2022.2', 2);
insert into formacao (id, formacao) values (1, 'bacharelado');
insert into formacao (id, formacao) values (2, 'licenciatura');
insert into colegiado (id, colegiado) values (1, 'administração');
insert into colegiado (id, colegiado) values (2, 'agronomia');
insert into colegiado (id, colegiado) values (3, 'biomedicina');
insert into colegiado (id, colegiado) values (4, 'ciências biológicas');
insert into colegiado (id, colegiado) values (5, 'ciências contábeis');
insert into colegiado (id, colegiado) values (6, 'ciências econômicas');
insert into colegiado (id, colegiado) values (7, 'ciências sociais');
insert into colegiado (id, colegiado) values (8, 'comunicação social');
insert into colegiado (id, colegiado) values (9, 'computação');
insert into colegiado (id, colegiado) values (10, 'direito');
insert into colegiado (id, colegiado) values (11, 'educação física');
insert into colegiado (id, colegiado) values (12, 'enfermagem');
insert into colegiado (id, colegiado) values (13, 'engenharia civil');
insert into colegiado (id, colegiado) values (14, 'engenharia de produção');
insert into colegiado (id, colegiado) values (15, 'engenharia elétrica');
insert into colegiado (id, colegiado) values (16, 'engenharia mecânica');
insert into colegiado (id, colegiado) values (17, 'engenharia química');
insert into colegiado (id, colegiado) values (18, 'filosofia');
insert into colegiado (id, colegiado) values (19, 'física');
insert into colegiado (id, colegiado) values (20, 'geografia');
insert into colegiado (id, colegiado) values (21, 'história');
insert into colegiado (id, colegiado) values (22, 'lea');
insert into colegiado (id, colegiado) values (23, 'letras');
insert into colegiado (id, colegiado) values (24, 'matemática');
insert into colegiado (id, colegiado) values (25, 'medicina');
insert into colegiado (id, colegiado) values (26, 'medicina veterinária');
insert into colegiado (id, colegiado) values (27, 'pedagogia');
insert into colegiado (id, colegiado) values (28, 'química');
insert into tipo_aula (id, tipo_aula) values (1, 'pratica');
insert into tipo_aula (id, tipo_aula) values (2, 'teórica');
insert into curso (id, curso, id_colegiado) values (1, 'administração', 1);
insert into curso (id, curso, id_colegiado) values (2, 'agronomia', 2);
insert into curso (id, curso, id_colegiado) values (3, 'biomedicina', 3);
insert into curso (id, curso, id_colegiado) values (4, 'ciências biológicas', 4);
insert into curso (id, curso, id_colegiado) values (5, 'ciências contábeis', 5);
insert into curso (id, curso, id_colegiado) values (6, 'ciências sociais', 7);
insert into curso (id, curso, id_colegiado) values (7, 'computação', 9);
insert into curso (id, curso, id_colegiado) values (8, 'economia', 6);
insert into curso (id, curso, id_colegiado) values (9, 'enfermagem', 12);
insert into curso (id, curso, id_colegiado) values (10, 'eng. civil', 13);
insert into curso (id, curso, id_colegiado) values (11, 'eng. elétrica', 15);
insert into curso (id, curso, id_colegiado) values (12, 'eng. mecânica', 16);
insert into curso (id, curso, id_colegiado) values (13, 'eng. produção', 14);
insert into curso (id, curso, id_colegiado) values (14, 'eng. química', 17);
insert into curso (id, curso, id_colegiado) values (15, 'física', 19);
insert into curso (id, curso, id_colegiado) values (16, 'geografia', 20);
insert into curso (id, curso, id_colegiado) values (17, 'lea', 22);
insert into curso (id, curso, id_colegiado) values (18, 'matemática', 24);
insert into curso (id, curso, id_colegiado) values (19, 'medicina veterinária', 26);
insert into curso (id, curso, id_colegiado) values (20, 'química', 28);
insert into area (id, area, id_departamento) values (1, 'ciências básicas veterinária', 1);
insert into area (id, area, id_departamento) values (2, 'ciência do desenvolvimento agrário', 1);
insert into area (id, area, id_departamento) values (3, 'clínica e cirurgia em medicina veterinária', 1);
insert into area (id, area, id_departamento) values (4, 'engenharia agrícola', 1);
insert into area (id, area, id_departamento) values (5, 'ensino da geografia', 1);
insert into area (id, area, id_departamento) values (6, 'ética e medicina veterinária preventiva', 1);
insert into area (id, area, id_departamento) values (7, 'fitotecnia', 1);
insert into area (id, area, id_departamento) values (8, 'análise e planejamento ambiental', 1);
insert into area (id, area, id_departamento) values (9, 'recursos naturais renováveis', 1);
insert into area (id, area, id_departamento) values (10, 'zootecnia', 1);
insert into area (id, area, id_departamento) values (11, 'administraçâo', 2);
insert into area (id, area, id_departamento) values (12, 'ciências contábeis', 2);
insert into area (id, area, id_departamento) values (13, 'biofísica', 3);
insert into area (id, area, id_departamento) values (14, 'biomédicas', 3);
insert into area (id, area, id_departamento) values (15, 'bioquímica', 3);
insert into area (id, area, id_departamento) values (16, 'botânica', 3);
insert into area (id, area, id_departamento) values (17, 'ecologia', 3);
insert into area (id, area, id_departamento) values (18, 'ensino de biologia', 3);
insert into area (id, area, id_departamento) values (19, 'genética', 3);
insert into area (id, area, id_departamento) values (20, 'imunologia', 3);
insert into area (id, area, id_departamento) values (21, 'microbiologia', 3);
insert into area (id, area, id_departamento) values (22, 'morfologia', 3);
insert into area (id, area, id_departamento) values (23, 'oceanografia', 3);
insert into area (id, area, id_departamento) values (24, 'zoologia', 3);
insert into area (id, area, id_departamento) values (25, 'economia', 4);
insert into area (id, area, id_departamento) values (26, 'computação', 5);
insert into area (id, area, id_departamento) values (27, 'eng. civil', 5);
insert into area (id, area, id_departamento) values (28, 'eng. elétrica', 5);
insert into area (id, area, id_departamento) values (29, 'eng. mecânica', 5);
insert into area (id, area, id_departamento) values (30, 'eng. produção', 5);
insert into area (id, area, id_departamento) values (31, 'eng. química', 5);
insert into area (id, area, id_departamento) values (32, 'estatística', 5);
insert into area (id, area, id_departamento) values (33, 'física', 5);
insert into area (id, area, id_departamento) values (34, 'matemática', 5);
insert into area (id, area, id_departamento) values (35, 'química', 5);
insert into area (id, area, id_departamento) values (36, 'didática', 6);
insert into area (id, area, id_departamento) values (37, 'estágio e prática pedagógica', 6);
insert into area (id, area, id_departamento) values (38, 'política e legislação da educação', 6);
insert into area (id, area, id_departamento) values (39, 'fundamentos do cuidar em enfermagem', 7);
insert into area (id, area, id_departamento) values (40, 'saúde coletiva', 7);
insert into area (id, area, id_departamento) values (41, 'atenção à saúde nos ciclos do desenvolvimento humano', 7);
insert into area (id, area, id_departamento) values (42, 'gestão e pesquisa em enfermagem', 7);
insert into area (id, area, id_departamento) values (43, 'educação física', 7);
insert into area (id, area, id_departamento) values (44, 'medicina i', 7);
insert into area (id, area, id_departamento) values (45, 'medicina ii', 7);
insert into area (id, area, id_departamento) values (46, 'medicina iii', 7);
insert into area (id, area, id_departamento) values (47, 'medicina iv', 7);
insert into area (id, area, id_departamento) values (48, 'bases biológicas', 7);
insert into area (id, area, id_departamento) values (49, 'propedêuticas jurídicas', 8);
insert into area (id, area, id_departamento) values (50, 'acesso à justiça e processo', 8);
insert into area (id, area, id_departamento) values (51, 'relações privadas e direito', 8);
insert into area (id, area, id_departamento) values (52, 'relações jurídicas de estado e sociedade', 8);
insert into area (id, area, id_departamento) values (53, 'filosofia', 9);
insert into area (id, area, id_departamento) values (54, 'psicologia', 9);
insert into area (id, area, id_departamento) values (55, 'históriaciências sociais', 9);
insert into area (id, area, id_departamento) values (56, 'metodologia do conhecimento científico', 9);
insert into area (id, area, id_departamento) values (57, 'letras', 10);
insert into area (id, area, id_departamento) values (58, 'línguas estrangeiras', 10);
insert into area (id, area, id_departamento) values (59, 'comunicação social', 10);
insert into disciplina (id, cod, disciplina, ch, id_area) values (1, 'CET154', 'química geral e orgânica', 90.0, 35);
insert into disciplina (id, cod, disciplina, ch, id_area) values (2, 'CET558', 'calculo aplicado a biomedicina', 60.0, 34);
insert into disciplina (id, cod, disciplina, ch, id_area) values (3, 'CET559', 'física aplicada a biomedicina', 60.0, 33);
insert into disciplina (id, cod, disciplina, ch, id_area) values (4, 'CIB520', 'bioestatistica', 60.0, 32);
insert into disciplina (id, cod, disciplina, ch, id_area) values (5, 'CIB517', 'bioinformática', 60.0, 26);
insert into disciplina (id, cod, disciplina, ch, id_area) values (6, 'CET791', 'química geral', 45.0, 35);
insert into disciplina (id, cod, disciplina, ch, id_area) values (7, 'CET792', 'física', 75.0, 33);
insert into disciplina (id, cod, disciplina, ch, id_area) values (8, 'CET793', 'matemática', 30.0, 34);
insert into disciplina (id, cod, disciplina, ch, id_area) values (9, 'CET794', 'química orgânica', 45.0, 35);
insert into disciplina (id, cod, disciplina, ch, id_area) values (10, 'CET006', 'análise química', 60.0, 35);
insert into disciplina (id, cod, disciplina, ch, id_area) values (11, 'CET795', 'desenho técnico', 60.0, 27);
insert into disciplina (id, cod, disciplina, ch, id_area) values (12, 'CET796', 'cálculo', 75.0, 34);
insert into disciplina (id, cod, disciplina, ch, id_area) values (13, 'CET797', 'elementos de estatística', 60.0, 32);
insert into disciplina (id, cod, disciplina, ch, id_area) values (14, 'CET076', 'metodologia e estatística experimental', 75.0, 32);
insert into disciplina (id, cod, disciplina, ch, id_area) values (15, 'CET423', 'fundamentos matemáticos', 60.0, 34);
insert into disciplina (id, cod, disciplina, ch, id_area) values (16, 'CET552', 'introdução a ciência dos computadores', 60.0, 26);
insert into disciplina (id, cod, disciplina, ch, id_area) values (17, 'CET398', 'matemática aplicada e financeira', 60.0, 34);
insert into disciplina (id, cod, disciplina, ch, id_area) values (18, 'CET392', 'estatistica i', 60.0, 32);
insert into disciplina (id, cod, disciplina, ch, id_area) values (19, 'CET399', 'estatistica ii', 60.0, 32);
insert into disciplina (id, cod, disciplina, ch, id_area) values (20, 'CET1295', 'estatística apllicada i', 60.0, 32);
insert into disciplina (id, cod, disciplina, ch, id_area) values (21, 'CET1296', 'estatística apllicada ii', 60.0, 32);
insert into disciplina (id, cod, disciplina, ch, id_area) values (22, 'CET1293', 'matemática aplicada i', 60.0, 34);
insert into disciplina (id, cod, disciplina, ch, id_area) values (23, 'CET1294', 'matemática aplicada ii', 60.0, 34);
insert into disciplina (id, cod, disciplina, ch, id_area) values (24, 'CET631', 'fundamentos de estatistica  - (curriculo atual)', 45.0, 32);
insert into disciplina (id, cod, disciplina, ch, id_area) values (25, 'CET701', 'quimica aplicada a analise ambiental - (curriculo atual)', 60.0, 35);
insert into disciplina (id, cod, disciplina, ch, id_area) values (26, 'CET702', 'fundamentos de estatistica - (curriculo novo  a partir de 2022)', 60.0, 32);
insert into disciplina (id, cod, disciplina, ch, id_area) values (27, 'CET699', 'estatística aplicada às ciências sociais i', 60.0, 32);
insert into disciplina (id, cod, disciplina, ch, id_area) values (28, 'CET700', 'estatística aplicada às ciências sociais ii', 60.0, 32);
insert into disciplina (id, cod, disciplina, ch, id_area) values (29, 'CET1200', 'intrudução à estatistica', 60.0, 32);
insert into disciplina (id, cod, disciplina, ch, id_area) values (30, 'CET561', 'cálculo', 60.0, 34);
insert into disciplina (id, cod, disciplina, ch, id_area) values (31, 'CET647', 'física para biologia', 60.0, 33);
insert into disciplina (id, cod, disciplina, ch, id_area) values (32, 'CET650', 'química aplicada à biologia', 90.0, 35);
insert into disciplina (id, cod, disciplina, ch, id_area) values (33, 'CET020', 'bioestatística', 60.0, 32);
insert into disciplina (id, cod, disciplina, ch, id_area) values (34, 'CET042', 'ciência dos materiais', 60.0, 29);
insert into disciplina (id, cod, disciplina, ch, id_area) values (35, 'CET045', 'termodinâmica', 60.0, 29);
insert into disciplina (id, cod, disciplina, ch, id_area) values (36, 'CET050', 'materiais metálicos', 45.0, 29);
insert into disciplina (id, cod, disciplina, ch, id_area) values (37, 'CET051', 'materiais cerâmicos', 45.0, 29);
insert into disciplina (id, cod, disciplina, ch, id_area) values (38, 'CET057', 'engenharia de saneamento ambiental', 45.0, 31);
insert into disciplina (id, cod, disciplina, ch, id_area) values (39, 'CET1010', 'petróleo, gás e biocombustíveis', 45.0, 31);
insert into disciplina (id, cod, disciplina, ch, id_area) values (40, 'CET1018', 'estágio obrigatório', 180.0, 29);
insert into disciplina (id, cod, disciplina, ch, id_area) values (41, 'CET1043', 'complementação de poços de petróleo', 45.0, 31);
insert into disciplina (id, cod, disciplina, ch, id_area) values (42, 'CET1044', 'motores de combustão', 45.0, 29);
insert into disciplina (id, cod, disciplina, ch, id_area) values (43, 'CET1045', 'materiais conjugados', 45.0, 29);
insert into disciplina (id, cod, disciplina, ch, id_area) values (44, 'CET1046', 'mecânica de precisão', 45.0, 29);
insert into disciplina (id, cod, disciplina, ch, id_area) values (45, 'CET1047', 'princípios de tribologia', 45.0, 29);
insert into disciplina (id, cod, disciplina, ch, id_area) values (46, 'CET1048', 'elementos de robótica', 45.0, 29);
insert into disciplina (id, cod, disciplina, ch, id_area) values (47, 'CET1049', 'geologia do petróleo', 45.0, 31);
insert into disciplina (id, cod, disciplina, ch, id_area) values (48, 'CET1050', 'perfilagem de poços de petróleo', 45.0, 31);
insert into disciplina (id, cod, disciplina, ch, id_area) values (49, 'CET1051', 'perfuração de poços de petróleo', 45.0, 31);
insert into disciplina (id, cod, disciplina, ch, id_area) values (50, 'CET1052', 'análise e caracterização de materiais', 45.0, 31);
insert into disciplina (id, cod, disciplina, ch, id_area) values (51, 'CET1053', 'corrosão metálica', 45.0, 31);
insert into disciplina (id, cod, disciplina, ch, id_area) values (52, 'CET1055', 'gestão da qualidade', 45.0, 30);
insert into disciplina (id, cod, disciplina, ch, id_area) values (53, 'CET1057', 'gestão do conhecimento', 45.0, 30);
insert into disciplina (id, cod, disciplina, ch, id_area) values (54, 'CET160', 'cálculo diferencial e integral i', 90.0, 34);
insert into disciplina (id, cod, disciplina, ch, id_area) values (55, 'CET162', 'cálculo diferencial e integral ii', 90.0, 34);
insert into disciplina (id, cod, disciplina, ch, id_area) values (56, 'CET164', 'física i', 75.0, 33);
insert into disciplina (id, cod, disciplina, ch, id_area) values (57, 'CET167', 'cálculo diferencial e integral iii', 90.0, 34);
insert into disciplina (id, cod, disciplina, ch, id_area) values (58, 'CET171', 'física ii', 75.0, 33);
insert into disciplina (id, cod, disciplina, ch, id_area) values (59, 'CET173', 'física ii', 60.0, 34);
insert into disciplina (id, cod, disciplina, ch, id_area) values (60, 'CET174', 'equações diferencias aplicadas i', 75.0, 33);
insert into disciplina (id, cod, disciplina, ch, id_area) values (61, 'CET176', 'física iii', 75.0, 33);
insert into disciplina (id, cod, disciplina, ch, id_area) values (62, 'CET178', 'equações diferenciais aplicadas ii', 75.0, 33);
insert into disciplina (id, cod, disciplina, ch, id_area) values (63, 'CET181', 'física iv', 75.0, 33);
insert into disciplina (id, cod, disciplina, ch, id_area) values (64, 'CET569', 'geometria analítica', 75.0, 34);
insert into disciplina (id, cod, disciplina, ch, id_area) values (65, 'CET581', 'cálculo numérico', 75.0, 34);
insert into disciplina (id, cod, disciplina, ch, id_area) values (66, 'CET788', 'física experimental i', 30.0, 33);
insert into disciplina (id, cod, disciplina, ch, id_area) values (67, 'CET789', 'química geral i', 90.0, 35);
insert into disciplina (id, cod, disciplina, ch, id_area) values (68, 'CET809', 'desenho mecânico i', 75.0, 29);
insert into disciplina (id, cod, disciplina, ch, id_area) values (69, 'CET810', 'introdução à engenharia', 30.0, 29);
insert into disciplina (id, cod, disciplina, ch, id_area) values (70, 'CET831', 'álgebra linear i', 90.0, 34);
insert into disciplina (id, cod, disciplina, ch, id_area) values (71, 'CET832', 'gestão ambiental', 30.0, 31);
insert into disciplina (id, cod, disciplina, ch, id_area) values (72, 'CET833', 'física experimental ii', 30.0, 33);
insert into disciplina (id, cod, disciplina, ch, id_area) values (73, 'CET835', 'química geral ii', 60.0, 35);
insert into disciplina (id, cod, disciplina, ch, id_area) values (74, 'CET836', 'programação i', 60.0, 26);
insert into disciplina (id, cod, disciplina, ch, id_area) values (75, 'CET838', 'física experimental iii', 30.0, 33);
insert into disciplina (id, cod, disciplina, ch, id_area) values (76, 'CET839', 'mecânica vetorial estática', 60.0, 29);
insert into disciplina (id, cod, disciplina, ch, id_area) values (77, 'CET840', 'programação ii', 60.0, 26);
insert into disciplina (id, cod, disciplina, ch, id_area) values (78, 'CET842', 'eletrotécnica geral', 75.0, 28);
insert into disciplina (id, cod, disciplina, ch, id_area) values (79, 'CET843', 'pesquisa operacional i', 45.0, 30);
insert into disciplina (id, cod, disciplina, ch, id_area) values (80, 'CET844', 'eletrônica aplicada e dispositivos de automação', 75.0, 28);
insert into disciplina (id, cod, disciplina, ch, id_area) values (81, 'CET851', 'gestão da qualidade', 45.0, 30);
insert into disciplina (id, cod, disciplina, ch, id_area) values (82, 'CET855', 'automação e controle', 60.0, 28);
insert into disciplina (id, cod, disciplina, ch, id_area) values (83, 'CET861', 'tecnologia limpa na indústria', 45.0, 31);
insert into disciplina (id, cod, disciplina, ch, id_area) values (84, 'CET868', 'refino de petróleo', 45.0, 31);
insert into disciplina (id, cod, disciplina, ch, id_area) values (85, 'CET870', 'energias alternativas', 45.0, 31);
insert into disciplina (id, cod, disciplina, ch, id_area) values (86, 'CET876', 'gestão energética industrial', 45.0, 30);
insert into disciplina (id, cod, disciplina, ch, id_area) values (87, 'CET943', 'desenho mecânico ii', 60.0, 29);
insert into disciplina (id, cod, disciplina, ch, id_area) values (88, 'CET944', 'física experimental iv', 30.0, 33);
insert into disciplina (id, cod, disciplina, ch, id_area) values (89, 'CET945', 'metodologia e projetos de experimentos', 30.0, 29);
insert into disciplina (id, cod, disciplina, ch, id_area) values (90, 'CET946', 'resistência dos materiais i', 60.0, 29);
insert into disciplina (id, cod, disciplina, ch, id_area) values (91, 'CET947', 'comportamento mecânico dos materiais', 60.0, 29);
insert into disciplina (id, cod, disciplina, ch, id_area) values (92, 'CET948', 'elementos de máquinas', 60.0, 29);
insert into disciplina (id, cod, disciplina, ch, id_area) values (93, 'CET950', 'mecânica dos fluidos', 90.0, 29);
insert into disciplina (id, cod, disciplina, ch, id_area) values (94, 'CET951', 'mecânica dos sólidos i', 60.0, 29);
insert into disciplina (id, cod, disciplina, ch, id_area) values (95, 'CET952', 'metrologia e controle da qualidade', 45.0, 29);
insert into disciplina (id, cod, disciplina, ch, id_area) values (96, 'CET953', 'dinâmica das máquinas', 60.0, 29);
insert into disciplina (id, cod, disciplina, ch, id_area) values (97, 'CET954', 'materiais de construção mecânica', 30.0, 29);
insert into disciplina (id, cod, disciplina, ch, id_area) values (98, 'CET955', 'mecânica dos sólidos ii', 60.0, 29);
insert into disciplina (id, cod, disciplina, ch, id_area) values (99, 'CET956', 'processos de conformação mecânica', 75.0, 29);
insert into disciplina (id, cod, disciplina, ch, id_area) values (100, 'CET957', 'processos de usinagem i', 60.0, 29);
insert into disciplina (id, cod, disciplina, ch, id_area) values (101, 'CET958', 'projeto assistido por computador', 60.0, 29);
insert into disciplina (id, cod, disciplina, ch, id_area) values (102, 'CET960', 'transferência de calor e massa', 60.0, 29);
insert into disciplina (id, cod, disciplina, ch, id_area) values (103, 'CET961', 'engenharia assistida por computador', 45.0, 29);
insert into disciplina (id, cod, disciplina, ch, id_area) values (104, 'CET962', 'fundição,soldagem e tratamentos térmicos', 60.0, 29);
insert into disciplina (id, cod, disciplina, ch, id_area) values (105, 'CET963', 'manufatura assistida por computador', 45.0, 29);
insert into disciplina (id, cod, disciplina, ch, id_area) values (106, 'CET964', 'máquinas térmicas e processos contínuos', 75.0, 29);
insert into disciplina (id, cod, disciplina, ch, id_area) values (107, 'CET965', 'processos de usinagem ii', 60.0, 29);
insert into disciplina (id, cod, disciplina, ch, id_area) values (108, 'CET966', 'projeto mecânico', 90.0, 29);
insert into disciplina (id, cod, disciplina, ch, id_area) values (109, 'CET967', 'máquinas hidráulicas e pneumáticas', 90.0, 29);
insert into disciplina (id, cod, disciplina, ch, id_area) values (110, 'CET968', 'mecanismos', 60.0, 29);
insert into disciplina (id, cod, disciplina, ch, id_area) values (111, 'CET969', 'planejamento e controle da produção', 45.0, 29);
insert into disciplina (id, cod, disciplina, ch, id_area) values (112, 'CET970', 'processos especiais de fabricação', 45.0, 29);
insert into disciplina (id, cod, disciplina, ch, id_area) values (113, 'CET971', 'sistemas frigoríficos', 60.0, 29);
insert into disciplina (id, cod, disciplina, ch, id_area) values (114, 'CET972', 'sistemas térmicos de potência', 60.0, 29);
insert into disciplina (id, cod, disciplina, ch, id_area) values (115, 'CET973', 'sistemas de elevação e transporte', 90.0, 29);
insert into disciplina (id, cod, disciplina, ch, id_area) values (116, 'CET974', 'sistemas de produção e gestão', 60.0, 30);
insert into disciplina (id, cod, disciplina, ch, id_area) values (117, 'CET975', 'trabalho de conclusão de curso i', 45.0, 29);
insert into disciplina (id, cod, disciplina, ch, id_area) values (118, 'CET977', 'trabalho de conclusão de curso ii', 45.0, 29);
insert into disciplina (id, cod, disciplina, ch, id_area) values (119, 'CET1237', 'química geral i', 60.0, 35);
insert into disciplina (id, cod, disciplina, ch, id_area) values (120, 'CET811', 'introdução à engenharia civil', 45.0, 27);
insert into disciplina (id, cod, disciplina, ch, id_area) values (121, 'CET1030', 'desenho técnico aplicado à engenharia civil', 60.0, 27);
insert into disciplina (id, cod, disciplina, ch, id_area) values (122, 'CET1238', 'química geral ii', 60.0, 35);
insert into disciplina (id, cod, disciplina, ch, id_area) values (123, 'CET1239', 'química geral e experimental', 30.0, 35);
insert into disciplina (id, cod, disciplina, ch, id_area) values (124, 'CET1031', 'arquitetura e urbanismo', 45.0, 27);
insert into disciplina (id, cod, disciplina, ch, id_area) values (125, 'CET1032', 'resitência de materiais i', 60.0, 27);
insert into disciplina (id, cod, disciplina, ch, id_area) values (126, 'CET596', 'mecânica dos fluídos', 60.0, 27);
insert into disciplina (id, cod, disciplina, ch, id_area) values (127, 'CET1033', 'análise estrutural i', 60.0, 27);
insert into disciplina (id, cod, disciplina, ch, id_area) values (128, 'CET1035', 'mecânica dos solos i', 75.0, 27);
insert into disciplina (id, cod, disciplina, ch, id_area) values (129, 'CET1036', 'resistência dos materiais ii', 75.0, 27);
insert into disciplina (id, cod, disciplina, ch, id_area) values (130, 'CET1240', 'materiais de construção i', 60.0, 27);
insert into disciplina (id, cod, disciplina, ch, id_area) values (131, 'CET1241', 'hidráulica', 75.0, 27);
insert into disciplina (id, cod, disciplina, ch, id_area) values (132, 'CET1242', 'instalações prediais: elétricas', 60.0, 27);
insert into disciplina (id, cod, disciplina, ch, id_area) values (133, 'CET1037', 'análise estrutural ii', 75.0, 27);
insert into disciplina (id, cod, disciplina, ch, id_area) values (134, 'CET1039', 'materiais de construção ii', 75.0, 27);
insert into disciplina (id, cod, disciplina, ch, id_area) values (135, 'CET1040', 'mecânica dos solos ii', 75.0, 27);
insert into disciplina (id, cod, disciplina, ch, id_area) values (136, 'CET1042', 'tecnologia das construções i', 60.0, 27);
insert into disciplina (id, cod, disciplina, ch, id_area) values (137, 'CET1243', 'sistemas de água, esgoto e drenagem', 60.0, 27);
insert into disciplina (id, cod, disciplina, ch, id_area) values (138, 'CET1244', 'instalações prediais: hidro-sanitárias', 60.0, 27);
insert into disciplina (id, cod, disciplina, ch, id_area) values (139, 'CET1041', 'projeto integrado i: materiais', 30.0, 27);
insert into disciplina (id, cod, disciplina, ch, id_area) values (140, 'CET1058', 'análise estrutural iii', 75.0, 27);
insert into disciplina (id, cod, disciplina, ch, id_area) values (141, 'CET1066', 'estruturas de concreto armado i', 75.0, 27);
insert into disciplina (id, cod, disciplina, ch, id_area) values (142, 'CET1069', 'sistemas de transporte', 60.0, 27);
insert into disciplina (id, cod, disciplina, ch, id_area) values (143, 'CET1245', 'análise financeira e orçamento das construções', 60.0, 27);
insert into disciplina (id, cod, disciplina, ch, id_area) values (144, 'CET1246', 'tecnologia das construções ii', 60.0, 27);
insert into disciplina (id, cod, disciplina, ch, id_area) values (145, 'CET1247', 'saneamento e tratamento de esgotos', 60.0, 27);
insert into disciplina (id, cod, disciplina, ch, id_area) values (146, 'CET1084', 'inovação e propriedade intelectual', 45.0, 30);
insert into disciplina (id, cod, disciplina, ch, id_area) values (147, 'CET1085', 'fontes fósseis e renováveis  de energia', 45.0, 31);
insert into disciplina (id, cod, disciplina, ch, id_area) values (148, 'CET1086', 'gestão ambiental', 45.0, 31);
insert into disciplina (id, cod, disciplina, ch, id_area) values (149, 'CET865', 'computação de alto desempenho', 45.0, 26);
insert into disciplina (id, cod, disciplina, ch, id_area) values (150, 'CET892', 'poluição e gestão de resíduos na construção', 45.0, 31);
insert into disciplina (id, cod, disciplina, ch, id_area) values (151, 'CET1072', 'estruturas de aço', 60.0, 27);
insert into disciplina (id, cod, disciplina, ch, id_area) values (152, 'CET1075', 'estruturas de madeira', 45.0, 27);
insert into disciplina (id, cod, disciplina, ch, id_area) values (153, 'CET1248', 'estruturas de concreto armado ii', 60.0, 27);
insert into disciplina (id, cod, disciplina, ch, id_area) values (154, 'CET1249', 'estradas e ferrovias', 75.0, 27);
insert into disciplina (id, cod, disciplina, ch, id_area) values (155, 'CET1250', 'fundações', 75.0, 27);
insert into disciplina (id, cod, disciplina, ch, id_area) values (156, 'CET1251', 'planejamento e gerenciamento de obras', 60.0, 27);
insert into disciplina (id, cod, disciplina, ch, id_area) values (157, 'CET1252', 'projeto integrado ii: águas e meio ambiente', 30.0, 27);
insert into disciplina (id, cod, disciplina, ch, id_area) values (158, 'CET1022', 'conhecimento e valoração da inovação', 45.0, 30);
insert into disciplina (id, cod, disciplina, ch, id_area) values (159, 'CET1090', 'estabilidade das estruturas', 45.0, 27);
insert into disciplina (id, cod, disciplina, ch, id_area) values (160, 'CET1091', 'estruturas pré-fabricadas de concreto armado', 45.0, 27);
insert into disciplina (id, cod, disciplina, ch, id_area) values (161, 'CET1099', 'higiene e segurança do trabalho', 45.0, 27);
insert into disciplina (id, cod, disciplina, ch, id_area) values (162, 'CET1102', 'modelagem computacional aplicada à engenharia', 45.0, 27);
insert into disciplina (id, cod, disciplina, ch, id_area) values (163, 'CET1103', 'projeto de engenharia auxiliado por computador', 45.0, 27);
insert into disciplina (id, cod, disciplina, ch, id_area) values (164, 'CET1260', 'materiais compósitos e sustentáveis', 45.0, 27);
insert into disciplina (id, cod, disciplina, ch, id_area) values (165, 'CET1261', 'introdução à dinâmica das estruturas', 45.0, 27);
insert into disciplina (id, cod, disciplina, ch, id_area) values (166, 'CET1070', 'trabalho de conclusão de curso i', 45.0, 27);
insert into disciplina (id, cod, disciplina, ch, id_area) values (167, 'CET1078', 'estrutura de concreto armado iii', 60.0, 27);
insert into disciplina (id, cod, disciplina, ch, id_area) values (168, 'CET1253', 'obras da terra', 45.0, 27);
insert into disciplina (id, cod, disciplina, ch, id_area) values (169, 'CET1254', 'projeto integrado iii: gestão e construção', 30.0, 27);
insert into disciplina (id, cod, disciplina, ch, id_area) values (170, 'CET1255', 'estágio obrigatório i', 135.0, 27);
insert into disciplina (id, cod, disciplina, ch, id_area) values (171, 'CET1074', 'introdução ao método dos elementos finitos', 45.0, 27);
insert into disciplina (id, cod, disciplina, ch, id_area) values (172, 'CET1087', 'tecnologia de construção sustentável e certificação verde', 45.0, 27);
insert into disciplina (id, cod, disciplina, ch, id_area) values (173, 'CET1089', 'detalhamento de estruturas de concreto armado', 45.0, 27);
insert into disciplina (id, cod, disciplina, ch, id_area) values (174, 'CET1094', 'projeto de portos e hidrovias', 45.0, 27);
insert into disciplina (id, cod, disciplina, ch, id_area) values (175, 'CET1096', 'projetos de edifícios de concreto armado', 45.0, 27);
insert into disciplina (id, cod, disciplina, ch, id_area) values (176, 'CET1098', 'estruturas esbeltas', 45.0, 27);
insert into disciplina (id, cod, disciplina, ch, id_area) values (177, 'CET1101', 'métodos matriciais para análise estrutural', 45.0, 27);
insert into disciplina (id, cod, disciplina, ch, id_area) values (178, 'CET1262', 'projeto de difícios de aço', 45.0, 27);
insert into disciplina (id, cod, disciplina, ch, id_area) values (179, 'CET1263', 'estruturas protendidas', 45.0, 27);
insert into disciplina (id, cod, disciplina, ch, id_area) values (180, 'CET1266', 'plataforma bim', 45.0, 27);
insert into disciplina (id, cod, disciplina, ch, id_area) values (181, 'CET1083', 'trabalho de conclusão de curso ii', 45.0, 27);
insert into disciplina (id, cod, disciplina, ch, id_area) values (182, 'CET1256', 'pavimentação', 45.0, 27);
insert into disciplina (id, cod, disciplina, ch, id_area) values (183, 'CET1257', 'pontes', 60.0, 27);
insert into disciplina (id, cod, disciplina, ch, id_area) values (184, 'CET1258', 'projeto integrado iv: estruturas e fundações', 30.0, 27);
insert into disciplina (id, cod, disciplina, ch, id_area) values (185, 'CET1259', 'estágio obrigatório ii', 135.0, 27);
insert into disciplina (id, cod, disciplina, ch, id_area) values (186, 'CET1095', 'projeto de coberturas', 45.0, 27);
insert into disciplina (id, cod, disciplina, ch, id_area) values (187, 'CET1100', 'gestão de obras de grande porte', 45.0, 27);
insert into disciplina (id, cod, disciplina, ch, id_area) values (188, 'CET1264', 'instalações prediais: gás e incêndio', 45.0, 27);
insert into disciplina (id, cod, disciplina, ch, id_area) values (189, 'CET583', 'resistência dos materiais i', 60.0, 27);
insert into disciplina (id, cod, disciplina, ch, id_area) values (190, 'CET858', 'processos de construção de edificações', 60.0, 27);
insert into disciplina (id, cod, disciplina, ch, id_area) values (191, 'CET812', 'desenho de engenharia', 60.0, 29);
insert into disciplina (id, cod, disciplina, ch, id_area) values (192, 'CET830', 'desenho técnico aplicado a ep', 60.0, 29);
insert into disciplina (id, cod, disciplina, ch, id_area) values (193, 'CET848', 'metodologia de projetos e experimentos', 30.0, 29);
insert into disciplina (id, cod, disciplina, ch, id_area) values (194, 'CET854', 'processamento de materiais metálicos', 90.0, 29);
insert into disciplina (id, cod, disciplina, ch, id_area) values (195, 'CET850', 'processos químicos de fabricação', 90.0, 31);
insert into disciplina (id, cod, disciplina, ch, id_area) values (196, 'CET846', 'fenômenos transportes i', 60.0, 31);
insert into disciplina (id, cod, disciplina, ch, id_area) values (197, 'CET563', 'introdução à engenharia de produção', 30.0, 30);
insert into disciplina (id, cod, disciplina, ch, id_area) values (198, 'CET834', 'organização do trabalho', 60.0, 30);
insert into disciplina (id, cod, disciplina, ch, id_area) values (199, 'CET606', 'gestão de sistemas de informação', 60.0, 30);
insert into disciplina (id, cod, disciplina, ch, id_area) values (200, 'CET847', 'gestão de projetos', 60.0, 30);
insert into disciplina (id, cod, disciplina, ch, id_area) values (201, 'CET849', 'pesquisa operacional ii', 60.0, 30);
insert into disciplina (id, cod, disciplina, ch, id_area) values (202, 'CET853', 'ergonomia e segurança do trabalho', 45.0, 30);
insert into disciplina (id, cod, disciplina, ch, id_area) values (203, 'CET604', 'logística', 60.0, 30);
insert into disciplina (id, cod, disciplina, ch, id_area) values (204, 'CET852', 'modelagem probabilísticas e simulação', 60.0, 30);
insert into disciplina (id, cod, disciplina, ch, id_area) values (205, 'CET880', 'planejamento e controle da produção i', 90.0, 30);
insert into disciplina (id, cod, disciplina, ch, id_area) values (206, 'CET600', 'manufatura auxiliada por computadores', 60.0, 30);
insert into disciplina (id, cod, disciplina, ch, id_area) values (207, 'CET856', 'engenharia da qualidade', 60.0, 30);
insert into disciplina (id, cod, disciplina, ch, id_area) values (208, 'CET881', 'estratégia competitiva', 60.0, 30);
insert into disciplina (id, cod, disciplina, ch, id_area) values (209, 'CET882', 'sistemas de gestão e normalização', 45.0, 30);
insert into disciplina (id, cod, disciplina, ch, id_area) values (210, 'CET883', 'planejamento e controle da produção ii', 60.0, 30);
insert into disciplina (id, cod, disciplina, ch, id_area) values (211, 'CET869', 'projeto do produto', 60.0, 30);
insert into disciplina (id, cod, disciplina, ch, id_area) values (212, 'CET884', 'engenharia de sustentabilidade', 45.0, 30);
insert into disciplina (id, cod, disciplina, ch, id_area) values (213, 'CET885', 'gestão da cadeia de suprimentos', 60.0, 30);
insert into disciplina (id, cod, disciplina, ch, id_area) values (214, 'CET889', 'gestão do conhecimento e inovação', 60.0, 30);
insert into disciplina (id, cod, disciplina, ch, id_area) values (215, 'CET886', 'planejamento e controle da produção iii', 60.0, 30);
insert into disciplina (id, cod, disciplina, ch, id_area) values (216, 'CET887', 'sistemas de produção agroindustriais', 60.0, 30);
insert into disciplina (id, cod, disciplina, ch, id_area) values (217, 'CET860', 'projetos industriais', 90.0, 30);
insert into disciplina (id, cod, disciplina, ch, id_area) values (218, 'CET888', 'gestão de operações em serviço', 60.0, 30);
insert into disciplina (id, cod, disciplina, ch, id_area) values (219, 'CET862', 'trabalho de conclusão de curso i', 45.0, 30);
insert into disciplina (id, cod, disciplina, ch, id_area) values (220, 'CET863', 'trabalho de conclusão de curso ii', 45.0, 30);
insert into disciplina (id, cod, disciplina, ch, id_area) values (221, 'CET864', 'estágio obrigatório', 60.0, 30);
insert into disciplina (id, cod, disciplina, ch, id_area) values (222, 'CET857', 'processamento de materiais cerâmicos', 60.0, 30);
insert into disciplina (id, cod, disciplina, ch, id_area) values (223, 'CET859', 'teoria das organizações', 30.0, 30);
insert into disciplina (id, cod, disciplina, ch, id_area) values (224, 'CET877', 'gestão de armazenagem', 45.0, 30);
insert into disciplina (id, cod, disciplina, ch, id_area) values (225, 'CET878', 'manufatura enxuta', 45.0, 30);
insert into disciplina (id, cod, disciplina, ch, id_area) values (226, 'CET891', 'logística reversa', 45.0, 30);
insert into disciplina (id, cod, disciplina, ch, id_area) values (227, 'CET597', 'engenharia de sistemas', 45.0, 30);
insert into disciplina (id, cod, disciplina, ch, id_area) values (228, 'CET808', 'introdução à engenharia elétrica', 45.0, 28);
insert into disciplina (id, cod, disciplina, ch, id_area) values (229, 'CET934', 'trabalho de conclusão de curso i', 45.0, 28);
insert into disciplina (id, cod, disciplina, ch, id_area) values (230, 'CET1215', 'trabalho de conclusão de curso ii', 30.0, 28);
insert into disciplina (id, cod, disciplina, ch, id_area) values (231, 'CET1333', 'desenho técnico i', 60.0, 27);
insert into disciplina (id, cod, disciplina, ch, id_area) values (232, 'CET1218', 'fenômenos de transporte i', 60.0, 31);
insert into disciplina (id, cod, disciplina, ch, id_area) values (233, 'CET1187', 'circuitos elétricos i', 75.0, 28);
insert into disciplina (id, cod, disciplina, ch, id_area) values (234, 'CET1188', 'laboratório de circuitos elétricos i', 30.0, 28);
insert into disciplina (id, cod, disciplina, ch, id_area) values (235, 'CET1183', 'química geral i', 60.0, 35);
insert into disciplina (id, cod, disciplina, ch, id_area) values (236, 'CET1184', 'química geral ii', 60.0, 35);
insert into disciplina (id, cod, disciplina, ch, id_area) values (237, 'CET1185', 'química experimental', 30.0, 35);
insert into disciplina (id, cod, disciplina, ch, id_area) values (238, 'CET894', 'materiais elétricos e magnéticos', 60.0, 28);
insert into disciplina (id, cod, disciplina, ch, id_area) values (239, 'CET1193', 'circuitos elétricos ii', 105.0, 28);
insert into disciplina (id, cod, disciplina, ch, id_area) values (240, 'CET1224', 'sistemas de controle i', 90.0, 28);
insert into disciplina (id, cod, disciplina, ch, id_area) values (241, 'CET1229', 'sistemas de controle ii', 75.0, 28);
insert into disciplina (id, cod, disciplina, ch, id_area) values (242, 'CET1191', 'conversão de energia', 105.0, 28);
insert into disciplina (id, cod, disciplina, ch, id_area) values (243, 'CET1216', 'eletromagnetismo', 105.0, 28);
insert into disciplina (id, cod, disciplina, ch, id_area) values (244, 'CET1189', 'eletrônica analógica i', 105.0, 28);
insert into disciplina (id, cod, disciplina, ch, id_area) values (245, 'CET1196', 'eletrônica analógica ii', 90.0, 28);
insert into disciplina (id, cod, disciplina, ch, id_area) values (246, 'CET1219', 'eletrônica digital', 90.0, 28);
insert into disciplina (id, cod, disciplina, ch, id_area) values (247, 'CET1223', 'sistemas embarcados e periféricos', 90.0, 28);
insert into disciplina (id, cod, disciplina, ch, id_area) values (248, 'CET1222', 'instrumentação industrial', 90.0, 28);
insert into disciplina (id, cod, disciplina, ch, id_area) values (249, 'CET1190', 'análise de sinais e sistemas', 75.0, 28);
insert into disciplina (id, cod, disciplina, ch, id_area) values (250, 'CET1217', 'eletrônica de potência', 90.0, 28);
insert into disciplina (id, cod, disciplina, ch, id_area) values (251, 'CET1230', 'acionamentos elétricos', 90.0, 28);
insert into disciplina (id, cod, disciplina, ch, id_area) values (252, 'CET918', 'máquinas elétricas', 90.0, 28);
insert into disciplina (id, cod, disciplina, ch, id_area) values (253, 'CET1225', 'máquinas síncronas', 90.0, 28);
insert into disciplina (id, cod, disciplina, ch, id_area) values (254, 'CET1195', 'laboratório de instalações elétricas prediais', 30.0, 28);
insert into disciplina (id, cod, disciplina, ch, id_area) values (255, 'CET1194', 'instalações elétricas prediais', 60.0, 28);
insert into disciplina (id, cod, disciplina, ch, id_area) values (256, 'CET1227', 'instalações elétricas industriais', 90.0, 28);
insert into disciplina (id, cod, disciplina, ch, id_area) values (257, 'CET1228', 'automação industrial', 105.0, 28);
insert into disciplina (id, cod, disciplina, ch, id_area) values (258, 'CET1298', 'transmissão de energia elétrica', 105.0, 28);
insert into disciplina (id, cod, disciplina, ch, id_area) values (259, 'CET1226', 'análise de sistemas elétricos de potência', 105.0, 28);
insert into disciplina (id, cod, disciplina, ch, id_area) values (260, 'CET1232', 'qualidade de energia elétrica', 90.0, 28);
insert into disciplina (id, cod, disciplina, ch, id_area) values (261, 'CET1231', 'proteção de sistemas elétricos de potência', 90.0, 28);
insert into disciplina (id, cod, disciplina, ch, id_area) values (262, 'CET1330', 'sistemas de geração de energia elétrica', 90.0, 28);
insert into disciplina (id, cod, disciplina, ch, id_area) values (263, 'CET1299', 'distribuição de energia elétrica', 90.0, 28);
insert into disciplina (id, cod, disciplina, ch, id_area) values (264, 'CET1186', 'projeto interdisciplinar', 30.0, 28);
insert into disciplina (id, cod, disciplina, ch, id_area) values (265, 'CET1198', 'fontes chaveadas', 45.0, 28);
insert into disciplina (id, cod, disciplina, ch, id_area) values (266, 'CET1199', 'conversores cc – ca', 45.0, 28);
insert into disciplina (id, cod, disciplina, ch, id_area) values (267, 'CET1202', 'fontes alternativas de energia elétrica', 45.0, 28);
insert into disciplina (id, cod, disciplina, ch, id_area) values (268, 'CET1203', 'projeto e instalação de sistemas fotovoltaicos', 45.0, 28);
insert into disciplina (id, cod, disciplina, ch, id_area) values (269, 'CET1334', 'tópicos especiais i', 45.0, 28);
insert into disciplina (id, cod, disciplina, ch, id_area) values (270, 'CET1335', 'tópicos especiais ii', 45.0, 28);
insert into disciplina (id, cod, disciplina, ch, id_area) values (271, 'CET1336', 'tópicos especiais iii', 45.0, 28);
insert into disciplina (id, cod, disciplina, ch, id_area) values (272, 'CET1337', 'tópicos especiais iv', 45.0, 28);
insert into disciplina (id, cod, disciplina, ch, id_area) values (273, 'CET1338', 'tópicos especiais v', 45.0, 28);
insert into disciplina (id, cod, disciplina, ch, id_area) values (274, 'CET1339', 'tópicos especiais vi', 45.0, 28);
insert into disciplina (id, cod, disciplina, ch, id_area) values (275, 'CET1340', 'tópicos especiais vii', 45.0, 28);
insert into disciplina (id, cod, disciplina, ch, id_area) values (276, 'CET1341', 'tópicos especiais viii', 45.0, 28);
insert into disciplina (id, cod, disciplina, ch, id_area) values (277, 'CET1342', 'tópicos especiais ix', 45.0, 28);
insert into disciplina (id, cod, disciplina, ch, id_area) values (278, 'CET1343', 'tópicos especiais x', 45.0, 28);
insert into disciplina (id, cod, disciplina, ch, id_area) values (279, 'CET1210', 'eficiência energética', 45.0, 28);
insert into disciplina (id, cod, disciplina, ch, id_area) values (280, 'CET1211', 'aterramentos elétricos', 45.0, 28);
insert into disciplina (id, cod, disciplina, ch, id_area) values (281, 'CET1212', 'segurança em eletricidade – nr10', 45.0, 28);
insert into disciplina (id, cod, disciplina, ch, id_area) values (282, 'CET1332', 'energia sociedade e meio-ambiente', 45.0, 28);
insert into disciplina (id, cod, disciplina, ch, id_area) values (283, 'CET1204', 'processamento digital de sinais', 45.0, 28);
insert into disciplina (id, cod, disciplina, ch, id_area) values (284, 'CET1205', 'sistemas em tempo real', 45.0, 28);
insert into disciplina (id, cod, disciplina, ch, id_area) values (285, 'CET1206', 'projeto de sistemas de automoção', 45.0, 28);
insert into disciplina (id, cod, disciplina, ch, id_area) values (286, 'CET1207 ', 'redes industriais', 45.0, 28);
insert into disciplina (id, cod, disciplina, ch, id_area) values (287, 'CET1208', 'sistemas supervisórios', 45.0, 28);
insert into disciplina (id, cod, disciplina, ch, id_area) values (288, 'CET1209', 'robótica', 45.0, 28);
insert into disciplina (id, cod, disciplina, ch, id_area) values (289, 'CET1213', 'iintrodução á modelagem e identificação de sistemas', 45.0, 28);
insert into disciplina (id, cod, disciplina, ch, id_area) values (290, 'CET1214', 'introdução aos sistemas dinâmicos não lineares', 45.0, 28);
insert into disciplina (id, cod, disciplina, ch, id_area) values (291, 'CET935 ', 'estágio supervisionado', 180.0, 28);
insert into disciplina (id, cod, disciplina, ch, id_area) values (292, 'CET786', 'desenho técnico i', 60.0, 27);
insert into disciplina (id, cod, disciplina, ch, id_area) values (293, 'CET787', 'introdução à engenharia química', 30.0, 31);
insert into disciplina (id, cod, disciplina, ch, id_area) values (294, 'CET941', 'físico quimica i', 60.0, 35);
insert into disciplina (id, cod, disciplina, ch, id_area) values (295, 'CET982', 'química inorgânica', 90.0, 35);
insert into disciplina (id, cod, disciplina, ch, id_area) values (296, 'CET984', 'físico quimica ii', 60.0, 35);
insert into disciplina (id, cod, disciplina, ch, id_area) values (297, 'CET986', 'química orgânica i', 60.0, 35);
insert into disciplina (id, cod, disciplina, ch, id_area) values (298, 'CET985', 'quimica analítica qualitativa', 60.0, 35);
insert into disciplina (id, cod, disciplina, ch, id_area) values (299, 'CET987', 'quimica analitica quantitativa', 60.0, 35);
insert into disciplina (id, cod, disciplina, ch, id_area) values (300, 'CET988', 'quimica orgânica ii', 60.0, 35);
insert into disciplina (id, cod, disciplina, ch, id_area) values (301, 'CET989', 'termodinâmica quimica i', 60.0, 31);
insert into disciplina (id, cod, disciplina, ch, id_area) values (302, 'CET991', 'seleção e caracterização de materiais', 60.0, 31);
insert into disciplina (id, cod, disciplina, ch, id_area) values (303, 'CET990', 'instrumentação e controle de qualidade', 60.0, 31);
insert into disciplina (id, cod, disciplina, ch, id_area) values (304, 'CET995', 'termodinâmica química ii', 60.0, 31);
insert into disciplina (id, cod, disciplina, ch, id_area) values (305, 'CET994', 'fenômenos de transporte ii', 60.0, 31);
insert into disciplina (id, cod, disciplina, ch, id_area) values (306, 'CET996', 'engenharia bioquímica', 60.0, 31);
insert into disciplina (id, cod, disciplina, ch, id_area) values (307, 'CET992', 'eletroquímica', 60.0, 31);
insert into disciplina (id, cod, disciplina, ch, id_area) values (308, 'CET997', 'águas industriais e de consumo', 60.0, 31);
insert into disciplina (id, cod, disciplina, ch, id_area) values (309, 'CET588', 'processos químicos de fabricação', 60.0, 31);
insert into disciplina (id, cod, disciplina, ch, id_area) values (310, 'CET993', 'análise instrumental', 60.0, 28);
insert into disciplina (id, cod, disciplina, ch, id_area) values (311, 'CET998', 'operações unitárias i', 60.0, 31);
insert into disciplina (id, cod, disciplina, ch, id_area) values (312, 'CET999', 'introdução a controle de processos', 60.0, 31);
insert into disciplina (id, cod, disciplina, ch, id_area) values (313, 'CET1001', 'engenharia de bioprocessos', 60.0, 31);
insert into disciplina (id, cod, disciplina, ch, id_area) values (314, 'CET1002', 'tratamento de efluentes i', 60.0, 31);
insert into disciplina (id, cod, disciplina, ch, id_area) values (315, 'CET1003', 'cinética química', 60.0, 31);
insert into disciplina (id, cod, disciplina, ch, id_area) values (316, 'CET1000', 'fenômenos de transporte iii', 60.0, 31);
insert into disciplina (id, cod, disciplina, ch, id_area) values (317, 'CET1004', 'aplicações industriais de calor', 60.0, 31);
insert into disciplina (id, cod, disciplina, ch, id_area) values (318, 'CET1005', 'operações unitárias ii', 60.0, 31);
insert into disciplina (id, cod, disciplina, ch, id_area) values (319, 'CET1006', 'controle de processos aplicado', 60.0, 31);
insert into disciplina (id, cod, disciplina, ch, id_area) values (320, 'CET1007', 'tratamento de efluentes ii', 60.0, 31);
insert into disciplina (id, cod, disciplina, ch, id_area) values (321, 'CET1008', 'calculo de reatores', 60.0, 31);
insert into disciplina (id, cod, disciplina, ch, id_area) values (322, 'CET1009', 'sistemas de gestão da produção na ind. química', 60.0, 31);
insert into disciplina (id, cod, disciplina, ch, id_area) values (323, 'CET1011', 'engenharia auxiliada por computador (cae)', 60.0, 31);
insert into disciplina (id, cod, disciplina, ch, id_area) values (324, 'CET1012', 'modelagem, simulação e otimização de processos químico', 60.0, 31);
insert into disciplina (id, cod, disciplina, ch, id_area) values (325, 'CET1013', 'planejamento e projeto integrado na ind. química', 60.0, 31);
insert into disciplina (id, cod, disciplina, ch, id_area) values (326, 'CET1014', 'petroquímica e química de fontes renováveis de energia', 60.0, 31);
insert into disciplina (id, cod, disciplina, ch, id_area) values (327, 'CET1015', 'ergonomia, higiene e engenharia de segurança', 60.0, 30);
insert into disciplina (id, cod, disciplina, ch, id_area) values (328, 'CET1016', 'trabalho de conclusão de curso i', 45.0, 31);
insert into disciplina (id, cod, disciplina, ch, id_area) values (329, 'CET1017', 'trabalho de conclusão de curso ii', 45.0, 31);
insert into disciplina (id, cod, disciplina, ch, id_area) values (330, 'CET056', 'materiais poliméricos', 45.0, 31);
insert into disciplina (id, cod, disciplina, ch, id_area) values (331, 'CET1019', 'modelagem matemática e simulação de processos químicos', 45.0, 31);
insert into disciplina (id, cod, disciplina, ch, id_area) values (332, 'CET1020', 'controle de qualidade com otimização online de processos', 45.0, 31);
insert into disciplina (id, cod, disciplina, ch, id_area) values (333, 'CET1021', 'projeto integrado adaptativo', 45.0, 31);
insert into disciplina (id, cod, disciplina, ch, id_area) values (334, 'CET1141', 'análise multicritério de processos e sistemas', 45.0, 31);
insert into disciplina (id, cod, disciplina, ch, id_area) values (335, 'CET871', 'processamento de alimentos e fermentações industriais', 45.0, 31);
insert into disciplina (id, cod, disciplina, ch, id_area) values (336, 'CET872', 'tecnologia de alimentos i', 45.0, 31);
insert into disciplina (id, cod, disciplina, ch, id_area) values (337, 'CET873', 'tecnologia de alimentos ii', 45.0, 31);
insert into disciplina (id, cod, disciplina, ch, id_area) values (338, 'CET1142', 'gestão do conhecimento e inovação', 45.0, 30);
insert into disciplina (id, cod, disciplina, ch, id_area) values (339, 'CET 158', 'geometria analítica', 60.0, 34);
insert into disciplina (id, cod, disciplina, ch, id_area) values (340, 'CET 160', 'cálculo diferencial e integral i', 90.0, 34);
insert into disciplina (id, cod, disciplina, ch, id_area) values (341, 'CET163', 'álgebra linear i', 60.0, 34);
insert into disciplina (id, cod, disciplina, ch, id_area) values (342, 'CET164 ', 'física i', 75.0, 33);
insert into disciplina (id, cod, disciplina, ch, id_area) values (343, 'CET165', 'laboratório de física i', 60.0, 33);
insert into disciplina (id, cod, disciplina, ch, id_area) values (344, 'CET166', 'laboratório de computação i', 75.0, 26);
insert into disciplina (id, cod, disciplina, ch, id_area) values (345, 'CET169', 'laboratório de computação ii', 75.0, 26);
insert into disciplina (id, cod, disciplina, ch, id_area) values (346, 'CET170', 'evolução das idéias da física', 60.0, 33);
insert into disciplina (id, cod, disciplina, ch, id_area) values (347, 'CET172', 'laboratório de física ii', 60.0, 33);
insert into disciplina (id, cod, disciplina, ch, id_area) values (348, 'CET175', 'mecânica clássica', 90.0, 33);
insert into disciplina (id, cod, disciplina, ch, id_area) values (349, 'CET177', 'laboratório de física iii', 60.0, 33);
insert into disciplina (id, cod, disciplina, ch, id_area) values (350, 'CET179', 'termodinâmica', 75.0, 33);
insert into disciplina (id, cod, disciplina, ch, id_area) values (351, 'CET180', 'eletromagnetismo', 75.0, 33);
insert into disciplina (id, cod, disciplina, ch, id_area) values (352, 'CET182', 'laboratório de física iv', 60.0, 33);
insert into disciplina (id, cod, disciplina, ch, id_area) values (353, 'CET183', 'tópicos de física matemática', 75.0, 34);
insert into disciplina (id, cod, disciplina, ch, id_area) values (354, 'CET184', 'eletromagnetismo ii', 75.0, 33);
insert into disciplina (id, cod, disciplina, ch, id_area) values (355, 'CET185', 'mecânica analítica', 90.0, 33);
insert into disciplina (id, cod, disciplina, ch, id_area) values (356, 'CET186', 'física moderna', 75.0, 33);
insert into disciplina (id, cod, disciplina, ch, id_area) values (357, 'CET187', 'laboratório de física moderna', 75.0, 33);
insert into disciplina (id, cod, disciplina, ch, id_area) values (358, 'CET188', 'estrutura da matéria', 60.0, 33);
insert into disciplina (id, cod, disciplina, ch, id_area) values (359, 'CET189', 'mecânica estatística', 75.0, 33);
insert into disciplina (id, cod, disciplina, ch, id_area) values (360, 'CET194 ', 'mecânica quântica i', 90.0, 33);
insert into disciplina (id, cod, disciplina, ch, id_area) values (361, 'CET195', 'trabalho de conclusão de curso i', 90.0, 33);
insert into disciplina (id, cod, disciplina, ch, id_area) values (362, 'CET196', 'física e sociedade', 60.0, 33);
insert into disciplina (id, cod, disciplina, ch, id_area) values (363, 'CET197', 'física computacional', 90.0, 33);
insert into disciplina (id, cod, disciplina, ch, id_area) values (364, 'CET198', 'trabalho de conclusão de curso ii', 60.0, 33);
insert into disciplina (id, cod, disciplina, ch, id_area) values (365, 'CET567', 'química geral', 75.0, 35);
insert into disciplina (id, cod, disciplina, ch, id_area) values (366, 'CET643', 'introdução à física', 60.0, 33);
insert into disciplina (id, cod, disciplina, ch, id_area) values (367, 'CET150', 'tratamento de água', 60.0, 23);
insert into disciplina (id, cod, disciplina, ch, id_area) values (368, 'CET262', 'introdução à astronomia e astrofísica', 60.0, 33);
insert into disciplina (id, cod, disciplina, ch, id_area) values (369, 'CET710', 'cálculo de formas e aplicações à física', 60.0, 33);
insert into disciplina (id, cod, disciplina, ch, id_area) values (370, 'CET199', 'instrumentação para o ensino de física', 60.0, 33);
insert into disciplina (id, cod, disciplina, ch, id_area) values (371, 'CET257', 'tópicos de mecânica clássica', 60.0, 33);
insert into disciplina (id, cod, disciplina, ch, id_area) values (372, 'CET258', 'introdução à física dos plasmas', 60.0, 33);
insert into disciplina (id, cod, disciplina, ch, id_area) values (373, 'CET260', 'óptica física', 60.0, 33);
insert into disciplina (id, cod, disciplina, ch, id_area) values (374, 'CET263', 'introdução à teoria dos campos', 60.0, 33);
insert into disciplina (id, cod, disciplina, ch, id_area) values (375, 'CET265', 'introdução à física médica', 60.0, 33);
insert into disciplina (id, cod, disciplina, ch, id_area) values (376, 'CET269', 'processos investigativos e emancipativos no ensino', 60.0, 33);
insert into disciplina (id, cod, disciplina, ch, id_area) values (377, 'CET270', 'física dos oceanos i', 60.0, 23);
insert into disciplina (id, cod, disciplina, ch, id_area) values (378, 'CET271', 'física dos oceanos ii', 60.0, 23);
insert into disciplina (id, cod, disciplina, ch, id_area) values (379, 'CET272', 'oceanografia física, costeira e estuarina', 60.0, 23);
insert into disciplina (id, cod, disciplina, ch, id_area) values (380, 'CET273', 'dinâmica de sistemas marinhos', 60.0, 23);
insert into disciplina (id, cod, disciplina, ch, id_area) values (381, 'CET274', 'mecânica dos meios contínuos', 60.0, 33);
insert into disciplina (id, cod, disciplina, ch, id_area) values (382, 'CET703', 'física matemática i', 60.0, 33);
insert into disciplina (id, cod, disciplina, ch, id_area) values (383, 'CET705', 'gravitação e cosmologia', 60.0, 33);
insert into disciplina (id, cod, disciplina, ch, id_area) values (384, 'CET707', 'mecânica clássica avançada', 60.0, 33);
insert into disciplina (id, cod, disciplina, ch, id_area) values (385, 'CET713', 'introdução à física molecular', 60.0, 33);
insert into disciplina (id, cod, disciplina, ch, id_area) values (386, 'CET259', 'espectroscopia atômica', 60.0, 33);
insert into disciplina (id, cod, disciplina, ch, id_area) values (387, 'CET261', 'mecânica quantica ii', 60.0, 33);
insert into disciplina (id, cod, disciplina, ch, id_area) values (388, 'CET264', 'teoria quântica de campos', 60.0, 33);
insert into disciplina (id, cod, disciplina, ch, id_area) values (389, 'CET266', 'produção de material didático', 60.0, 33);
insert into disciplina (id, cod, disciplina, ch, id_area) values (390, 'CET268', 'investigação no ensino de ciências', 60.0, 33);
insert into disciplina (id, cod, disciplina, ch, id_area) values (391, 'CET275', 'computação quântica', 60.0, 33);
insert into disciplina (id, cod, disciplina, ch, id_area) values (392, 'CET393', 'astrofísica estelar', 60.0, 33);
insert into disciplina (id, cod, disciplina, ch, id_area) values (393, 'CET394', 'astrofísica galáctica e extragaláctica', 60.0, 33);
insert into disciplina (id, cod, disciplina, ch, id_area) values (394, 'CET704', 'física nuclear', 60.0, 33);
insert into disciplina (id, cod, disciplina, ch, id_area) values (395, 'CET706', 'introdução à física das partículas e campos', 60.0, 33);
insert into disciplina (id, cod, disciplina, ch, id_area) values (396, 'CET708', 'mecânica estatística i', 60.0, 33);
insert into disciplina (id, cod, disciplina, ch, id_area) values (397, 'CET709', 'mecânica quântica iii', 60.0, 33);
insert into disciplina (id, cod, disciplina, ch, id_area) values (398, 'CET712', 'teoria de grupos aplicada à física', 60.0, 33);
insert into disciplina (id, cod, disciplina, ch, id_area) values (399, 'CET158', 'geometria analítica', 60.0, 34);
insert into disciplina (id, cod, disciplina, ch, id_area) values (400, 'CET267', 'pesquisa em ensino de física i', 60.0, 33);
insert into disciplina (id, cod, disciplina, ch, id_area) values (401, 'CET276', 'metodologia para ensino de física', 60.0, 33);
insert into disciplina (id, cod, disciplina, ch, id_area) values (402, 'CET277', 'elementos de mecânica clássica', 90.0, 33);
insert into disciplina (id, cod, disciplina, ch, id_area) values (403, 'CET278', 'estágio supervisionado em física i', 90.0, 33);
insert into disciplina (id, cod, disciplina, ch, id_area) values (404, 'CET279', 'estágio supervisionado em física ii', 90.0, 33);
insert into disciplina (id, cod, disciplina, ch, id_area) values (405, 'CET280', 'introdução ao eletromagnetismo', 75.0, 33);
insert into disciplina (id, cod, disciplina, ch, id_area) values (406, 'CET281', 'estágio supervisionado em física iii', 90.0, 33);
insert into disciplina (id, cod, disciplina, ch, id_area) values (407, 'CET282 ', 'novas tecnologias para o ensino de física', 60.0, 33);
insert into disciplina (id, cod, disciplina, ch, id_area) values (408, 'CET283', 'estágio supervisionado em física iv', 135.0, 33);
insert into disciplina (id, cod, disciplina, ch, id_area) values (409, 'CET284 ', 'pesquisa em ensino de física ii', 60.0, 33);
insert into disciplina (id, cod, disciplina, ch, id_area) values (410, 'CET194', 'mecânica quântica i', 90.0, 33);
insert into disciplina (id, cod, disciplina, ch, id_area) values (411, 'CET1104', 'introdução ao cálculo', 90.0, 34);
insert into disciplina (id, cod, disciplina, ch, id_area) values (412, 'CET1105', 'fundamentos de matemática i', 90.0, 34);
insert into disciplina (id, cod, disciplina, ch, id_area) values (413, 'CET1106', 'matemática experimental', 90.0, 34);
insert into disciplina (id, cod, disciplina, ch, id_area) values (414, 'CET1107', 'comunicação em matemática i', 90.0, 34);
insert into disciplina (id, cod, disciplina, ch, id_area) values (415, 'CET1108', 'fundamentos de matemática ii', 90.0, 34);
insert into disciplina (id, cod, disciplina, ch, id_area) values (416, 'CET1109', 'física experimental', 60.0, 33);
insert into disciplina (id, cod, disciplina, ch, id_area) values (417, 'CET1110', 'análse combinatória', 75.0, 34);
insert into disciplina (id, cod, disciplina, ch, id_area) values (418, 'CET1111', 'geometria analítica', 90.0, 34);
insert into disciplina (id, cod, disciplina, ch, id_area) values (419, 'CET1112', 'estruturas algébricas', 60.0, 34);
insert into disciplina (id, cod, disciplina, ch, id_area) values (420, 'CET1113', 'teoria dos números', 75.0, 34);
insert into disciplina (id, cod, disciplina, ch, id_area) values (421, 'CET635', 'linguagem de programação i', 90.0, 26);
insert into disciplina (id, cod, disciplina, ch, id_area) values (422, 'CET1114', 'análise i', 90.0, 34);
insert into disciplina (id, cod, disciplina, ch, id_area) values (423, 'CET1115', 'álgebra i', 75.0, 34);
insert into disciplina (id, cod, disciplina, ch, id_area) values (424, 'CET1116', 'álgebra linear i', 75.0, 34);
insert into disciplina (id, cod, disciplina, ch, id_area) values (425, 'CET1117', 'análise ii', 90.0, 34);
insert into disciplina (id, cod, disciplina, ch, id_area) values (426, 'CET1118', 'álgebra ii', 75.0, 34);
insert into disciplina (id, cod, disciplina, ch, id_area) values (427, 'CET1119', 'álgebra linear ii', 75.0, 34);
insert into disciplina (id, cod, disciplina, ch, id_area) values (428, 'CET641', 'linguagem de programação ii', 90.0, 26);
insert into disciplina (id, cod, disciplina, ch, id_area) values (429, 'CET1120', 'análise iii', 90.0, 34);
insert into disciplina (id, cod, disciplina, ch, id_area) values (430, 'CET1121', 'cálculo numérico i', 90.0, 34);
insert into disciplina (id, cod, disciplina, ch, id_area) values (431, 'CET1122', 'teoria das probabilidades', 60.0, 32);
insert into disciplina (id, cod, disciplina, ch, id_area) values (432, 'CET1123', 'equações diferencias ordinárias', 90.0, 34);
insert into disciplina (id, cod, disciplina, ch, id_area) values (433, 'CET1124', 'análise complexa i', 90.0, 34);
insert into disciplina (id, cod, disciplina, ch, id_area) values (434, 'CET1125', 'geometria diferencial i', 90.0, 34);
insert into disciplina (id, cod, disciplina, ch, id_area) values (435, 'CET1126', 'inferência estatística', 60.0, 32);
insert into disciplina (id, cod, disciplina, ch, id_area) values (436, 'CET1127', 'topologia geral i', 90.0, 34);
insert into disciplina (id, cod, disciplina, ch, id_area) values (437, 'CET1128', 'trabalho de conclusão de curso i', 60.0, 34);
insert into disciplina (id, cod, disciplina, ch, id_area) values (438, 'CET1129', 'comunicação em matemática ii', 75.0, 34);
insert into disciplina (id, cod, disciplina, ch, id_area) values (439, 'CET1130', 'equações diferenciais parciais i', 90.0, 34);
insert into disciplina (id, cod, disciplina, ch, id_area) values (440, 'CET1131', 'curvas algébricas', 90.0, 34);
insert into disciplina (id, cod, disciplina, ch, id_area) values (441, 'CET1132', 'trabalho de conclusão de curso ii', 60.0, 34);
insert into disciplina (id, cod, disciplina, ch, id_area) values (442, 'CET041', 'programação de computadores', 75.0, 26);
insert into disciplina (id, cod, disciplina, ch, id_area) values (443, 'CET159', 'introdução ao cálculo', 75.0, 34);
insert into disciplina (id, cod, disciplina, ch, id_area) values (444, 'CET285', 'geometria euclidiana plana', 60.0, 34);
insert into disciplina (id, cod, disciplina, ch, id_area) values (445, 'CET286', 'introdução à teoria dos números', 60.0, 34);
insert into disciplina (id, cod, disciplina, ch, id_area) values (446, 'CET287', 'lógica', 45.0, 34);
insert into disciplina (id, cod, disciplina, ch, id_area) values (447, 'CET157', 'álgebra i', 60.0, 34);
insert into disciplina (id, cod, disciplina, ch, id_area) values (448, 'CET161', 'informática aplicada ao cálculo', 60.0, 34);
insert into disciplina (id, cod, disciplina, ch, id_area) values (449, 'CET288', 'álgebra ii', 60.0, 34);
insert into disciplina (id, cod, disciplina, ch, id_area) values (450, 'CET289', 'filosofia da matemática', 60.0, 34);
insert into disciplina (id, cod, disciplina, ch, id_area) values (451, 'CET290', 'álgebra linear ii', 60.0, 34);
insert into disciplina (id, cod, disciplina, ch, id_area) values (452, 'CET291', 'geometria descritiva', 60.0, 34);
insert into disciplina (id, cod, disciplina, ch, id_area) values (453, 'CET292', 'história da matemática', 60.0, 34);
insert into disciplina (id, cod, disciplina, ch, id_area) values (454, 'CET293', 'análise matemática i', 90.0, 34);
insert into disciplina (id, cod, disciplina, ch, id_area) values (455, 'CET294', 'estatística aplicada à educação', 60.0, 32);
insert into disciplina (id, cod, disciplina, ch, id_area) values (456, 'CET295', 'contextos educacionais em educação matemática', 60.0, 34);
insert into disciplina (id, cod, disciplina, ch, id_area) values (457, 'CET296', 'didática da matemática', 60.0, 34);
insert into disciplina (id, cod, disciplina, ch, id_area) values (458, 'CET297', 'funções de uma variável complexa', 60.0, 34);
insert into disciplina (id, cod, disciplina, ch, id_area) values (459, 'CET298', 'cálculo numérico', 60.0, 34);
insert into disciplina (id, cod, disciplina, ch, id_area) values (460, 'CET334', 'desenho geométrico', 60.0, 34);
insert into disciplina (id, cod, disciplina, ch, id_area) values (461, 'CET333', 'metodologia do ensino da matemática', 60.0, 34);
insert into disciplina (id, cod, disciplina, ch, id_area) values (462, 'CET299', 'estágio supervisionado em matemática i', 90.0, 34);
insert into disciplina (id, cod, disciplina, ch, id_area) values (463, 'CET335', 'estágio supervisionado em matemática ii', 90.0, 34);
insert into disciplina (id, cod, disciplina, ch, id_area) values (464, 'CET336', 'pesquisa em ensino de matemática i', 60.0, 34);
insert into disciplina (id, cod, disciplina, ch, id_area) values (465, 'CET338', 'estágio supervisionado em matemática iii', 90.0, 34);
insert into disciplina (id, cod, disciplina, ch, id_area) values (466, 'CET337', 'pesquisa em ensino de matemática ii', 60.0, 34);
insert into disciplina (id, cod, disciplina, ch, id_area) values (467, 'CET339', 'estágio supervisionado em matemática iv', 135.0, 34);
insert into disciplina (id, cod, disciplina, ch, id_area) values (468, 'CET659', 'cálculo i', 90.0, 34);
insert into disciplina (id, cod, disciplina, ch, id_area) values (469, 'CET660', 'cálculo ii', 90.0, 34);
insert into disciplina (id, cod, disciplina, ch, id_area) values (470, 'CET664', 'cálculo iii', 60.0, 34);
insert into disciplina (id, cod, disciplina, ch, id_area) values (471, 'CET665', 'estatistica', 60.0, 32);
insert into disciplina (id, cod, disciplina, ch, id_area) values (472, 'CET661', 'física i', 75.0, 33);
insert into disciplina (id, cod, disciplina, ch, id_area) values (473, 'CET666', 'física ii', 75.0, 33);
insert into disciplina (id, cod, disciplina, ch, id_area) values (474, 'CET669', 'fisica iii', 60.0, 33);
insert into disciplina (id, cod, disciplina, ch, id_area) values (475, 'CET034', 'instrumentação e  segurança  de laboratório', 60.0, 35);
insert into disciplina (id, cod, disciplina, ch, id_area) values (476, 'CET698', 'química geral i', 75.0, 35);
insert into disciplina (id, cod, disciplina, ch, id_area) values (477, 'CET023', 'quimica geral ii', 90.0, 35);
insert into disciplina (id, cod, disciplina, ch, id_area) values (478, 'CET663', 'quimica orgânica i', 60.0, 35);
insert into disciplina (id, cod, disciplina, ch, id_area) values (479, 'CET668', 'quimica orgânica ii', 90.0, 35);
insert into disciplina (id, cod, disciplina, ch, id_area) values (480, 'CET672', 'quimica orgânica iii', 90.0, 35);
insert into disciplina (id, cod, disciplina, ch, id_area) values (481, 'CET676', 'técnicas de análise orgânica', 60.0, 35);
insert into disciplina (id, cod, disciplina, ch, id_area) values (482, 'CET662', 'química inorgânica fundamental', 90.0, 35);
insert into disciplina (id, cod, disciplina, ch, id_area) values (483, 'CET667', 'química inorgânica descritiva', 120.0, 35);
insert into disciplina (id, cod, disciplina, ch, id_area) values (484, 'CET671', 'química de coordenação', 90.0, 35);
insert into disciplina (id, cod, disciplina, ch, id_area) values (485, 'CET059', 'físico-quimica i', 105.0, 35);
insert into disciplina (id, cod, disciplina, ch, id_area) values (486, 'CET674', 'físico-química ii', 120.0, 35);
insert into disciplina (id, cod, disciplina, ch, id_area) values (487, 'CET142', 'química quântica', 60.0, 35);
insert into disciplina (id, cod, disciplina, ch, id_area) values (488, 'CET670', 'química analítica qualitativa', 90.0, 35);
insert into disciplina (id, cod, disciplina, ch, id_area) values (489, 'CET675', 'quimica analitica quantitativa', 120.0, 35);
insert into disciplina (id, cod, disciplina, ch, id_area) values (490, 'CET680', 'química instrumental', 75.0, 35);
insert into disciplina (id, cod, disciplina, ch, id_area) values (491, 'CET677', 'métodos de separação', 60.0, 35);
insert into disciplina (id, cod, disciplina, ch, id_area) values (492, 'CET673', 'bioquímica industrial', 75.0, 35);
insert into disciplina (id, cod, disciplina, ch, id_area) values (493, 'CET679', 'química industrial', 75.0, 35);
insert into disciplina (id, cod, disciplina, ch, id_area) values (494, 'CET682', 'química de alimentos', 75.0, 35);
insert into disciplina (id, cod, disciplina, ch, id_area) values (495, 'CET134', 'química ambiental', 60.0, 35);
insert into disciplina (id, cod, disciplina, ch, id_area) values (496, 'CET143', 'química verde', 60.0, 35);
insert into disciplina (id, cod, disciplina, ch, id_area) values (497, 'CET678', 'metodologia de pesquisa em química', 60.0, 35);
insert into disciplina (id, cod, disciplina, ch, id_area) values (498, 'CET681', 'projeto de pesquisa em química', 60.0, 35);
insert into disciplina (id, cod, disciplina, ch, id_area) values (499, 'CET683', 'tcc', 60.0, 35);
insert into disciplina (id, cod, disciplina, ch, id_area) values (500, 'CET130', 'história da química', 60.0, 35);
insert into disciplina (id, cod, disciplina, ch, id_area) values (501, 'CET022', 'cálculo diferencial e integral i', 60.0, 34);
insert into disciplina (id, cod, disciplina, ch, id_area) values (502, 'CET036', 'cálculo diferencial e integral ii', 60.0, 34);
insert into disciplina (id, cod, disciplina, ch, id_area) values (503, 'CET032', 'geometria analítica', 60.0, 34);
insert into disciplina (id, cod, disciplina, ch, id_area) values (504, 'CET025', 'estatística aplicada a química', 45.0, 34);
insert into disciplina (id, cod, disciplina, ch, id_area) values (505, 'CET054', 'física i para a química', 75.0, 33);
insert into disciplina (id, cod, disciplina, ch, id_area) values (506, 'CET027', 'física ii para a química', 60.0, 33);
insert into disciplina (id, cod, disciplina, ch, id_area) values (507, 'CET033', 'química geral i', 90.0, 35);
insert into disciplina (id, cod, disciplina, ch, id_area) values (508, 'CET037', 'quimica orgânica i', 105.0, 35);
insert into disciplina (id, cod, disciplina, ch, id_area) values (509, 'CET024', 'química inorgânica fundamental', 105.0, 35);
insert into disciplina (id, cod, disciplina, ch, id_area) values (510, 'CET038', 'química inorgânica descritiva', 105.0, 35);
insert into disciplina (id, cod, disciplina, ch, id_area) values (511, 'CET715', 'físico-química ii', 90.0, 35);
insert into disciplina (id, cod, disciplina, ch, id_area) values (512, 'CET060', 'quimica analitica quantitativa', 105.0, 35);
insert into disciplina (id, cod, disciplina, ch, id_area) values (513, 'CET126', 'estágio supervisionado i', 90.0, 35);
insert into disciplina (id, cod, disciplina, ch, id_area) values (514, 'CET129', 'estágio supervisionado ii', 90.0, 35);
insert into disciplina (id, cod, disciplina, ch, id_area) values (515, 'CET135', 'estágio supervisionado  iii', 135.0, 35);
insert into disciplina (id, cod, disciplina, ch, id_area) values (516, 'CET138', 'estágio supervisionado  iv', 90.0, 35);
insert into disciplina (id, cod, disciplina, ch, id_area) values (517, 'CET035', 'informática aplicada a formação', 45.0, 35);
insert into disciplina (id, cod, disciplina, ch, id_area) values (518, 'CET021', 'o professor e o ensino de química', 30.0, 35);
insert into disciplina (id, cod, disciplina, ch, id_area) values (519, 'CET127', 'metodologia e instrumentação para o ensino de química', 60.0, 35);
insert into disciplina (id, cod, disciplina, ch, id_area) values (520, 'CET714', 'metodologia de pesquisa no ensino de quimica', 60.0, 35);
insert into disciplina (id, cod, disciplina, ch, id_area) values (521, 'CET136', 'pesquisa no ensino de química', 60.0, 35);
insert into disciplina (id, cod, disciplina, ch, id_area) values (522, 'CET 137', 'pesquisa no ensino de química ii', 60.0, 35);
insert into disciplina (id, cod, disciplina, ch, id_area) values (523, 'CET103', 'administração e segurança de redes', 60.0, 26);
insert into disciplina (id, cod, disciplina, ch, id_area) values (524, 'CET074', 'álgebra abstrata', 60.0, 34);
insert into disciplina (id, cod, disciplina, ch, id_area) values (525, 'CET638', 'álgebra e geometria analítica', 90.0, 34);
insert into disciplina (id, cod, disciplina, ch, id_area) values (526, 'CET079', 'análise dos sistemas de informação', 60.0, 26);
insert into disciplina (id, cod, disciplina, ch, id_area) values (527, 'CET086', 'análise numérica', 60.0, 34);
insert into disciplina (id, cod, disciplina, ch, id_area) values (528, 'CET064', 'aquisição de conhecimento', 75.0, 26);
insert into disciplina (id, cod, disciplina, ch, id_area) values (529, 'CET090', 'banco de dados i', 60.0, 26);
insert into disciplina (id, cod, disciplina, ch, id_area) values (530, 'CET091', 'banco de dados ii', 60.0, 26);
insert into disciplina (id, cod, disciplina, ch, id_area) values (531, 'CET104', 'banco de dados orientado a objetos', 60.0, 26);
insert into disciplina (id, cod, disciplina, ch, id_area) values (532, 'CET632', 'cálculo aplicado i', 75.0, 34);
insert into disciplina (id, cod, disciplina, ch, id_area) values (533, 'CET639', 'cálculo aplicado ii', 75.0, 34);
insert into disciplina (id, cod, disciplina, ch, id_area) values (534, 'CET075', 'cálculo aplicado iii', 60.0, 34);
insert into disciplina (id, cod, disciplina, ch, id_area) values (535, 'CET058', 'compiladores', 60.0, 26);
insert into disciplina (id, cod, disciplina, ch, id_area) values (536, 'CET114', 'computação bioinspirada', 60.0, 26);
insert into disciplina (id, cod, disciplina, ch, id_area) values (537, 'CET080', 'computação gráfica', 60.0, 26);
insert into disciplina (id, cod, disciplina, ch, id_area) values (538, 'CET105', 'computação quântica', 60.0, 26);
insert into disciplina (id, cod, disciplina, ch, id_area) values (539, 'CET087', 'conceitos de linguagens de programação', 60.0, 26);
insert into disciplina (id, cod, disciplina, ch, id_area) values (540, 'CET062', 'controle de sistemas – tecnologias e dispositivos', 60.0, 26);
insert into disciplina (id, cod, disciplina, ch, id_area) values (541, 'CET106', 'dinâmica de sistemas', 60.0, 26);
insert into disciplina (id, cod, disciplina, ch, id_area) values (542, 'CET637', 'eletrônica', 60.0, 26);
insert into disciplina (id, cod, disciplina, ch, id_area) values (543, 'CET092', 'empreendedor de informática', 60.0, 26);
insert into disciplina (id, cod, disciplina, ch, id_area) values (544, 'CET095', 'engenharia de software', 60.0, 26);
insert into disciplina (id, cod, disciplina, ch, id_area) values (545, 'CET097', 'estágio supervisionado', 450.0, 26);
insert into disciplina (id, cod, disciplina, ch, id_area) values (546, 'CET077', 'estrutura de dados', 60.0, 26);
insert into disciplina (id, cod, disciplina, ch, id_area) values (547, 'CET633', 'física para ciência da computação', 60.0, 33);
insert into disciplina (id, cod, disciplina, ch, id_area) values (548, 'CET640', 'fundamentos matemáticos para computação', 60.0, 26);
insert into disciplina (id, cod, disciplina, ch, id_area) values (549, 'CET068', 'inteligência artificial', 60.0, 26);
insert into disciplina (id, cod, disciplina, ch, id_area) values (550, 'CET096', 'interface homem máquina', 60.0, 26);
insert into disciplina (id, cod, disciplina, ch, id_area) values (551, 'CET124', 'introdução à bioinformática', 60.0, 26);
insert into disciplina (id, cod, disciplina, ch, id_area) values (552, 'CET634', 'introdução à ciência da computação', 60.0, 26);
insert into disciplina (id, cod, disciplina, ch, id_area) values (553, 'CET123', 'introdução à pesquisa operacional', 60.0, 26);
insert into disciplina (id, cod, disciplina, ch, id_area) values (554, 'CET110', 'laboratório e organização de computadores', 60.0, 26);
insert into disciplina (id, cod, disciplina, ch, id_area) values (555, 'CET078', 'linguagem de programação iii', 60.0, 26);
insert into disciplina (id, cod, disciplina, ch, id_area) values (556, 'CET642', 'lógica digital i', 60.0, 26);
insert into disciplina (id, cod, disciplina, ch, id_area) values (557, 'CET065', 'lógica digital ii', 60.0, 26);
insert into disciplina (id, cod, disciplina, ch, id_area) values (558, 'CET636', 'lógica para computação', 60.0, 26);
insert into disciplina (id, cod, disciplina, ch, id_area) values (559, 'CET081', 'organização e arquitetura dos computadores', 60.0, 26);
insert into disciplina (id, cod, disciplina, ch, id_area) values (560, 'CET082', 'organização e recuperação da informação', 60.0, 26);
insert into disciplina (id, cod, disciplina, ch, id_area) values (561, 'CET083', 'probabilidade e estatística', 60.0, 32);
insert into disciplina (id, cod, disciplina, ch, id_area) values (562, 'CET115', 'processamento de imagens', 60.0, 26);
insert into disciplina (id, cod, disciplina, ch, id_area) values (563, 'CET107', 'processamento paralelo', 60.0, 26);
insert into disciplina (id, cod, disciplina, ch, id_area) values (564, 'CET1182', 'programação para aplicações web', 60.0, 26);
insert into disciplina (id, cod, disciplina, ch, id_area) values (565, 'CET084', 'projeto e análise de algoritmos', 60.0, 26);
insert into disciplina (id, cod, disciplina, ch, id_area) values (566, 'CET098', 'rede de computadores i', 60.0, 26);
insert into disciplina (id, cod, disciplina, ch, id_area) values (567, 'CET099', 'rede de computadores ii', 60.0, 26);
insert into disciplina (id, cod, disciplina, ch, id_area) values (568, 'CET100', 'sistemas distribuídos', 60.0, 26);
insert into disciplina (id, cod, disciplina, ch, id_area) values (569, 'CET108', 'sistemas especialistas', 60.0, 26);
insert into disciplina (id, cod, disciplina, ch, id_area) values (570, 'CET101', 'sistemas operacionais', 60.0, 26);
insert into disciplina (id, cod, disciplina, ch, id_area) values (571, 'CET088', 'software básico', 60.0, 26);
insert into disciplina (id, cod, disciplina, ch, id_area) values (572, 'CET109', 'tecnologia de redes à grandes distâncias', 60.0, 26);
insert into disciplina (id, cod, disciplina, ch, id_area) values (573, 'CET125', 'tecnologia e educação', 60.0, 26);
insert into disciplina (id, cod, disciplina, ch, id_area) values (574, 'CET102', 'tecnologia e sociedade', 30.0, 26);
insert into disciplina (id, cod, disciplina, ch, id_area) values (575, 'CET089', 'teoria da computação', 60.0, 26);
insert into disciplina (id, cod, disciplina, ch, id_area) values (576, 'CET113', 'tópicos avançados em algoritmos', 60.0, 26);
insert into disciplina (id, cod, disciplina, ch, id_area) values (577, 'CET111', 'tópicos avançados em computação i', 60.0, 26);
insert into disciplina (id, cod, disciplina, ch, id_area) values (578, 'CET112', 'tópicos avançados em computação ii', 60.0, 26);
insert into disciplina (id, cod, disciplina, ch, id_area) values (579, 'CET322', 'métodos quantitativos aplicados à administração i', 60.0, 34);
insert into disciplina (id, cod, disciplina, ch, id_area) values (580, 'CET496', 'métodos quantitativos aplicado à administração ii', 60.0, 34);
insert into disciplina (id, cod, disciplina, ch, id_area) values (581, 'CET497', 'métodos quantitativos aplicados à administração iii', 60.0, 34);
insert into disciplina (id, cod, disciplina, ch, id_area) values (582, 'CET117', 'introdução à estatística', 60.0, 32);
insert into disciplina (id, cod, disciplina, ch, id_area) values (583, 'CET498', 'estatística aplicada', 60.0, 32);
insert into disciplina (id, cod, disciplina, ch, id_area) values (584, 'CET1234', 'estatistica aplicada a saúde', 60.0, 32);
insert into disciplina (id, cod, disciplina, ch, id_area) values (585, 'CET1201', 'bioestatistica', 75.0, 32);
insert into cargo (id, cargo) values (1, 'adjunto');
insert into cargo (id, cargo) values (2, 'assistente');
insert into cargo (id, cargo) values (3, 'auxiliar');
insert into cargo (id, cargo) values (4, 'auxiliar/substituto');
insert into cargo (id, cargo) values (5, 'pleno');
insert into cargo (id, cargo) values (6, 'substituto');
insert into cargo (id, cargo) values (7, 'titular');
insert into cargo (id, cargo) values (8, 'visitante');
insert into titulo (id, titulo) values (1, 'doutor(a)');
insert into titulo (id, titulo) values (2, 'especialista');
insert into titulo (id, titulo) values (3, 'graduado(a)');
insert into titulo (id, titulo) values (4, 'mestre');
insert into docente (id, nome, dt_inicio, id_cargo, id_titulo, id_area) values (1, 'lúcio figueiredo de rezende', to_date('01/08/2004', 'DD/MM/YYYY'), 2, 1, 23);
insert into docente (id, nome, dt_inicio, id_cargo, id_titulo, id_area) values (2, 'marcelo friederichs landim de souza', to_date('12/12/2009', 'DD/MM/YYYY'), 7, 1, 23);
insert into docente (id, nome, dt_inicio, id_cargo, id_titulo, id_area) values (3, 'antônio henrique figueira louro', to_date('26/01/1999', 'DD/MM/YYYY'), 1, 1, 26);
insert into docente (id, nome, dt_inicio, id_cargo, id_titulo, id_area) values (4, 'aprígio augusto lopes bezerra', to_date('19/10/2013', 'DD/MM/YYYY'), 1, 1, 26);
insert into docente (id, nome, dt_inicio, id_cargo, id_titulo, id_area) values (5, 'césar alberto bravo pariente', to_date('12/06/2010', 'DD/MM/YYYY'), 1, 1, 26);
insert into docente (id, nome, dt_inicio, id_cargo, id_titulo, id_area) values (6, 'dany sanchez dominguez', to_date('02/05/2013', 'DD/MM/YYYY'), 5, 1, 26);
insert into docente (id, nome, dt_inicio, id_cargo, id_titulo, id_area) values (7, 'edgar alexander', to_date('13/12/2008', 'DD/MM/YYYY'), 2, 4, 26);
insert into docente (id, nome, dt_inicio, id_cargo, id_titulo, id_area) values (8, 'esbel tomás valero orellana', to_date('23/09/2002', 'DD/MM/YYYY'), 5, 1, 26);
insert into docente (id, nome, dt_inicio, id_cargo, id_titulo, id_area) values (9, 'felix mas milian', to_date('10/02/2007', 'DD/MM/YYYY'), 5, 1, 26);
insert into docente (id, nome, dt_inicio, id_cargo, id_titulo, id_area) values (10, 'francisco bruno souza oliveira', to_date('08/05/2011', 'DD/MM/YYYY'), 7, 1, 26);
insert into docente (id, nome, dt_inicio, id_cargo, id_titulo, id_area) values (11, 'hamilton josé brumatto', to_date('13/08/2001', 'DD/MM/YYYY'), 2, 4, 26);
insert into docente (id, nome, dt_inicio, id_cargo, id_titulo, id_area) values (12, 'hélder conceição almeida', to_date('09/04/2003', 'DD/MM/YYYY'), 2, 4, 26);
insert into docente (id, nome, dt_inicio, id_cargo, id_titulo, id_area) values (13, 'jauberth weyll abijaude', to_date('07/04/1998', 'DD/MM/YYYY'), 2, 4, 26);
insert into docente (id, nome, dt_inicio, id_cargo, id_titulo, id_area) values (14, 'jorge lima de oliveira filho', to_date('07/03/2009', 'DD/MM/YYYY'), 1, 1, 26);
insert into docente (id, nome, dt_inicio, id_cargo, id_titulo, id_area) values (15, 'leard de oliveira fernandes', to_date('15/05/2000', 'DD/MM/YYYY'), 2, 4, 26);
insert into docente (id, nome, dt_inicio, id_cargo, id_titulo, id_area) values (16, 'lilia marta brandão soussa modesto', to_date('07/01/2000', 'DD/MM/YYYY'), 2, 4, 26);
insert into docente (id, nome, dt_inicio, id_cargo, id_titulo, id_area) values (17, 'luciano ângelo de souza bernardes', to_date('24/09/2002', 'DD/MM/YYYY'), 1, 1, 26);
insert into docente (id, nome, dt_inicio, id_cargo, id_titulo, id_area) values (18, 'marcelo ossamu honda', to_date('09/03/2013', 'DD/MM/YYYY'), 7, 1, 26);
insert into docente (id, nome, dt_inicio, id_cargo, id_titulo, id_area) values (19, 'marta magda dornelles', to_date('26/12/2000', 'DD/MM/YYYY'), 1, 1, 26);
insert into docente (id, nome, dt_inicio, id_cargo, id_titulo, id_area) values (20, 'martha ximena torresdelgado', to_date('06/10/2007', 'DD/MM/YYYY'), 7, 1, 26);
insert into docente (id, nome, dt_inicio, id_cargo, id_titulo, id_area) values (21, 'paulo andré sperandio giacomin', to_date('08/06/2006', 'DD/MM/YYYY'), 1, 1, 26);
insert into docente (id, nome, dt_inicio, id_cargo, id_titulo, id_area) values (22, 'paulo eduardo ambrósio', to_date('05/07/2012', 'DD/MM/YYYY'), 1, 1, 26);
insert into docente (id, nome, dt_inicio, id_cargo, id_titulo, id_area) values (23, 'susana marrero iglesias', to_date('04/06/2008', 'DD/MM/YYYY'), 5, 1, 26);
insert into docente (id, nome, dt_inicio, id_cargo, id_titulo, id_area) values (24, 'sérgio fred ribeiro andrade', to_date('01/12/1997', 'DD/MM/YYYY'), 1, 1, 26);
insert into docente (id, nome, dt_inicio, id_cargo, id_titulo, id_area) values (25, 'tricia souto santos', to_date('12/10/1998', 'DD/MM/YYYY'), 2, 4, 26);
insert into docente (id, nome, dt_inicio, id_cargo, id_titulo, id_area) values (26, 'vânia cordeiro da silva', to_date('24/10/2013', 'DD/MM/YYYY'), 1, 1, 26);
insert into docente (id, nome, dt_inicio, id_cargo, id_titulo, id_area) values (27, 'álvaro vinícius de souza coelho', to_date('02/12/2010', 'DD/MM/YYYY'), 7, 1, 26);
insert into docente (id, nome, dt_inicio, id_cargo, id_titulo, id_area) values (28, 'admilson santa cruz do nascimento', to_date('09/05/2013', 'DD/MM/YYYY'), 6, 2, 27);
insert into docente (id, nome, dt_inicio, id_cargo, id_titulo, id_area) values (29, 'cleverson alves de lima', to_date('10/03/2010', 'DD/MM/YYYY'), 1, 1, 27);
insert into docente (id, nome, dt_inicio, id_cargo, id_titulo, id_area) values (30, 'danilo de santana nunes', to_date('12/12/1999', 'DD/MM/YYYY'), 1, 1, 27);
insert into docente (id, nome, dt_inicio, id_cargo, id_titulo, id_area) values (31, 'joabson lima alves', to_date('12/03/1998', 'DD/MM/YYYY'), 2, 4, 27);
insert into docente (id, nome, dt_inicio, id_cargo, id_titulo, id_area) values (32, 'jonathas sousa reis', to_date('03/10/2002', 'DD/MM/YYYY'), 6, 4, 27);
insert into docente (id, nome, dt_inicio, id_cargo, id_titulo, id_area) values (33, 'josé renato de castro pessoa', to_date('16/11/2001', 'DD/MM/YYYY'), 1, 1, 27);
insert into docente (id, nome, dt_inicio, id_cargo, id_titulo, id_area) values (34, 'lorena lopes novais', to_date('27/01/1998', 'DD/MM/YYYY'), 6, 2, 27);
insert into docente (id, nome, dt_inicio, id_cargo, id_titulo, id_area) values (35, 'manoel camilo moleiro cabrera', to_date('10/07/2009', 'DD/MM/YYYY'), 1, 1, 27);
insert into docente (id, nome, dt_inicio, id_cargo, id_titulo, id_area) values (36, 'marcelo tramontin souza', to_date('13/06/1999', 'DD/MM/YYYY'), 1, 1, 27);
insert into docente (id, nome, dt_inicio, id_cargo, id_titulo, id_area) values (37, 'maria lícia silva de queiroz', to_date('25/06/2001', 'DD/MM/YYYY'), 2, 4, 27);
insert into docente (id, nome, dt_inicio, id_cargo, id_titulo, id_area) values (38, 'ruan carlos de araújo moura', to_date('21/03/1999', 'DD/MM/YYYY'), 2, 1, 27);
insert into docente (id, nome, dt_inicio, id_cargo, id_titulo, id_area) values (39, 'stephanny conceição farias do egito costa', to_date('06/01/2003', 'DD/MM/YYYY'), 2, 4, 27);
insert into docente (id, nome, dt_inicio, id_cargo, id_titulo, id_area) values (40, 'thayse gama de carvalho', to_date('22/10/2005', 'DD/MM/YYYY'), 2, 4, 27);
insert into docente (id, nome, dt_inicio, id_cargo, id_titulo, id_area) values (41, 'adi neves rocha', to_date('10/06/2005', 'DD/MM/YYYY'), 2, 4, 28);
insert into docente (id, nome, dt_inicio, id_cargo, id_titulo, id_area) values (42, 'adjeferson custódio gomes', to_date('23/05/2003', 'DD/MM/YYYY'), 1, 1, 28);
insert into docente (id, nome, dt_inicio, id_cargo, id_titulo, id_area) values (43, 'clécio ribeiro cosenza', to_date('09/02/2007', 'DD/MM/YYYY'), 4, 4, 28);
insert into docente (id, nome, dt_inicio, id_cargo, id_titulo, id_area) values (44, 'fábio alexandre martins monteiro', to_date('04/02/2008', 'DD/MM/YYYY'), 2, 4, 28);
insert into docente (id, nome, dt_inicio, id_cargo, id_titulo, id_area) values (45, 'igor ferreira do prado', to_date('04/02/2002', 'DD/MM/YYYY'), 2, 4, 28);
insert into docente (id, nome, dt_inicio, id_cargo, id_titulo, id_area) values (46, 'lucas sampaio garcia', to_date('04/06/2004', 'DD/MM/YYYY'), 1, 1, 28);
insert into docente (id, nome, dt_inicio, id_cargo, id_titulo, id_area) values (47, 'maruedson pires martins', to_date('18/11/2005', 'DD/MM/YYYY'), 5, 1, 28);
insert into docente (id, nome, dt_inicio, id_cargo, id_titulo, id_area) values (48, 'matheus garcia soares', to_date('10/10/1998', 'DD/MM/YYYY'), 1, 1, 28);
insert into docente (id, nome, dt_inicio, id_cargo, id_titulo, id_area) values (49, 'rafael rodrigues de queiroz freitas', to_date('18/09/2006', 'DD/MM/YYYY'), 1, 1, 28);
insert into docente (id, nome, dt_inicio, id_cargo, id_titulo, id_area) values (50, 'thiago correia vieira', to_date('09/06/2004', 'DD/MM/YYYY'), 1, 1, 28);
insert into docente (id, nome, dt_inicio, id_cargo, id_titulo, id_area) values (51, 'thiago pereira das chagas', to_date('12/01/2013', 'DD/MM/YYYY'), 7, 1, 28);
insert into docente (id, nome, dt_inicio, id_cargo, id_titulo, id_area) values (52, 'andré luis vinagre pereira', to_date('04/11/2006', 'DD/MM/YYYY'), 2, 4, 29);
insert into docente (id, nome, dt_inicio, id_cargo, id_titulo, id_area) values (53, 'danilo maciel barquete', to_date('01/03/2006', 'DD/MM/YYYY'), 5, 1, 29);
insert into docente (id, nome, dt_inicio, id_cargo, id_titulo, id_area) values (54, 'erickson fabiano moura sousa silva', to_date('16/11/2008', 'DD/MM/YYYY'), 2, 4, 29);
insert into docente (id, nome, dt_inicio, id_cargo, id_titulo, id_area) values (55, 'fernando da silva oliveira', to_date('02/02/2000', 'DD/MM/YYYY'), 4, 3, 29);
insert into docente (id, nome, dt_inicio, id_cargo, id_titulo, id_area) values (56, 'josé carlos de camargo', to_date('07/11/2010', 'DD/MM/YYYY'), 1, 1, 29);
insert into docente (id, nome, dt_inicio, id_cargo, id_titulo, id_area) values (57, 'leonardo iusuti de medeiros', to_date('22/10/2003', 'DD/MM/YYYY'), 2, 4, 29);
insert into docente (id, nome, dt_inicio, id_cargo, id_titulo, id_area) values (58, 'nila cecilia de faria lopes medeiros', to_date('08/02/2012', 'DD/MM/YYYY'), 2, 4, 29);
insert into docente (id, nome, dt_inicio, id_cargo, id_titulo, id_area) values (59, 'renato reis monteiro', to_date('01/06/2008', 'DD/MM/YYYY'), 7, 1, 29);
insert into docente (id, nome, dt_inicio, id_cargo, id_titulo, id_area) values (60, 'vaneide gomes', to_date('04/02/1997', 'DD/MM/YYYY'), 1, 1, 29);
insert into docente (id, nome, dt_inicio, id_cargo, id_titulo, id_area) values (61, 'victor hugo martins de almeida ', to_date('09/08/1999', 'DD/MM/YYYY'), 2, 4, 29);
insert into docente (id, nome, dt_inicio, id_cargo, id_titulo, id_area) values (62, 'érica cristina almeida', to_date('26/07/2013', 'DD/MM/YYYY'), 7, 1, 29);
insert into docente (id, nome, dt_inicio, id_cargo, id_titulo, id_area) values (63, 'alex vinícius souza araújo', to_date('11/09/1997', 'DD/MM/YYYY'), 4, 4, 30);
insert into docente (id, nome, dt_inicio, id_cargo, id_titulo, id_area) values (64, 'alexandre do nascimento silva', to_date('17/09/2002', 'DD/MM/YYYY'), 2, 1, 30);
insert into docente (id, nome, dt_inicio, id_cargo, id_titulo, id_area) values (65, 'aline patricia mano', to_date('21/03/2010', 'DD/MM/YYYY'), 1, 1, 30);
insert into docente (id, nome, dt_inicio, id_cargo, id_titulo, id_area) values (66, 'enio antunes rezende', to_date('27/12/1997', 'DD/MM/YYYY'), 7, 1, 30);
insert into docente (id, nome, dt_inicio, id_cargo, id_titulo, id_area) values (67, 'fabiano rodrigues soriano', to_date('15/05/2005', 'DD/MM/YYYY'), 1, 1, 30);
insert into docente (id, nome, dt_inicio, id_cargo, id_titulo, id_area) values (68, 'felipe ungarato ferreira', to_date('24/11/2000', 'DD/MM/YYYY'), 2, 4, 30);
insert into docente (id, nome, dt_inicio, id_cargo, id_titulo, id_area) values (69, 'joão pedro de castro nunes pereira', to_date('14/09/2007', 'DD/MM/YYYY'), 5, 1, 30);
insert into docente (id, nome, dt_inicio, id_cargo, id_titulo, id_area) values (70, 'juliano zaffalon gerber', to_date('14/07/1998', 'DD/MM/YYYY'), 1, 1, 30);
insert into docente (id, nome, dt_inicio, id_cargo, id_titulo, id_area) values (71, 'priscila pereira suzart de carvalho', to_date('25/11/1999', 'DD/MM/YYYY'), 2, 1, 30);
insert into docente (id, nome, dt_inicio, id_cargo, id_titulo, id_area) values (72, 'sara meira moutta', to_date('26/09/2013', 'DD/MM/YYYY'), 2, 4, 30);
insert into docente (id, nome, dt_inicio, id_cargo, id_titulo, id_area) values (73, 'tarcilla silva dos santos', to_date('15/01/2010', 'DD/MM/YYYY'), 6, 4, 30);
insert into docente (id, nome, dt_inicio, id_cargo, id_titulo, id_area) values (74, 'thiago francisco de souza', to_date('04/01/2007', 'DD/MM/YYYY'), 2, 4, 30);
insert into docente (id, nome, dt_inicio, id_cargo, id_titulo, id_area) values (75, 'celso carlino maria fornari júnior', to_date('28/01/2009', 'DD/MM/YYYY'), 5, 1, 31);
insert into docente (id, nome, dt_inicio, id_cargo, id_titulo, id_area) values (76, 'claudia renata borges', to_date('11/07/2000', 'DD/MM/YYYY'), 1, 1, 31);
insert into docente (id, nome, dt_inicio, id_cargo, id_titulo, id_area) values (77, 'elilton rodrigues edwards', to_date('12/04/2003', 'DD/MM/YYYY'), 7, 1, 31);
insert into docente (id, nome, dt_inicio, id_cargo, id_titulo, id_area) values (78, 'elizama aguiar de oliveira', to_date('15/11/2005', 'DD/MM/YYYY'), 1, 1, 31);
insert into docente (id, nome, dt_inicio, id_cargo, id_titulo, id_area) values (79, 'franco dani rico amado', to_date('25/04/2004', 'DD/MM/YYYY'), 5, 1, 31);
insert into docente (id, nome, dt_inicio, id_cargo, id_titulo, id_area) values (80, 'geovana pires araujo lima', to_date('12/09/2000', 'DD/MM/YYYY'), 4, 4, 31);
insert into docente (id, nome, dt_inicio, id_cargo, id_titulo, id_area) values (81, 'janclei pereira coutinho', to_date('24/03/2004', 'DD/MM/YYYY'), 1, 1, 31);
insert into docente (id, nome, dt_inicio, id_cargo, id_titulo, id_area) values (82, 'jéssica barbosa da silva do nascimento', to_date('23/01/2010', 'DD/MM/YYYY'), 2, 4, 31);
insert into docente (id, nome, dt_inicio, id_cargo, id_titulo, id_area) values (83, 'mauro de paula moreira', to_date('15/03/2005', 'DD/MM/YYYY'), 7, 1, 31);
insert into docente (id, nome, dt_inicio, id_cargo, id_titulo, id_area) values (84, 'márcio barbalho dantas bezerra', to_date('07/05/2013', 'DD/MM/YYYY'), 2, 1, 31);
insert into docente (id, nome, dt_inicio, id_cargo, id_titulo, id_area) values (85, 'raimundo alves lima sobrinho', to_date('07/07/2000', 'DD/MM/YYYY'), 2, 1, 31);
insert into docente (id, nome, dt_inicio, id_cargo, id_titulo, id_area) values (86, 'tatiane benvenuti', to_date('11/01/1998', 'DD/MM/YYYY'), 8, 1, 31);
insert into docente (id, nome, dt_inicio, id_cargo, id_titulo, id_area) values (87, 'vera rosa capelossi', to_date('16/02/2002', 'DD/MM/YYYY'), 7, 1, 31);
insert into docente (id, nome, dt_inicio, id_cargo, id_titulo, id_area) values (88, 'ana cristina schilling', to_date('05/10/1999', 'DD/MM/YYYY'), 7, 1, 32);
insert into docente (id, nome, dt_inicio, id_cargo, id_titulo, id_area) values (89, 'enio galinkin jelihovschi', to_date('18/09/2013', 'DD/MM/YYYY'), 5, 1, 32);
insert into docente (id, nome, dt_inicio, id_cargo, id_titulo, id_area) values (90, 'ivan bezerra allaman', to_date('22/02/2005', 'DD/MM/YYYY'), 1, 1, 32);
insert into docente (id, nome, dt_inicio, id_cargo, id_titulo, id_area) values (91, 'jaênes miranda alves', to_date('10/09/1997', 'DD/MM/YYYY'), 5, 1, 32);
insert into docente (id, nome, dt_inicio, id_cargo, id_titulo, id_area) values (92, 'josé cláudio faria', to_date('02/05/2010', 'DD/MM/YYYY'), 5, 1, 32);
insert into docente (id, nome, dt_inicio, id_cargo, id_titulo, id_area) values (93, 'luiz roberto martins pinto', to_date('06/11/2000', 'DD/MM/YYYY'), 5, 1, 32);
insert into docente (id, nome, dt_inicio, id_cargo, id_titulo, id_area) values (94, 'lígia lins souza', to_date('16/02/2003', 'DD/MM/YYYY'), 4, 1, 32);
insert into docente (id, nome, dt_inicio, id_cargo, id_titulo, id_area) values (95, 'marcelo inácio ferreira ferraz', to_date('13/11/2003', 'DD/MM/YYYY'), 7, 1, 32);
insert into docente (id, nome, dt_inicio, id_cargo, id_titulo, id_area) values (96, 'miguel antônio quinteiro ribeiro', to_date('09/10/2005', 'DD/MM/YYYY'), 1, 1, 32);
insert into docente (id, nome, dt_inicio, id_cargo, id_titulo, id_area) values (97, 'sérgio josé ribeiro de oliveira', to_date('24/08/2010', 'DD/MM/YYYY'), 1, 1, 32);
insert into docente (id, nome, dt_inicio, id_cargo, id_titulo, id_area) values (98, 'verônica yumi kataoka', to_date('23/12/2008', 'DD/MM/YYYY'), 7, 1, 32);
insert into docente (id, nome, dt_inicio, id_cargo, id_titulo, id_area) values (99, 'adriano hoth cerqueira', to_date('22/04/2000', 'DD/MM/YYYY'), 5, 1, 33);
insert into docente (id, nome, dt_inicio, id_cargo, id_titulo, id_area) values (100, 'adriano marcus stuchi', to_date('09/02/2011', 'DD/MM/YYYY'), 7, 1, 33);
insert into docente (id, nome, dt_inicio, id_cargo, id_titulo, id_area) values (101, 'agnes maria da fonseca fausto', to_date('08/04/2002', 'DD/MM/YYYY'), 1, 1, 33);
insert into docente (id, nome, dt_inicio, id_cargo, id_titulo, id_area) values (102, 'alejandra kandus', to_date('18/07/2004', 'DD/MM/YYYY'), 7, 1, 33);
insert into docente (id, nome, dt_inicio, id_cargo, id_titulo, id_area) values (103, 'alejandro javier dimarco', to_date('18/10/2007', 'DD/MM/YYYY'), 1, 1, 33);
insert into docente (id, nome, dt_inicio, id_cargo, id_titulo, id_area) values (104, 'alex dos santos miranda', to_date('18/11/2006', 'DD/MM/YYYY'), 1, 1, 33);
insert into docente (id, nome, dt_inicio, id_cargo, id_titulo, id_area) values (105, 'anderson william mol', to_date('14/09/2010', 'DD/MM/YYYY'), 7, 1, 33);
insert into docente (id, nome, dt_inicio, id_cargo, id_titulo, id_area) values (106, 'andré luís batista ribeiro', to_date('09/09/2011', 'DD/MM/YYYY'), 5, 1, 33);
insert into docente (id, nome, dt_inicio, id_cargo, id_titulo, id_area) values (107, 'andréa de azevedo morégula', to_date('23/09/2006', 'DD/MM/YYYY'), 7, 1, 33);
insert into docente (id, nome, dt_inicio, id_cargo, id_titulo, id_area) values (108, 'antônio edsom carvalho filho', to_date('25/04/1998', 'DD/MM/YYYY'), 2, 4, 33);
insert into docente (id, nome, dt_inicio, id_cargo, id_titulo, id_area) values (109, 'antônio jamil mania', to_date('05/02/2012', 'DD/MM/YYYY'), 5, 1, 33);
insert into docente (id, nome, dt_inicio, id_cargo, id_titulo, id_area) values (110, 'arturo rodolfo samana', to_date('21/11/1997', 'DD/MM/YYYY'), 1, 1, 33);
insert into docente (id, nome, dt_inicio, id_cargo, id_titulo, id_area) values (111, 'décio tosta de santana', to_date('13/03/2009', 'DD/MM/YYYY'), 2, 2, 33);
insert into docente (id, nome, dt_inicio, id_cargo, id_titulo, id_area) values (112, 'fabiane alexsandra andrade de jesus', to_date('25/11/1997', 'DD/MM/YYYY'), 1, 1, 33);
insert into docente (id, nome, dt_inicio, id_cargo, id_titulo, id_area) values (113, 'fermin de la caridad garcia velasco', to_date('17/07/2004', 'DD/MM/YYYY'), 5, 1, 33);
insert into docente (id, nome, dt_inicio, id_cargo, id_titulo, id_area) values (114, 'fernando remigio tamariz luna', to_date('26/06/2008', 'DD/MM/YYYY'), 1, 1, 33);
insert into docente (id, nome, dt_inicio, id_cargo, id_titulo, id_area) values (115, 'george kouzo shinomiya', to_date('24/08/2007', 'DD/MM/YYYY'), 7, 1, 33);
insert into docente (id, nome, dt_inicio, id_cargo, id_titulo, id_area) values (116, 'henri michel pierre plana', to_date('24/09/2011', 'DD/MM/YYYY'), 5, 1, 33);
insert into docente (id, nome, dt_inicio, id_cargo, id_titulo, id_area) values (117, 'josé geraldo gonçalves de oliveira', to_date('18/05/2006', 'DD/MM/YYYY'), 7, 1, 33);
insert into docente (id, nome, dt_inicio, id_cargo, id_titulo, id_area) values (118, 'jules batista soares', to_date('01/05/2009', 'DD/MM/YYYY'), 1, 1, 33);
insert into docente (id, nome, dt_inicio, id_cargo, id_titulo, id_area) values (119, 'leandro de oliveira kerber', to_date('18/03/2001', 'DD/MM/YYYY'), 7, 1, 33);
insert into docente (id, nome, dt_inicio, id_cargo, id_titulo, id_area) values (120, 'marcelo bento pisani', to_date('07/08/2005', 'DD/MM/YYYY'), 1, 1, 33);
insert into docente (id, nome, dt_inicio, id_cargo, id_titulo, id_area) values (121, 'marcelo o''donnell krause', to_date('07/04/2002', 'DD/MM/YYYY'), 4, 4, 33);
insert into docente (id, nome, dt_inicio, id_cargo, id_titulo, id_area) values (122, 'maria jaqueline vasconcelos', to_date('23/04/1997', 'DD/MM/YYYY'), 7, 1, 33);
insert into docente (id, nome, dt_inicio, id_cargo, id_titulo, id_area) values (123, 'maxwell roger da purificação siqueira', to_date('18/12/2009', 'DD/MM/YYYY'), 7, 1, 33);
insert into docente (id, nome, dt_inicio, id_cargo, id_titulo, id_area) values (124, 'michel felipe lima de araújo', to_date('21/01/2012', 'DD/MM/YYYY'), 6, 1, 33);
insert into docente (id, nome, dt_inicio, id_cargo, id_titulo, id_area) values (125, 'orlando josé katime santrich', to_date('28/11/2007', 'DD/MM/YYYY'), 8, 1, 33);
insert into docente (id, nome, dt_inicio, id_cargo, id_titulo, id_area) values (126, 'roger magalhães da silva', to_date('20/07/2004', 'DD/MM/YYYY'), 2, 4, 33);
insert into docente (id, nome, dt_inicio, id_cargo, id_titulo, id_area) values (127, 'simoni tormohlen gehlen', to_date('21/10/2011', 'DD/MM/YYYY'), 1, 1, 33);
insert into docente (id, nome, dt_inicio, id_cargo, id_titulo, id_area) values (128, 'zolacir trindade de oliveira junior', to_date('13/02/1998', 'DD/MM/YYYY'), 7, 1, 33);
insert into docente (id, nome, dt_inicio, id_cargo, id_titulo, id_area) values (129, 'afonso henriques', to_date('03/03/2002', 'DD/MM/YYYY'), 5, 1, 34);
insert into docente (id, nome, dt_inicio, id_cargo, id_titulo, id_area) values (130, 'aida carvalho vita', to_date('03/07/2011', 'DD/MM/YYYY'), 7, 1, 34);
insert into docente (id, nome, dt_inicio, id_cargo, id_titulo, id_area) values (131, 'andré malvezzi lopes', to_date('22/02/2002', 'DD/MM/YYYY'), 2, 4, 34);
insert into docente (id, nome, dt_inicio, id_cargo, id_titulo, id_area) values (132, 'calixto john silva viana', to_date('05/09/1998', 'DD/MM/YYYY'), 3, 2, 34);
insert into docente (id, nome, dt_inicio, id_cargo, id_titulo, id_area) values (133, 'carlos luide bião dos reis', to_date('16/12/2009', 'DD/MM/YYYY'), 2, 4, 34);
insert into docente (id, nome, dt_inicio, id_cargo, id_titulo, id_area) values (134, 'claudemir mota da cruz', to_date('03/12/2008', 'DD/MM/YYYY'), 2, 4, 34);
insert into docente (id, nome, dt_inicio, id_cargo, id_titulo, id_area) values (135, 'claudio soriano de souza brandão', to_date('24/02/2011', 'DD/MM/YYYY'), 1, 1, 34);
insert into docente (id, nome, dt_inicio, id_cargo, id_titulo, id_area) values (136, 'cláudia ribeiro santana', to_date('01/03/2002', 'DD/MM/YYYY'), 1, 1, 34);
insert into docente (id, nome, dt_inicio, id_cargo, id_titulo, id_area) values (137, 'cícero alfredo da silva filho', to_date('08/01/2007', 'DD/MM/YYYY'), 7, 1, 34);
insert into docente (id, nome, dt_inicio, id_cargo, id_titulo, id_area) values (138, 'diná da silva correia', to_date('18/07/2009', 'DD/MM/YYYY'), 1, 1, 34);
insert into docente (id, nome, dt_inicio, id_cargo, id_titulo, id_area) values (139, 'eduardo delcides bernardes', to_date('22/06/2011', 'DD/MM/YYYY'), 1, 1, 34);
insert into docente (id, nome, dt_inicio, id_cargo, id_titulo, id_area) values (140, 'eduardo santos de oliveira ', to_date('24/09/2013', 'DD/MM/YYYY'), 3, 2, 34);
insert into docente (id, nome, dt_inicio, id_cargo, id_titulo, id_area) values (141, 'eduardo silva palmeira ', to_date('10/03/2004', 'DD/MM/YYYY'), 7, 1, 34);
insert into docente (id, nome, dt_inicio, id_cargo, id_titulo, id_area) values (142, 'elisângela silva farias', to_date('18/06/2011', 'DD/MM/YYYY'), 2, 4, 34);
insert into docente (id, nome, dt_inicio, id_cargo, id_titulo, id_area) values (143, 'eurivalda ribeiro dos santos santana', to_date('22/12/2005', 'DD/MM/YYYY'), 5, 1, 34);
insert into docente (id, nome, dt_inicio, id_cargo, id_titulo, id_area) values (144, 'fernanda gonçalves de paula', to_date('15/08/2005', 'DD/MM/YYYY'), 7, 1, 34);
insert into docente (id, nome, dt_inicio, id_cargo, id_titulo, id_area) values (145, 'flaviana dos santos silva', to_date('21/11/1998', 'DD/MM/YYYY'), 1, 1, 34);
insert into docente (id, nome, dt_inicio, id_cargo, id_titulo, id_area) values (146, 'geizane lima da silva', to_date('08/07/2006', 'DD/MM/YYYY'), 1, 1, 34);
insert into docente (id, nome, dt_inicio, id_cargo, id_titulo, id_area) values (147, 'geraldo de assis júnior', to_date('23/07/2007', 'DD/MM/YYYY'), 1, 1, 34);
insert into docente (id, nome, dt_inicio, id_cargo, id_titulo, id_area) values (148, 'german ignácio gomero ferrer', to_date('27/05/2000', 'DD/MM/YYYY'), 1, 1, 34);
insert into docente (id, nome, dt_inicio, id_cargo, id_titulo, id_area) values (149, 'gesil sampaio amarante segundo', to_date('25/06/2013', 'DD/MM/YYYY'), 7, 1, 34);
insert into docente (id, nome, dt_inicio, id_cargo, id_titulo, id_area) values (150, 'gildson queiroz de jesus ', to_date('07/03/2010', 'DD/MM/YYYY'), 7, 1, 34);
insert into docente (id, nome, dt_inicio, id_cargo, id_titulo, id_area) values (151, 'jorge henrique de oliveira sales', to_date('17/08/2013', 'DD/MM/YYYY'), 7, 1, 34);
insert into docente (id, nome, dt_inicio, id_cargo, id_titulo, id_area) values (152, 'josé carlos chagas', to_date('09/07/2005', 'DD/MM/YYYY'), 3, 2, 34);
insert into docente (id, nome, dt_inicio, id_cargo, id_titulo, id_area) values (153, 'josé valter alves da silva', to_date('16/04/2006', 'DD/MM/YYYY'), 2, 4, 34);
insert into docente (id, nome, dt_inicio, id_cargo, id_titulo, id_area) values (154, 'jurema lindote botelho peixoto', to_date('23/11/2006', 'DD/MM/YYYY'), 1, 1, 34);
insert into docente (id, nome, dt_inicio, id_cargo, id_titulo, id_area) values (155, 'karina kfouri sartori', to_date('26/06/1997', 'DD/MM/YYYY'), 1, 1, 34);
insert into docente (id, nome, dt_inicio, id_cargo, id_titulo, id_area) values (156, 'larissa brito de oliveira', to_date('28/09/2011', 'DD/MM/YYYY'), 2, 4, 34);
insert into docente (id, nome, dt_inicio, id_cargo, id_titulo, id_area) values (157, 'larissa pinca sarro gomes', to_date('17/11/2002', 'DD/MM/YYYY'), 1, 1, 34);
insert into docente (id, nome, dt_inicio, id_cargo, id_titulo, id_area) values (158, 'liliane xavier neves', to_date('12/02/1999', 'DD/MM/YYYY'), 1, 1, 34);
insert into docente (id, nome, dt_inicio, id_cargo, id_titulo, id_area) values (159, 'luciana cláudia de paula', to_date('22/08/2013', 'DD/MM/YYYY'), 1, 1, 34);
insert into docente (id, nome, dt_inicio, id_cargo, id_titulo, id_area) values (160, 'marcos dos santos ferreira', to_date('03/11/2005', 'DD/MM/YYYY'), 1, 1, 34);
insert into docente (id, nome, dt_inicio, id_cargo, id_titulo, id_area) values (161, 'marcos rogério neves', to_date('22/11/2011', 'DD/MM/YYYY'), 1, 1, 34);
insert into docente (id, nome, dt_inicio, id_cargo, id_titulo, id_area) values (162, 'maria margarete do rosário farias', to_date('08/09/2011', 'DD/MM/YYYY'), 1, 1, 34);
insert into docente (id, nome, dt_inicio, id_cargo, id_titulo, id_area) values (163, 'marlúbia corrêa de paula', to_date('02/12/2002', 'DD/MM/YYYY'), 8, 1, 34);
insert into docente (id, nome, dt_inicio, id_cargo, id_titulo, id_area) values (164, 'mirela vanina de mello', to_date('11/02/2007', 'DD/MM/YYYY'), 7, 1, 34);
insert into docente (id, nome, dt_inicio, id_cargo, id_titulo, id_area) values (165, 'natália rocha pinheiro', to_date('01/12/1997', 'DD/MM/YYYY'), 2, 4, 34);
insert into docente (id, nome, dt_inicio, id_cargo, id_titulo, id_area) values (166, 'nestor felipe castañeda centurion', to_date('24/10/2007', 'DD/MM/YYYY'), 1, 1, 34);
insert into docente (id, nome, dt_inicio, id_cargo, id_titulo, id_area) values (167, 'paulo henrique galão', to_date('02/03/2010', 'DD/MM/YYYY'), 2, 4, 34);
insert into docente (id, nome, dt_inicio, id_cargo, id_titulo, id_area) values (168, 'paulo sérgio da silva', to_date('19/05/1998', 'DD/MM/YYYY'), 2, 4, 34);
insert into docente (id, nome, dt_inicio, id_cargo, id_titulo, id_area) values (169, 'pryscilla dos santos ferreira silva', to_date('19/09/1998', 'DD/MM/YYYY'), 1, 1, 34);
insert into docente (id, nome, dt_inicio, id_cargo, id_titulo, id_area) values (170, 'ricardo martin bentin zacarias', to_date('11/08/2013', 'DD/MM/YYYY'), 1, 1, 34);
insert into docente (id, nome, dt_inicio, id_cargo, id_titulo, id_area) values (171, 'romenique da rocha silva', to_date('08/05/2007', 'DD/MM/YYYY'), 1, 1, 34);
insert into docente (id, nome, dt_inicio, id_cargo, id_titulo, id_area) values (172, 'rosane leite funato', to_date('23/10/2004', 'DD/MM/YYYY'), 2, 4, 34);
insert into docente (id, nome, dt_inicio, id_cargo, id_titulo, id_area) values (173, 'sandra maria pinto magina', to_date('27/11/2005', 'DD/MM/YYYY'), 1, 1, 34);
insert into docente (id, nome, dt_inicio, id_cargo, id_titulo, id_area) values (174, 'sérgio alvarez araujo correia', to_date('04/03/1999', 'DD/MM/YYYY'), 2, 1, 34);
insert into docente (id, nome, dt_inicio, id_cargo, id_titulo, id_area) values (175, 'vera lúcia merlini', to_date('18/01/2012', 'DD/MM/YYYY'), 1, 1, 34);
insert into docente (id, nome, dt_inicio, id_cargo, id_titulo, id_area) values (176, 'vinicius augusto takahashi arakawa', to_date('24/12/1998', 'DD/MM/YYYY'), 7, 1, 34);
insert into docente (id, nome, dt_inicio, id_cargo, id_titulo, id_area) values (177, 'weslem liberato silva', to_date('14/11/2011', 'DD/MM/YYYY'), 7, 1, 34);
insert into docente (id, nome, dt_inicio, id_cargo, id_titulo, id_area) values (178, 'acácia gomes pinho', to_date('24/04/2005', 'DD/MM/YYYY'), 2, 4, 35);
insert into docente (id, nome, dt_inicio, id_cargo, id_titulo, id_area) values (179, 'andrei steveen moreno rodriguez', to_date('11/05/2000', 'DD/MM/YYYY'), 8, 1, 35);
insert into docente (id, nome, dt_inicio, id_cargo, id_titulo, id_area) values (180, 'andré gustavo de araújo fernandes', to_date('03/03/1998', 'DD/MM/YYYY'), 1, 1, 35);
insert into docente (id, nome, dt_inicio, id_cargo, id_titulo, id_area) values (181, 'antônio de santana santos', to_date('04/08/1998', 'DD/MM/YYYY'), 7, 1, 35);
insert into docente (id, nome, dt_inicio, id_cargo, id_titulo, id_area) values (182, 'carla fernanda fávaro', to_date('21/01/2005', 'DD/MM/YYYY'), 7, 1, 35);
insert into docente (id, nome, dt_inicio, id_cargo, id_titulo, id_area) values (183, 'cleyde corrêa roncarati', to_date('01/01/2002', 'DD/MM/YYYY'), 1, 1, 35);
insert into docente (id, nome, dt_inicio, id_cargo, id_titulo, id_area) values (184, 'daniel de castro lima', to_date('10/06/2008', 'DD/MM/YYYY'), 7, 1, 35);
insert into docente (id, nome, dt_inicio, id_cargo, id_titulo, id_area) values (185, 'elisa prestes massena', to_date('13/11/2011', 'DD/MM/YYYY'), 7, 1, 35);
insert into docente (id, nome, dt_inicio, id_cargo, id_titulo, id_area) values (186, 'erik galvão paranhos da silva', to_date('09/02/1998', 'DD/MM/YYYY'), 7, 1, 35);
insert into docente (id, nome, dt_inicio, id_cargo, id_titulo, id_area) values (187, 'fernando cesário rangel', to_date('06/05/2011', 'DD/MM/YYYY'), 1, 1, 35);
insert into docente (id, nome, dt_inicio, id_cargo, id_titulo, id_area) values (188, 'fernando faustino de oliveira', to_date('09/05/1998', 'DD/MM/YYYY'), 7, 1, 35);
insert into docente (id, nome, dt_inicio, id_cargo, id_titulo, id_area) values (189, 'fábio alan carqueija amorim', to_date('12/05/1997', 'DD/MM/YYYY'), 7, 1, 35);
insert into docente (id, nome, dt_inicio, id_cargo, id_titulo, id_area) values (190, 'indman ruana lima queiroz', to_date('25/04/2011', 'DD/MM/YYYY'), 2, 4, 35);
insert into docente (id, nome, dt_inicio, id_cargo, id_titulo, id_area) values (191, 'ivete maria dos santos', to_date('06/07/2003', 'DD/MM/YYYY'), 1, 4, 35);
insert into docente (id, nome, dt_inicio, id_cargo, id_titulo, id_area) values (192, 'ivon pinheiro lobo', to_date('27/06/2010', 'DD/MM/YYYY'), 1, 1, 35);
insert into docente (id, nome, dt_inicio, id_cargo, id_titulo, id_area) values (193, 'julieta rangel de oliveira', to_date('08/02/2007', 'DD/MM/YYYY'), 7, 1, 35);
insert into docente (id, nome, dt_inicio, id_cargo, id_titulo, id_area) values (194, 'luana novaes santos', to_date('21/01/2004', 'DD/MM/YYYY'), 7, 1, 35);
insert into docente (id, nome, dt_inicio, id_cargo, id_titulo, id_area) values (195, 'luiz carlos salay', to_date('27/12/1998', 'DD/MM/YYYY'), 7, 1, 35);
insert into docente (id, nome, dt_inicio, id_cargo, id_titulo, id_area) values (196, 'luiza renata félix de carvalho lima', to_date('27/12/2001', 'DD/MM/YYYY'), 2, 1, 35);
insert into docente (id, nome, dt_inicio, id_cargo, id_titulo, id_area) values (197, 'marcelo franco', to_date('05/07/1997', 'DD/MM/YYYY'), 5, 1, 35);
insert into docente (id, nome, dt_inicio, id_cargo, id_titulo, id_area) values (198, 'maria elvira do rego barros bello', to_date('13/05/2009', 'DD/MM/YYYY'), 1, 1, 35);
insert into docente (id, nome, dt_inicio, id_cargo, id_titulo, id_area) values (199, 'miriam sanae tokumoto', to_date('17/07/2002', 'DD/MM/YYYY'), 1, 1, 35);
insert into docente (id, nome, dt_inicio, id_cargo, id_titulo, id_area) values (200, 'márcio luís oliveira ferreira', to_date('15/04/2011', 'DD/MM/YYYY'), 7, 1, 35);
insert into docente (id, nome, dt_inicio, id_cargo, id_titulo, id_area) values (201, 'neurivaldo josé de guzzi filho', to_date('13/12/2010', 'DD/MM/YYYY'), 7, 1, 35);
insert into docente (id, nome, dt_inicio, id_cargo, id_titulo, id_area) values (202, 'paulo neilson marques dos anjos', to_date('07/02/2012', 'DD/MM/YYYY'), 7, 1, 35);
insert into docente (id, nome, dt_inicio, id_cargo, id_titulo, id_area) values (203, 'raildo mota de jesus', to_date('13/09/2009', 'DD/MM/YYYY'), 5, 1, 35);
insert into docente (id, nome, dt_inicio, id_cargo, id_titulo, id_area) values (204, 'roberto carlos felício', to_date('03/06/2005', 'DD/MM/YYYY'), 5, 1, 35);
insert into docente (id, nome, dt_inicio, id_cargo, id_titulo, id_area) values (205, 'rodrigo luis da silva ribeiro dos santos', to_date('04/07/2004', 'DD/MM/YYYY'), 7, 1, 35);
insert into docente (id, nome, dt_inicio, id_cargo, id_titulo, id_area) values (206, 'rosenira serpa da cruz', to_date('18/10/2000', 'DD/MM/YYYY'), 5, 1, 35);
insert into docente (id, nome, dt_inicio, id_cargo, id_titulo, id_area) values (207, 'rosilene aparecida de oliveira', to_date('24/04/1998', 'DD/MM/YYYY'), 5, 1, 35);
insert into docente (id, nome, dt_inicio, id_cargo, id_titulo, id_area) values (208, 'tânia maria de brito', to_date('20/09/2004', 'DD/MM/YYYY'), 7, 1, 35);
insert into disciplina_formacao (id_disciplina, id_formacao) values (1, 1);
insert into disciplina_formacao (id_disciplina, id_formacao) values (2, 1);
insert into disciplina_formacao (id_disciplina, id_formacao) values (3, 1);
insert into disciplina_formacao (id_disciplina, id_formacao) values (4, 1);
insert into disciplina_formacao (id_disciplina, id_formacao) values (5, 1);
insert into disciplina_formacao (id_disciplina, id_formacao) values (6, 1);
insert into disciplina_formacao (id_disciplina, id_formacao) values (7, 1);
insert into disciplina_formacao (id_disciplina, id_formacao) values (8, 1);
insert into disciplina_formacao (id_disciplina, id_formacao) values (9, 1);
insert into disciplina_formacao (id_disciplina, id_formacao) values (10, 1);
insert into disciplina_formacao (id_disciplina, id_formacao) values (11, 1);
insert into disciplina_formacao (id_disciplina, id_formacao) values (12, 1);
insert into disciplina_formacao (id_disciplina, id_formacao) values (13, 1);
insert into disciplina_formacao (id_disciplina, id_formacao) values (14, 1);
insert into disciplina_formacao (id_disciplina, id_formacao) values (15, 1);
insert into disciplina_formacao (id_disciplina, id_formacao) values (16, 1);
insert into disciplina_formacao (id_disciplina, id_formacao) values (17, 1);
insert into disciplina_formacao (id_disciplina, id_formacao) values (18, 1);
insert into disciplina_formacao (id_disciplina, id_formacao) values (19, 1);
insert into disciplina_formacao (id_disciplina, id_formacao) values (20, 1);
insert into disciplina_formacao (id_disciplina, id_formacao) values (15, 1);
insert into disciplina_formacao (id_disciplina, id_formacao) values (21, 1);
insert into disciplina_formacao (id_disciplina, id_formacao) values (22, 1);
insert into disciplina_formacao (id_disciplina, id_formacao) values (23, 1);
insert into disciplina_formacao (id_disciplina, id_formacao) values (24, 2);
insert into disciplina_formacao (id_disciplina, id_formacao) values (25, 1);
insert into disciplina_formacao (id_disciplina, id_formacao) values (26, 1);
insert into disciplina_formacao (id_disciplina, id_formacao) values (27, 2);
insert into disciplina_formacao (id_disciplina, id_formacao) values (28, 2);
insert into disciplina_formacao (id_disciplina, id_formacao) values (29, 1);
insert into disciplina_formacao (id_disciplina, id_formacao) values (30, 1);
insert into disciplina_formacao (id_disciplina, id_formacao) values (31, 1);
insert into disciplina_formacao (id_disciplina, id_formacao) values (32, 1);
insert into disciplina_formacao (id_disciplina, id_formacao) values (33, 1);
insert into disciplina_formacao (id_disciplina, id_formacao) values (30, 1);
insert into disciplina_formacao (id_disciplina, id_formacao) values (31, 1);
insert into disciplina_formacao (id_disciplina, id_formacao) values (32, 1);
insert into disciplina_formacao (id_disciplina, id_formacao) values (33, 1);
insert into disciplina_formacao (id_disciplina, id_formacao) values (34, 1);
insert into disciplina_formacao (id_disciplina, id_formacao) values (35, 1);
insert into disciplina_formacao (id_disciplina, id_formacao) values (36, 1);
insert into disciplina_formacao (id_disciplina, id_formacao) values (37, 1);
insert into disciplina_formacao (id_disciplina, id_formacao) values (38, 1);
insert into disciplina_formacao (id_disciplina, id_formacao) values (39, 1);
insert into disciplina_formacao (id_disciplina, id_formacao) values (40, 1);
insert into disciplina_formacao (id_disciplina, id_formacao) values (41, 1);
insert into disciplina_formacao (id_disciplina, id_formacao) values (42, 1);
insert into disciplina_formacao (id_disciplina, id_formacao) values (43, 1);
insert into disciplina_formacao (id_disciplina, id_formacao) values (44, 1);
insert into disciplina_formacao (id_disciplina, id_formacao) values (45, 1);
insert into disciplina_formacao (id_disciplina, id_formacao) values (46, 1);
insert into disciplina_formacao (id_disciplina, id_formacao) values (47, 1);
insert into disciplina_formacao (id_disciplina, id_formacao) values (48, 1);
insert into disciplina_formacao (id_disciplina, id_formacao) values (49, 1);
insert into disciplina_formacao (id_disciplina, id_formacao) values (50, 1);
insert into disciplina_formacao (id_disciplina, id_formacao) values (51, 1);
insert into disciplina_formacao (id_disciplina, id_formacao) values (52, 1);
insert into disciplina_formacao (id_disciplina, id_formacao) values (53, 1);
insert into disciplina_formacao (id_disciplina, id_formacao) values (54, 1);
insert into disciplina_formacao (id_disciplina, id_formacao) values (55, 1);
insert into disciplina_formacao (id_disciplina, id_formacao) values (56, 1);
insert into disciplina_formacao (id_disciplina, id_formacao) values (57, 1);
insert into disciplina_formacao (id_disciplina, id_formacao) values (58, 1);
insert into disciplina_formacao (id_disciplina, id_formacao) values (59, 1);
insert into disciplina_formacao (id_disciplina, id_formacao) values (60, 1);
insert into disciplina_formacao (id_disciplina, id_formacao) values (61, 1);
insert into disciplina_formacao (id_disciplina, id_formacao) values (62, 1);
insert into disciplina_formacao (id_disciplina, id_formacao) values (63, 1);
insert into disciplina_formacao (id_disciplina, id_formacao) values (64, 1);
insert into disciplina_formacao (id_disciplina, id_formacao) values (65, 1);
insert into disciplina_formacao (id_disciplina, id_formacao) values (66, 1);
insert into disciplina_formacao (id_disciplina, id_formacao) values (67, 1);
insert into disciplina_formacao (id_disciplina, id_formacao) values (68, 1);
insert into disciplina_formacao (id_disciplina, id_formacao) values (69, 1);
insert into disciplina_formacao (id_disciplina, id_formacao) values (70, 1);
insert into disciplina_formacao (id_disciplina, id_formacao) values (71, 1);
insert into disciplina_formacao (id_disciplina, id_formacao) values (72, 1);
insert into disciplina_formacao (id_disciplina, id_formacao) values (73, 1);
insert into disciplina_formacao (id_disciplina, id_formacao) values (74, 1);
insert into disciplina_formacao (id_disciplina, id_formacao) values (75, 1);
insert into disciplina_formacao (id_disciplina, id_formacao) values (76, 1);
insert into disciplina_formacao (id_disciplina, id_formacao) values (77, 1);
insert into disciplina_formacao (id_disciplina, id_formacao) values (78, 1);
insert into disciplina_formacao (id_disciplina, id_formacao) values (79, 1);
insert into disciplina_formacao (id_disciplina, id_formacao) values (80, 1);
insert into disciplina_formacao (id_disciplina, id_formacao) values (81, 1);
insert into disciplina_formacao (id_disciplina, id_formacao) values (82, 1);
insert into disciplina_formacao (id_disciplina, id_formacao) values (83, 1);
insert into disciplina_formacao (id_disciplina, id_formacao) values (84, 1);
insert into disciplina_formacao (id_disciplina, id_formacao) values (85, 1);
insert into disciplina_formacao (id_disciplina, id_formacao) values (86, 1);
insert into disciplina_formacao (id_disciplina, id_formacao) values (87, 1);
insert into disciplina_formacao (id_disciplina, id_formacao) values (88, 1);
insert into disciplina_formacao (id_disciplina, id_formacao) values (89, 1);
insert into disciplina_formacao (id_disciplina, id_formacao) values (90, 1);
insert into disciplina_formacao (id_disciplina, id_formacao) values (91, 1);
insert into disciplina_formacao (id_disciplina, id_formacao) values (92, 1);
insert into disciplina_formacao (id_disciplina, id_formacao) values (93, 1);
insert into disciplina_formacao (id_disciplina, id_formacao) values (94, 1);
insert into disciplina_formacao (id_disciplina, id_formacao) values (95, 1);
insert into disciplina_formacao (id_disciplina, id_formacao) values (96, 1);
insert into disciplina_formacao (id_disciplina, id_formacao) values (97, 1);
insert into disciplina_formacao (id_disciplina, id_formacao) values (98, 1);
insert into disciplina_formacao (id_disciplina, id_formacao) values (99, 1);
insert into disciplina_formacao (id_disciplina, id_formacao) values (100, 1);
insert into disciplina_formacao (id_disciplina, id_formacao) values (101, 1);
insert into disciplina_formacao (id_disciplina, id_formacao) values (102, 1);
insert into disciplina_formacao (id_disciplina, id_formacao) values (103, 1);
insert into disciplina_formacao (id_disciplina, id_formacao) values (104, 1);
insert into disciplina_formacao (id_disciplina, id_formacao) values (105, 1);
insert into disciplina_formacao (id_disciplina, id_formacao) values (106, 1);
insert into disciplina_formacao (id_disciplina, id_formacao) values (107, 1);
insert into disciplina_formacao (id_disciplina, id_formacao) values (108, 1);
insert into disciplina_formacao (id_disciplina, id_formacao) values (109, 1);
insert into disciplina_formacao (id_disciplina, id_formacao) values (110, 1);
insert into disciplina_formacao (id_disciplina, id_formacao) values (111, 1);
insert into disciplina_formacao (id_disciplina, id_formacao) values (112, 1);
insert into disciplina_formacao (id_disciplina, id_formacao) values (113, 1);
insert into disciplina_formacao (id_disciplina, id_formacao) values (114, 1);
insert into disciplina_formacao (id_disciplina, id_formacao) values (115, 1);
insert into disciplina_formacao (id_disciplina, id_formacao) values (116, 1);
insert into disciplina_formacao (id_disciplina, id_formacao) values (117, 1);
insert into disciplina_formacao (id_disciplina, id_formacao) values (118, 1);
insert into disciplina_formacao (id_disciplina, id_formacao) values (119, 1);
insert into disciplina_formacao (id_disciplina, id_formacao) values (54, 1);
insert into disciplina_formacao (id_disciplina, id_formacao) values (56, 1);
insert into disciplina_formacao (id_disciplina, id_formacao) values (64, 1);
insert into disciplina_formacao (id_disciplina, id_formacao) values (66, 1);
insert into disciplina_formacao (id_disciplina, id_formacao) values (11, 1);
insert into disciplina_formacao (id_disciplina, id_formacao) values (120, 1);
insert into disciplina_formacao (id_disciplina, id_formacao) values (121, 1);
insert into disciplina_formacao (id_disciplina, id_formacao) values (122, 1);
insert into disciplina_formacao (id_disciplina, id_formacao) values (123, 1);
insert into disciplina_formacao (id_disciplina, id_formacao) values (55, 1);
insert into disciplina_formacao (id_disciplina, id_formacao) values (58, 1);
insert into disciplina_formacao (id_disciplina, id_formacao) values (70, 1);
insert into disciplina_formacao (id_disciplina, id_formacao) values (72, 1);
insert into disciplina_formacao (id_disciplina, id_formacao) values (74, 1);
insert into disciplina_formacao (id_disciplina, id_formacao) values (34, 1);
insert into disciplina_formacao (id_disciplina, id_formacao) values (57, 1);
insert into disciplina_formacao (id_disciplina, id_formacao) values (59, 1);
insert into disciplina_formacao (id_disciplina, id_formacao) values (61, 1);
insert into disciplina_formacao (id_disciplina, id_formacao) values (76, 1);
insert into disciplina_formacao (id_disciplina, id_formacao) values (77, 1);
insert into disciplina_formacao (id_disciplina, id_formacao) values (124, 1);
insert into disciplina_formacao (id_disciplina, id_formacao) values (125, 1);
insert into disciplina_formacao (id_disciplina, id_formacao) values (60, 1);
insert into disciplina_formacao (id_disciplina, id_formacao) values (65, 1);
insert into disciplina_formacao (id_disciplina, id_formacao) values (126, 1);
insert into disciplina_formacao (id_disciplina, id_formacao) values (78, 1);
insert into disciplina_formacao (id_disciplina, id_formacao) values (127, 1);
insert into disciplina_formacao (id_disciplina, id_formacao) values (128, 1);
insert into disciplina_formacao (id_disciplina, id_formacao) values (129, 1);
insert into disciplina_formacao (id_disciplina, id_formacao) values (130, 1);
insert into disciplina_formacao (id_disciplina, id_formacao) values (131, 1);
insert into disciplina_formacao (id_disciplina, id_formacao) values (132, 1);
insert into disciplina_formacao (id_disciplina, id_formacao) values (62, 1);
insert into disciplina_formacao (id_disciplina, id_formacao) values (133, 1);
insert into disciplina_formacao (id_disciplina, id_formacao) values (134, 1);
insert into disciplina_formacao (id_disciplina, id_formacao) values (135, 1);
insert into disciplina_formacao (id_disciplina, id_formacao) values (136, 1);
insert into disciplina_formacao (id_disciplina, id_formacao) values (137, 1);
insert into disciplina_formacao (id_disciplina, id_formacao) values (138, 1);
insert into disciplina_formacao (id_disciplina, id_formacao) values (139, 1);
insert into disciplina_formacao (id_disciplina, id_formacao) values (140, 1);
insert into disciplina_formacao (id_disciplina, id_formacao) values (141, 1);
insert into disciplina_formacao (id_disciplina, id_formacao) values (142, 1);
insert into disciplina_formacao (id_disciplina, id_formacao) values (143, 1);
insert into disciplina_formacao (id_disciplina, id_formacao) values (144, 1);
insert into disciplina_formacao (id_disciplina, id_formacao) values (145, 1);
insert into disciplina_formacao (id_disciplina, id_formacao) values (52, 1);
insert into disciplina_formacao (id_disciplina, id_formacao) values (146, 1);
insert into disciplina_formacao (id_disciplina, id_formacao) values (147, 1);
insert into disciplina_formacao (id_disciplina, id_formacao) values (148, 1);
insert into disciplina_formacao (id_disciplina, id_formacao) values (63, 1);
insert into disciplina_formacao (id_disciplina, id_formacao) values (149, 1);
insert into disciplina_formacao (id_disciplina, id_formacao) values (85, 1);
insert into disciplina_formacao (id_disciplina, id_formacao) values (150, 1);
insert into disciplina_formacao (id_disciplina, id_formacao) values (151, 1);
insert into disciplina_formacao (id_disciplina, id_formacao) values (152, 1);
insert into disciplina_formacao (id_disciplina, id_formacao) values (153, 1);
insert into disciplina_formacao (id_disciplina, id_formacao) values (154, 1);
insert into disciplina_formacao (id_disciplina, id_formacao) values (155, 1);
insert into disciplina_formacao (id_disciplina, id_formacao) values (156, 1);
insert into disciplina_formacao (id_disciplina, id_formacao) values (157, 1);
insert into disciplina_formacao (id_disciplina, id_formacao) values (158, 1);
insert into disciplina_formacao (id_disciplina, id_formacao) values (53, 1);
insert into disciplina_formacao (id_disciplina, id_formacao) values (159, 1);
insert into disciplina_formacao (id_disciplina, id_formacao) values (160, 1);
insert into disciplina_formacao (id_disciplina, id_formacao) values (161, 1);
insert into disciplina_formacao (id_disciplina, id_formacao) values (162, 1);
insert into disciplina_formacao (id_disciplina, id_formacao) values (163, 1);
insert into disciplina_formacao (id_disciplina, id_formacao) values (164, 1);
insert into disciplina_formacao (id_disciplina, id_formacao) values (165, 1);
insert into disciplina_formacao (id_disciplina, id_formacao) values (166, 1);
insert into disciplina_formacao (id_disciplina, id_formacao) values (167, 1);
insert into disciplina_formacao (id_disciplina, id_formacao) values (168, 1);
insert into disciplina_formacao (id_disciplina, id_formacao) values (169, 1);
insert into disciplina_formacao (id_disciplina, id_formacao) values (170, 1);
insert into disciplina_formacao (id_disciplina, id_formacao) values (171, 1);
insert into disciplina_formacao (id_disciplina, id_formacao) values (172, 1);
insert into disciplina_formacao (id_disciplina, id_formacao) values (173, 1);
insert into disciplina_formacao (id_disciplina, id_formacao) values (174, 1);
insert into disciplina_formacao (id_disciplina, id_formacao) values (175, 1);
insert into disciplina_formacao (id_disciplina, id_formacao) values (176, 1);
insert into disciplina_formacao (id_disciplina, id_formacao) values (177, 1);
insert into disciplina_formacao (id_disciplina, id_formacao) values (178, 1);
insert into disciplina_formacao (id_disciplina, id_formacao) values (179, 1);
insert into disciplina_formacao (id_disciplina, id_formacao) values (180, 1);
insert into disciplina_formacao (id_disciplina, id_formacao) values (181, 1);
insert into disciplina_formacao (id_disciplina, id_formacao) values (182, 1);
insert into disciplina_formacao (id_disciplina, id_formacao) values (183, 1);
insert into disciplina_formacao (id_disciplina, id_formacao) values (184, 1);
insert into disciplina_formacao (id_disciplina, id_formacao) values (185, 1);
insert into disciplina_formacao (id_disciplina, id_formacao) values (186, 1);
insert into disciplina_formacao (id_disciplina, id_formacao) values (187, 1);
insert into disciplina_formacao (id_disciplina, id_formacao) values (188, 1);
insert into disciplina_formacao (id_disciplina, id_formacao) values (54, 1);
insert into disciplina_formacao (id_disciplina, id_formacao) values (55, 1);
insert into disciplina_formacao (id_disciplina, id_formacao) values (57, 1);
insert into disciplina_formacao (id_disciplina, id_formacao) values (65, 1);
insert into disciplina_formacao (id_disciplina, id_formacao) values (64, 1);
insert into disciplina_formacao (id_disciplina, id_formacao) values (70, 1);
insert into disciplina_formacao (id_disciplina, id_formacao) values (60, 1);
insert into disciplina_formacao (id_disciplina, id_formacao) values (56, 1);
insert into disciplina_formacao (id_disciplina, id_formacao) values (58, 1);
insert into disciplina_formacao (id_disciplina, id_formacao) values (61, 1);
insert into disciplina_formacao (id_disciplina, id_formacao) values (66, 1);
insert into disciplina_formacao (id_disciplina, id_formacao) values (66, 1);
insert into disciplina_formacao (id_disciplina, id_formacao) values (66, 1);
insert into disciplina_formacao (id_disciplina, id_formacao) values (72, 1);
insert into disciplina_formacao (id_disciplina, id_formacao) values (72, 1);
insert into disciplina_formacao (id_disciplina, id_formacao) values (72, 1);
insert into disciplina_formacao (id_disciplina, id_formacao) values (75, 1);
insert into disciplina_formacao (id_disciplina, id_formacao) values (75, 1);
insert into disciplina_formacao (id_disciplina, id_formacao) values (67, 1);
insert into disciplina_formacao (id_disciplina, id_formacao) values (67, 1);
insert into disciplina_formacao (id_disciplina, id_formacao) values (67, 1);
insert into disciplina_formacao (id_disciplina, id_formacao) values (67, 1);
insert into disciplina_formacao (id_disciplina, id_formacao) values (73, 1);
insert into disciplina_formacao (id_disciplina, id_formacao) values (73, 1);
insert into disciplina_formacao (id_disciplina, id_formacao) values (73, 1);
insert into disciplina_formacao (id_disciplina, id_formacao) values (73, 1);
insert into disciplina_formacao (id_disciplina, id_formacao) values (74, 1);
insert into disciplina_formacao (id_disciplina, id_formacao) values (74, 1);
insert into disciplina_formacao (id_disciplina, id_formacao) values (74, 1);
insert into disciplina_formacao (id_disciplina, id_formacao) values (77, 1);
insert into disciplina_formacao (id_disciplina, id_formacao) values (77, 1);
insert into disciplina_formacao (id_disciplina, id_formacao) values (77, 1);
insert into disciplina_formacao (id_disciplina, id_formacao) values (59, 1);
insert into disciplina_formacao (id_disciplina, id_formacao) values (76, 1);
insert into disciplina_formacao (id_disciplina, id_formacao) values (189, 1);
insert into disciplina_formacao (id_disciplina, id_formacao) values (190, 1);
insert into disciplina_formacao (id_disciplina, id_formacao) values (191, 1);
insert into disciplina_formacao (id_disciplina, id_formacao) values (192, 1);
insert into disciplina_formacao (id_disciplina, id_formacao) values (192, 1);
insert into disciplina_formacao (id_disciplina, id_formacao) values (35, 1);
insert into disciplina_formacao (id_disciplina, id_formacao) values (193, 1);
insert into disciplina_formacao (id_disciplina, id_formacao) values (194, 1);
insert into disciplina_formacao (id_disciplina, id_formacao) values (78, 1);
insert into disciplina_formacao (id_disciplina, id_formacao) values (78, 1);
insert into disciplina_formacao (id_disciplina, id_formacao) values (78, 1);
insert into disciplina_formacao (id_disciplina, id_formacao) values (78, 1);
insert into disciplina_formacao (id_disciplina, id_formacao) values (80, 1);
insert into disciplina_formacao (id_disciplina, id_formacao) values (80, 1);
insert into disciplina_formacao (id_disciplina, id_formacao) values (80, 1);
insert into disciplina_formacao (id_disciplina, id_formacao) values (82, 1);
insert into disciplina_formacao (id_disciplina, id_formacao) values (71, 1);
insert into disciplina_formacao (id_disciplina, id_formacao) values (34, 1);
insert into disciplina_formacao (id_disciplina, id_formacao) values (195, 1);
insert into disciplina_formacao (id_disciplina, id_formacao) values (83, 1);
insert into disciplina_formacao (id_disciplina, id_formacao) values (196, 1);
insert into disciplina_formacao (id_disciplina, id_formacao) values (197, 1);
insert into disciplina_formacao (id_disciplina, id_formacao) values (198, 1);
insert into disciplina_formacao (id_disciplina, id_formacao) values (199, 1);
insert into disciplina_formacao (id_disciplina, id_formacao) values (79, 1);
insert into disciplina_formacao (id_disciplina, id_formacao) values (200, 1);
insert into disciplina_formacao (id_disciplina, id_formacao) values (201, 1);
insert into disciplina_formacao (id_disciplina, id_formacao) values (202, 1);
insert into disciplina_formacao (id_disciplina, id_formacao) values (203, 1);
insert into disciplina_formacao (id_disciplina, id_formacao) values (81, 1);
insert into disciplina_formacao (id_disciplina, id_formacao) values (204, 1);
insert into disciplina_formacao (id_disciplina, id_formacao) values (205, 1);
insert into disciplina_formacao (id_disciplina, id_formacao) values (206, 1);
insert into disciplina_formacao (id_disciplina, id_formacao) values (207, 1);
insert into disciplina_formacao (id_disciplina, id_formacao) values (208, 1);
insert into disciplina_formacao (id_disciplina, id_formacao) values (209, 1);
insert into disciplina_formacao (id_disciplina, id_formacao) values (210, 1);
insert into disciplina_formacao (id_disciplina, id_formacao) values (211, 1);
insert into disciplina_formacao (id_disciplina, id_formacao) values (212, 1);
insert into disciplina_formacao (id_disciplina, id_formacao) values (213, 1);
insert into disciplina_formacao (id_disciplina, id_formacao) values (214, 1);
insert into disciplina_formacao (id_disciplina, id_formacao) values (215, 1);
insert into disciplina_formacao (id_disciplina, id_formacao) values (216, 1);
insert into disciplina_formacao (id_disciplina, id_formacao) values (217, 1);
insert into disciplina_formacao (id_disciplina, id_formacao) values (218, 1);
insert into disciplina_formacao (id_disciplina, id_formacao) values (219, 1);
insert into disciplina_formacao (id_disciplina, id_formacao) values (220, 1);
insert into disciplina_formacao (id_disciplina, id_formacao) values (221, 1);
insert into disciplina_formacao (id_disciplina, id_formacao) values (222, 1);
insert into disciplina_formacao (id_disciplina, id_formacao) values (223, 1);
insert into disciplina_formacao (id_disciplina, id_formacao) values (224, 1);
insert into disciplina_formacao (id_disciplina, id_formacao) values (225, 1);
insert into disciplina_formacao (id_disciplina, id_formacao) values (226, 1);
insert into disciplina_formacao (id_disciplina, id_formacao) values (149, 1);
insert into disciplina_formacao (id_disciplina, id_formacao) values (227, 1);
insert into disciplina_formacao (id_disciplina, id_formacao) values (228, 1);
insert into disciplina_formacao (id_disciplina, id_formacao) values (229, 1);
insert into disciplina_formacao (id_disciplina, id_formacao) values (230, 1);
insert into disciplina_formacao (id_disciplina, id_formacao) values (231, 1);
insert into disciplina_formacao (id_disciplina, id_formacao) values (74, 1);
insert into disciplina_formacao (id_disciplina, id_formacao) values (77, 1);
insert into disciplina_formacao (id_disciplina, id_formacao) values (70, 1);
insert into disciplina_formacao (id_disciplina, id_formacao) values (54, 1);
insert into disciplina_formacao (id_disciplina, id_formacao) values (55, 1);
insert into disciplina_formacao (id_disciplina, id_formacao) values (57, 1);
insert into disciplina_formacao (id_disciplina, id_formacao) values (65, 1);
insert into disciplina_formacao (id_disciplina, id_formacao) values (64, 1);
insert into disciplina_formacao (id_disciplina, id_formacao) values (60, 1);
insert into disciplina_formacao (id_disciplina, id_formacao) values (59, 1);
insert into disciplina_formacao (id_disciplina, id_formacao) values (56, 1);
insert into disciplina_formacao (id_disciplina, id_formacao) values (58, 1);
insert into disciplina_formacao (id_disciplina, id_formacao) values (61, 1);
insert into disciplina_formacao (id_disciplina, id_formacao) values (63, 1);
insert into disciplina_formacao (id_disciplina, id_formacao) values (66, 1);
insert into disciplina_formacao (id_disciplina, id_formacao) values (72, 1);
insert into disciplina_formacao (id_disciplina, id_formacao) values (232, 1);
insert into disciplina_formacao (id_disciplina, id_formacao) values (76, 1);
insert into disciplina_formacao (id_disciplina, id_formacao) values (189, 1);
insert into disciplina_formacao (id_disciplina, id_formacao) values (233, 1);
insert into disciplina_formacao (id_disciplina, id_formacao) values (234, 1);
insert into disciplina_formacao (id_disciplina, id_formacao) values (235, 1);
insert into disciplina_formacao (id_disciplina, id_formacao) values (236, 1);
insert into disciplina_formacao (id_disciplina, id_formacao) values (237, 1);
insert into disciplina_formacao (id_disciplina, id_formacao) values (238, 1);
insert into disciplina_formacao (id_disciplina, id_formacao) values (71, 1);
insert into disciplina_formacao (id_disciplina, id_formacao) values (239, 1);
insert into disciplina_formacao (id_disciplina, id_formacao) values (240, 1);
insert into disciplina_formacao (id_disciplina, id_formacao) values (241, 1);
insert into disciplina_formacao (id_disciplina, id_formacao) values (242, 1);
insert into disciplina_formacao (id_disciplina, id_formacao) values (243, 1);
insert into disciplina_formacao (id_disciplina, id_formacao) values (244, 1);
insert into disciplina_formacao (id_disciplina, id_formacao) values (245, 1);
insert into disciplina_formacao (id_disciplina, id_formacao) values (246, 1);
insert into disciplina_formacao (id_disciplina, id_formacao) values (247, 1);
insert into disciplina_formacao (id_disciplina, id_formacao) values (248, 1);
insert into disciplina_formacao (id_disciplina, id_formacao) values (249, 1);
insert into disciplina_formacao (id_disciplina, id_formacao) values (250, 1);
insert into disciplina_formacao (id_disciplina, id_formacao) values (251, 1);
insert into disciplina_formacao (id_disciplina, id_formacao) values (252, 1);
insert into disciplina_formacao (id_disciplina, id_formacao) values (253, 1);
insert into disciplina_formacao (id_disciplina, id_formacao) values (254, 1);
insert into disciplina_formacao (id_disciplina, id_formacao) values (255, 1);
insert into disciplina_formacao (id_disciplina, id_formacao) values (256, 1);
insert into disciplina_formacao (id_disciplina, id_formacao) values (257, 1);
insert into disciplina_formacao (id_disciplina, id_formacao) values (258, 1);
insert into disciplina_formacao (id_disciplina, id_formacao) values (259, 1);
insert into disciplina_formacao (id_disciplina, id_formacao) values (260, 1);
insert into disciplina_formacao (id_disciplina, id_formacao) values (261, 1);
insert into disciplina_formacao (id_disciplina, id_formacao) values (262, 1);
insert into disciplina_formacao (id_disciplina, id_formacao) values (263, 1);
insert into disciplina_formacao (id_disciplina, id_formacao) values (264, 1);
insert into disciplina_formacao (id_disciplina, id_formacao) values (265, 1);
insert into disciplina_formacao (id_disciplina, id_formacao) values (266, 1);
insert into disciplina_formacao (id_disciplina, id_formacao) values (267, 1);
insert into disciplina_formacao (id_disciplina, id_formacao) values (268, 1);
insert into disciplina_formacao (id_disciplina, id_formacao) values (269, 1);
insert into disciplina_formacao (id_disciplina, id_formacao) values (270, 1);
insert into disciplina_formacao (id_disciplina, id_formacao) values (271, 1);
insert into disciplina_formacao (id_disciplina, id_formacao) values (272, 1);
insert into disciplina_formacao (id_disciplina, id_formacao) values (273, 1);
insert into disciplina_formacao (id_disciplina, id_formacao) values (274, 1);
insert into disciplina_formacao (id_disciplina, id_formacao) values (275, 1);
insert into disciplina_formacao (id_disciplina, id_formacao) values (276, 1);
insert into disciplina_formacao (id_disciplina, id_formacao) values (277, 1);
insert into disciplina_formacao (id_disciplina, id_formacao) values (278, 1);
insert into disciplina_formacao (id_disciplina, id_formacao) values (279, 1);
insert into disciplina_formacao (id_disciplina, id_formacao) values (280, 1);
insert into disciplina_formacao (id_disciplina, id_formacao) values (281, 1);
insert into disciplina_formacao (id_disciplina, id_formacao) values (282, 1);
insert into disciplina_formacao (id_disciplina, id_formacao) values (283, 1);
insert into disciplina_formacao (id_disciplina, id_formacao) values (284, 1);
insert into disciplina_formacao (id_disciplina, id_formacao) values (285, 1);
insert into disciplina_formacao (id_disciplina, id_formacao) values (286, 1);
insert into disciplina_formacao (id_disciplina, id_formacao) values (287, 1);
insert into disciplina_formacao (id_disciplina, id_formacao) values (288, 1);
insert into disciplina_formacao (id_disciplina, id_formacao) values (289, 1);
insert into disciplina_formacao (id_disciplina, id_formacao) values (290, 1);
insert into disciplina_formacao (id_disciplina, id_formacao) values (291, 1);
insert into disciplina_formacao (id_disciplina, id_formacao) values (54, 1);
insert into disciplina_formacao (id_disciplina, id_formacao) values (292, 1);
insert into disciplina_formacao (id_disciplina, id_formacao) values (64, 1);
insert into disciplina_formacao (id_disciplina, id_formacao) values (56, 1);
insert into disciplina_formacao (id_disciplina, id_formacao) values (66, 1);
insert into disciplina_formacao (id_disciplina, id_formacao) values (67, 1);
insert into disciplina_formacao (id_disciplina, id_formacao) values (293, 1);
insert into disciplina_formacao (id_disciplina, id_formacao) values (70, 1);
insert into disciplina_formacao (id_disciplina, id_formacao) values (55, 1);
insert into disciplina_formacao (id_disciplina, id_formacao) values (71, 1);
insert into disciplina_formacao (id_disciplina, id_formacao) values (58, 1);
insert into disciplina_formacao (id_disciplina, id_formacao) values (72, 1);
insert into disciplina_formacao (id_disciplina, id_formacao) values (74, 1);
insert into disciplina_formacao (id_disciplina, id_formacao) values (73, 1);
insert into disciplina_formacao (id_disciplina, id_formacao) values (57, 1);
insert into disciplina_formacao (id_disciplina, id_formacao) values (61, 1);
insert into disciplina_formacao (id_disciplina, id_formacao) values (34, 1);
insert into disciplina_formacao (id_disciplina, id_formacao) values (77, 1);
insert into disciplina_formacao (id_disciplina, id_formacao) values (294, 1);
insert into disciplina_formacao (id_disciplina, id_formacao) values (59, 1);
insert into disciplina_formacao (id_disciplina, id_formacao) values (295, 1);
insert into disciplina_formacao (id_disciplina, id_formacao) values (65, 1);
insert into disciplina_formacao (id_disciplina, id_formacao) values (60, 1);
insert into disciplina_formacao (id_disciplina, id_formacao) values (78, 1);
insert into disciplina_formacao (id_disciplina, id_formacao) values (63, 1);
insert into disciplina_formacao (id_disciplina, id_formacao) values (296, 1);
insert into disciplina_formacao (id_disciplina, id_formacao) values (297, 1);
insert into disciplina_formacao (id_disciplina, id_formacao) values (298, 1);
insert into disciplina_formacao (id_disciplina, id_formacao) values (299, 1);
insert into disciplina_formacao (id_disciplina, id_formacao) values (300, 1);
insert into disciplina_formacao (id_disciplina, id_formacao) values (301, 1);
insert into disciplina_formacao (id_disciplina, id_formacao) values (196, 1);
insert into disciplina_formacao (id_disciplina, id_formacao) values (302, 1);
insert into disciplina_formacao (id_disciplina, id_formacao) values (189, 1);
insert into disciplina_formacao (id_disciplina, id_formacao) values (303, 1);
insert into disciplina_formacao (id_disciplina, id_formacao) values (304, 1);
insert into disciplina_formacao (id_disciplina, id_formacao) values (305, 1);
insert into disciplina_formacao (id_disciplina, id_formacao) values (306, 1);
insert into disciplina_formacao (id_disciplina, id_formacao) values (307, 1);
insert into disciplina_formacao (id_disciplina, id_formacao) values (308, 1);
insert into disciplina_formacao (id_disciplina, id_formacao) values (309, 1);
insert into disciplina_formacao (id_disciplina, id_formacao) values (310, 1);
insert into disciplina_formacao (id_disciplina, id_formacao) values (311, 1);
insert into disciplina_formacao (id_disciplina, id_formacao) values (312, 1);
insert into disciplina_formacao (id_disciplina, id_formacao) values (313, 1);
insert into disciplina_formacao (id_disciplina, id_formacao) values (314, 1);
insert into disciplina_formacao (id_disciplina, id_formacao) values (315, 1);
insert into disciplina_formacao (id_disciplina, id_formacao) values (316, 1);
insert into disciplina_formacao (id_disciplina, id_formacao) values (317, 1);
insert into disciplina_formacao (id_disciplina, id_formacao) values (318, 1);
insert into disciplina_formacao (id_disciplina, id_formacao) values (319, 1);
insert into disciplina_formacao (id_disciplina, id_formacao) values (320, 1);
insert into disciplina_formacao (id_disciplina, id_formacao) values (321, 1);
insert into disciplina_formacao (id_disciplina, id_formacao) values (322, 1);
insert into disciplina_formacao (id_disciplina, id_formacao) values (39, 1);
insert into disciplina_formacao (id_disciplina, id_formacao) values (323, 1);
insert into disciplina_formacao (id_disciplina, id_formacao) values (324, 1);
insert into disciplina_formacao (id_disciplina, id_formacao) values (325, 1);
insert into disciplina_formacao (id_disciplina, id_formacao) values (326, 1);
insert into disciplina_formacao (id_disciplina, id_formacao) values (327, 1);
insert into disciplina_formacao (id_disciplina, id_formacao) values (328, 1);
insert into disciplina_formacao (id_disciplina, id_formacao) values (40, 1);
insert into disciplina_formacao (id_disciplina, id_formacao) values (329, 1);
insert into disciplina_formacao (id_disciplina, id_formacao) values (85, 1);
insert into disciplina_formacao (id_disciplina, id_formacao) values (38, 1);
insert into disciplina_formacao (id_disciplina, id_formacao) values (83, 1);
insert into disciplina_formacao (id_disciplina, id_formacao) values (330, 1);
insert into disciplina_formacao (id_disciplina, id_formacao) values (36, 1);
insert into disciplina_formacao (id_disciplina, id_formacao) values (37, 1);
insert into disciplina_formacao (id_disciplina, id_formacao) values (331, 1);
insert into disciplina_formacao (id_disciplina, id_formacao) values (332, 1);
insert into disciplina_formacao (id_disciplina, id_formacao) values (333, 1);
insert into disciplina_formacao (id_disciplina, id_formacao) values (334, 1);
insert into disciplina_formacao (id_disciplina, id_formacao) values (335, 1);
insert into disciplina_formacao (id_disciplina, id_formacao) values (336, 1);
insert into disciplina_formacao (id_disciplina, id_formacao) values (337, 1);
insert into disciplina_formacao (id_disciplina, id_formacao) values (158, 1);
insert into disciplina_formacao (id_disciplina, id_formacao) values (338, 1);
insert into disciplina_formacao (id_disciplina, id_formacao) values (52, 1);
insert into disciplina_formacao (id_disciplina, id_formacao) values (339, 1);
insert into disciplina_formacao (id_disciplina, id_formacao) values (340, 1);
insert into disciplina_formacao (id_disciplina, id_formacao) values (55, 1);
insert into disciplina_formacao (id_disciplina, id_formacao) values (341, 1);
insert into disciplina_formacao (id_disciplina, id_formacao) values (342, 1);
insert into disciplina_formacao (id_disciplina, id_formacao) values (343, 1);
insert into disciplina_formacao (id_disciplina, id_formacao) values (344, 1);
insert into disciplina_formacao (id_disciplina, id_formacao) values (57, 1);
insert into disciplina_formacao (id_disciplina, id_formacao) values (345, 1);
insert into disciplina_formacao (id_disciplina, id_formacao) values (346, 1);
insert into disciplina_formacao (id_disciplina, id_formacao) values (58, 1);
insert into disciplina_formacao (id_disciplina, id_formacao) values (347, 1);
insert into disciplina_formacao (id_disciplina, id_formacao) values (59, 1);
insert into disciplina_formacao (id_disciplina, id_formacao) values (60, 1);
insert into disciplina_formacao (id_disciplina, id_formacao) values (348, 1);
insert into disciplina_formacao (id_disciplina, id_formacao) values (61, 1);
insert into disciplina_formacao (id_disciplina, id_formacao) values (349, 1);
insert into disciplina_formacao (id_disciplina, id_formacao) values (62, 1);
insert into disciplina_formacao (id_disciplina, id_formacao) values (350, 1);
insert into disciplina_formacao (id_disciplina, id_formacao) values (351, 1);
insert into disciplina_formacao (id_disciplina, id_formacao) values (63, 1);
insert into disciplina_formacao (id_disciplina, id_formacao) values (352, 1);
insert into disciplina_formacao (id_disciplina, id_formacao) values (353, 1);
insert into disciplina_formacao (id_disciplina, id_formacao) values (354, 1);
insert into disciplina_formacao (id_disciplina, id_formacao) values (355, 1);
insert into disciplina_formacao (id_disciplina, id_formacao) values (356, 1);
insert into disciplina_formacao (id_disciplina, id_formacao) values (357, 1);
insert into disciplina_formacao (id_disciplina, id_formacao) values (358, 1);
insert into disciplina_formacao (id_disciplina, id_formacao) values (359, 1);
insert into disciplina_formacao (id_disciplina, id_formacao) values (360, 1);
insert into disciplina_formacao (id_disciplina, id_formacao) values (361, 1);
insert into disciplina_formacao (id_disciplina, id_formacao) values (362, 1);
insert into disciplina_formacao (id_disciplina, id_formacao) values (363, 1);
insert into disciplina_formacao (id_disciplina, id_formacao) values (364, 1);
insert into disciplina_formacao (id_disciplina, id_formacao) values (365, 1);
insert into disciplina_formacao (id_disciplina, id_formacao) values (366, 1);
insert into disciplina_formacao (id_disciplina, id_formacao) values (367, 1);
insert into disciplina_formacao (id_disciplina, id_formacao) values (368, 1);
insert into disciplina_formacao (id_disciplina, id_formacao) values (369, 1);
insert into disciplina_formacao (id_disciplina, id_formacao) values (370, 1);
insert into disciplina_formacao (id_disciplina, id_formacao) values (371, 1);
insert into disciplina_formacao (id_disciplina, id_formacao) values (372, 1);
insert into disciplina_formacao (id_disciplina, id_formacao) values (373, 1);
insert into disciplina_formacao (id_disciplina, id_formacao) values (374, 1);
insert into disciplina_formacao (id_disciplina, id_formacao) values (375, 1);
insert into disciplina_formacao (id_disciplina, id_formacao) values (376, 1);
insert into disciplina_formacao (id_disciplina, id_formacao) values (377, 1);
insert into disciplina_formacao (id_disciplina, id_formacao) values (378, 1);
insert into disciplina_formacao (id_disciplina, id_formacao) values (379, 1);
insert into disciplina_formacao (id_disciplina, id_formacao) values (380, 1);
insert into disciplina_formacao (id_disciplina, id_formacao) values (381, 1);
insert into disciplina_formacao (id_disciplina, id_formacao) values (382, 1);
insert into disciplina_formacao (id_disciplina, id_formacao) values (383, 1);
insert into disciplina_formacao (id_disciplina, id_formacao) values (384, 1);
insert into disciplina_formacao (id_disciplina, id_formacao) values (385, 1);
insert into disciplina_formacao (id_disciplina, id_formacao) values (386, 1);
insert into disciplina_formacao (id_disciplina, id_formacao) values (387, 1);
insert into disciplina_formacao (id_disciplina, id_formacao) values (388, 1);
insert into disciplina_formacao (id_disciplina, id_formacao) values (389, 1);
insert into disciplina_formacao (id_disciplina, id_formacao) values (390, 1);
insert into disciplina_formacao (id_disciplina, id_formacao) values (391, 1);
insert into disciplina_formacao (id_disciplina, id_formacao) values (392, 1);
insert into disciplina_formacao (id_disciplina, id_formacao) values (393, 1);
insert into disciplina_formacao (id_disciplina, id_formacao) values (394, 1);
insert into disciplina_formacao (id_disciplina, id_formacao) values (395, 1);
insert into disciplina_formacao (id_disciplina, id_formacao) values (396, 1);
insert into disciplina_formacao (id_disciplina, id_formacao) values (397, 1);
insert into disciplina_formacao (id_disciplina, id_formacao) values (398, 1);
insert into disciplina_formacao (id_disciplina, id_formacao) values (399, 2);
insert into disciplina_formacao (id_disciplina, id_formacao) values (54, 2);
insert into disciplina_formacao (id_disciplina, id_formacao) values (55, 2);
insert into disciplina_formacao (id_disciplina, id_formacao) values (341, 2);
insert into disciplina_formacao (id_disciplina, id_formacao) values (342, 2);
insert into disciplina_formacao (id_disciplina, id_formacao) values (343, 2);
insert into disciplina_formacao (id_disciplina, id_formacao) values (344, 2);
insert into disciplina_formacao (id_disciplina, id_formacao) values (57, 2);
insert into disciplina_formacao (id_disciplina, id_formacao) values (346, 2);
insert into disciplina_formacao (id_disciplina, id_formacao) values (58, 2);
insert into disciplina_formacao (id_disciplina, id_formacao) values (347, 2);
insert into disciplina_formacao (id_disciplina, id_formacao) values (61, 2);
insert into disciplina_formacao (id_disciplina, id_formacao) values (349, 2);
insert into disciplina_formacao (id_disciplina, id_formacao) values (350, 2);
insert into disciplina_formacao (id_disciplina, id_formacao) values (63, 2);
insert into disciplina_formacao (id_disciplina, id_formacao) values (352, 2);
insert into disciplina_formacao (id_disciplina, id_formacao) values (356, 2);
insert into disciplina_formacao (id_disciplina, id_formacao) values (357, 2);
insert into disciplina_formacao (id_disciplina, id_formacao) values (358, 2);
insert into disciplina_formacao (id_disciplina, id_formacao) values (400, 2);
insert into disciplina_formacao (id_disciplina, id_formacao) values (401, 2);
insert into disciplina_formacao (id_disciplina, id_formacao) values (402, 2);
insert into disciplina_formacao (id_disciplina, id_formacao) values (403, 2);
insert into disciplina_formacao (id_disciplina, id_formacao) values (404, 2);
insert into disciplina_formacao (id_disciplina, id_formacao) values (405, 2);
insert into disciplina_formacao (id_disciplina, id_formacao) values (406, 2);
insert into disciplina_formacao (id_disciplina, id_formacao) values (407, 2);
insert into disciplina_formacao (id_disciplina, id_formacao) values (408, 2);
insert into disciplina_formacao (id_disciplina, id_formacao) values (409, 2);
insert into disciplina_formacao (id_disciplina, id_formacao) values (365, 2);
insert into disciplina_formacao (id_disciplina, id_formacao) values (366, 2);
insert into disciplina_formacao (id_disciplina, id_formacao) values (367, 2);
insert into disciplina_formacao (id_disciplina, id_formacao) values (345, 2);
insert into disciplina_formacao (id_disciplina, id_formacao) values (59, 2);
insert into disciplina_formacao (id_disciplina, id_formacao) values (60, 2);
insert into disciplina_formacao (id_disciplina, id_formacao) values (348, 2);
insert into disciplina_formacao (id_disciplina, id_formacao) values (62, 2);
insert into disciplina_formacao (id_disciplina, id_formacao) values (351, 2);
insert into disciplina_formacao (id_disciplina, id_formacao) values (354, 2);
insert into disciplina_formacao (id_disciplina, id_formacao) values (355, 2);
insert into disciplina_formacao (id_disciplina, id_formacao) values (410, 2);
insert into disciplina_formacao (id_disciplina, id_formacao) values (362, 2);
insert into disciplina_formacao (id_disciplina, id_formacao) values (363, 2);
insert into disciplina_formacao (id_disciplina, id_formacao) values (370, 2);
insert into disciplina_formacao (id_disciplina, id_formacao) values (371, 2);
insert into disciplina_formacao (id_disciplina, id_formacao) values (372, 2);
insert into disciplina_formacao (id_disciplina, id_formacao) values (386, 2);
insert into disciplina_formacao (id_disciplina, id_formacao) values (373, 2);
insert into disciplina_formacao (id_disciplina, id_formacao) values (387, 2);
insert into disciplina_formacao (id_disciplina, id_formacao) values (368, 2);
insert into disciplina_formacao (id_disciplina, id_formacao) values (374, 2);
insert into disciplina_formacao (id_disciplina, id_formacao) values (388, 2);
insert into disciplina_formacao (id_disciplina, id_formacao) values (375, 2);
insert into disciplina_formacao (id_disciplina, id_formacao) values (389, 2);
insert into disciplina_formacao (id_disciplina, id_formacao) values (390, 2);
insert into disciplina_formacao (id_disciplina, id_formacao) values (376, 2);
insert into disciplina_formacao (id_disciplina, id_formacao) values (377, 2);
insert into disciplina_formacao (id_disciplina, id_formacao) values (378, 2);
insert into disciplina_formacao (id_disciplina, id_formacao) values (379, 2);
insert into disciplina_formacao (id_disciplina, id_formacao) values (380, 2);
insert into disciplina_formacao (id_disciplina, id_formacao) values (381, 2);
insert into disciplina_formacao (id_disciplina, id_formacao) values (391, 2);
insert into disciplina_formacao (id_disciplina, id_formacao) values (392, 2);
insert into disciplina_formacao (id_disciplina, id_formacao) values (393, 2);
insert into disciplina_formacao (id_disciplina, id_formacao) values (411, 1);
insert into disciplina_formacao (id_disciplina, id_formacao) values (412, 1);
insert into disciplina_formacao (id_disciplina, id_formacao) values (413, 1);
insert into disciplina_formacao (id_disciplina, id_formacao) values (414, 1);
insert into disciplina_formacao (id_disciplina, id_formacao) values (415, 1);
insert into disciplina_formacao (id_disciplina, id_formacao) values (416, 1);
insert into disciplina_formacao (id_disciplina, id_formacao) values (417, 1);
insert into disciplina_formacao (id_disciplina, id_formacao) values (418, 1);
insert into disciplina_formacao (id_disciplina, id_formacao) values (54, 1);
insert into disciplina_formacao (id_disciplina, id_formacao) values (419, 1);
insert into disciplina_formacao (id_disciplina, id_formacao) values (420, 1);
insert into disciplina_formacao (id_disciplina, id_formacao) values (55, 1);
insert into disciplina_formacao (id_disciplina, id_formacao) values (56, 1);
insert into disciplina_formacao (id_disciplina, id_formacao) values (421, 1);
insert into disciplina_formacao (id_disciplina, id_formacao) values (422, 1);
insert into disciplina_formacao (id_disciplina, id_formacao) values (423, 1);
insert into disciplina_formacao (id_disciplina, id_formacao) values (424, 1);
insert into disciplina_formacao (id_disciplina, id_formacao) values (57, 1);
insert into disciplina_formacao (id_disciplina, id_formacao) values (58, 1);
insert into disciplina_formacao (id_disciplina, id_formacao) values (425, 1);
insert into disciplina_formacao (id_disciplina, id_formacao) values (426, 1);
insert into disciplina_formacao (id_disciplina, id_formacao) values (427, 1);
insert into disciplina_formacao (id_disciplina, id_formacao) values (61, 1);
insert into disciplina_formacao (id_disciplina, id_formacao) values (428, 1);
insert into disciplina_formacao (id_disciplina, id_formacao) values (429, 1);
insert into disciplina_formacao (id_disciplina, id_formacao) values (430, 1);
insert into disciplina_formacao (id_disciplina, id_formacao) values (431, 1);
insert into disciplina_formacao (id_disciplina, id_formacao) values (432, 1);
insert into disciplina_formacao (id_disciplina, id_formacao) values (433, 1);
insert into disciplina_formacao (id_disciplina, id_formacao) values (434, 1);
insert into disciplina_formacao (id_disciplina, id_formacao) values (435, 1);
insert into disciplina_formacao (id_disciplina, id_formacao) values (436, 1);
insert into disciplina_formacao (id_disciplina, id_formacao) values (437, 1);
insert into disciplina_formacao (id_disciplina, id_formacao) values (438, 1);
insert into disciplina_formacao (id_disciplina, id_formacao) values (439, 1);
insert into disciplina_formacao (id_disciplina, id_formacao) values (440, 1);
insert into disciplina_formacao (id_disciplina, id_formacao) values (441, 1);
insert into disciplina_formacao (id_disciplina, id_formacao) values (442, 2);
insert into disciplina_formacao (id_disciplina, id_formacao) values (443, 2);
insert into disciplina_formacao (id_disciplina, id_formacao) values (444, 2);
insert into disciplina_formacao (id_disciplina, id_formacao) values (445, 2);
insert into disciplina_formacao (id_disciplina, id_formacao) values (446, 2);
insert into disciplina_formacao (id_disciplina, id_formacao) values (447, 2);
insert into disciplina_formacao (id_disciplina, id_formacao) values (399, 2);
insert into disciplina_formacao (id_disciplina, id_formacao) values (54, 2);
insert into disciplina_formacao (id_disciplina, id_formacao) values (448, 2);
insert into disciplina_formacao (id_disciplina, id_formacao) values (55, 2);
insert into disciplina_formacao (id_disciplina, id_formacao) values (341, 2);
insert into disciplina_formacao (id_disciplina, id_formacao) values (56, 2);
insert into disciplina_formacao (id_disciplina, id_formacao) values (449, 2);
insert into disciplina_formacao (id_disciplina, id_formacao) values (450, 2);
insert into disciplina_formacao (id_disciplina, id_formacao) values (57, 2);
insert into disciplina_formacao (id_disciplina, id_formacao) values (58, 2);
insert into disciplina_formacao (id_disciplina, id_formacao) values (451, 2);
insert into disciplina_formacao (id_disciplina, id_formacao) values (452, 2);
insert into disciplina_formacao (id_disciplina, id_formacao) values (453, 2);
insert into disciplina_formacao (id_disciplina, id_formacao) values (454, 2);
insert into disciplina_formacao (id_disciplina, id_formacao) values (455, 2);
insert into disciplina_formacao (id_disciplina, id_formacao) values (456, 2);
insert into disciplina_formacao (id_disciplina, id_formacao) values (457, 2);
insert into disciplina_formacao (id_disciplina, id_formacao) values (458, 2);
insert into disciplina_formacao (id_disciplina, id_formacao) values (459, 2);
insert into disciplina_formacao (id_disciplina, id_formacao) values (460, 2);
insert into disciplina_formacao (id_disciplina, id_formacao) values (461, 2);
insert into disciplina_formacao (id_disciplina, id_formacao) values (462, 2);
insert into disciplina_formacao (id_disciplina, id_formacao) values (463, 2);
insert into disciplina_formacao (id_disciplina, id_formacao) values (464, 2);
insert into disciplina_formacao (id_disciplina, id_formacao) values (465, 2);
insert into disciplina_formacao (id_disciplina, id_formacao) values (466, 2);
insert into disciplina_formacao (id_disciplina, id_formacao) values (467, 2);
insert into disciplina_formacao (id_disciplina, id_formacao) values (468, 1);
insert into disciplina_formacao (id_disciplina, id_formacao) values (469, 1);
insert into disciplina_formacao (id_disciplina, id_formacao) values (470, 1);
insert into disciplina_formacao (id_disciplina, id_formacao) values (399, 1);
insert into disciplina_formacao (id_disciplina, id_formacao) values (471, 1);
insert into disciplina_formacao (id_disciplina, id_formacao) values (472, 1);
insert into disciplina_formacao (id_disciplina, id_formacao) values (473, 1);
insert into disciplina_formacao (id_disciplina, id_formacao) values (474, 1);
insert into disciplina_formacao (id_disciplina, id_formacao) values (475, 1);
insert into disciplina_formacao (id_disciplina, id_formacao) values (476, 1);
insert into disciplina_formacao (id_disciplina, id_formacao) values (477, 1);
insert into disciplina_formacao (id_disciplina, id_formacao) values (478, 1);
insert into disciplina_formacao (id_disciplina, id_formacao) values (479, 1);
insert into disciplina_formacao (id_disciplina, id_formacao) values (480, 1);
insert into disciplina_formacao (id_disciplina, id_formacao) values (481, 1);
insert into disciplina_formacao (id_disciplina, id_formacao) values (482, 1);
insert into disciplina_formacao (id_disciplina, id_formacao) values (483, 1);
insert into disciplina_formacao (id_disciplina, id_formacao) values (484, 1);
insert into disciplina_formacao (id_disciplina, id_formacao) values (485, 1);
insert into disciplina_formacao (id_disciplina, id_formacao) values (486, 1);
insert into disciplina_formacao (id_disciplina, id_formacao) values (487, 1);
insert into disciplina_formacao (id_disciplina, id_formacao) values (488, 1);
insert into disciplina_formacao (id_disciplina, id_formacao) values (489, 1);
insert into disciplina_formacao (id_disciplina, id_formacao) values (490, 1);
insert into disciplina_formacao (id_disciplina, id_formacao) values (491, 1);
insert into disciplina_formacao (id_disciplina, id_formacao) values (492, 1);
insert into disciplina_formacao (id_disciplina, id_formacao) values (493, 1);
insert into disciplina_formacao (id_disciplina, id_formacao) values (494, 1);
insert into disciplina_formacao (id_disciplina, id_formacao) values (495, 1);
insert into disciplina_formacao (id_disciplina, id_formacao) values (496, 1);
insert into disciplina_formacao (id_disciplina, id_formacao) values (497, 1);
insert into disciplina_formacao (id_disciplina, id_formacao) values (498, 1);
insert into disciplina_formacao (id_disciplina, id_formacao) values (499, 1);
insert into disciplina_formacao (id_disciplina, id_formacao) values (500, 1);
insert into disciplina_formacao (id_disciplina, id_formacao) values (501, 2);
insert into disciplina_formacao (id_disciplina, id_formacao) values (502, 2);
insert into disciplina_formacao (id_disciplina, id_formacao) values (503, 2);
insert into disciplina_formacao (id_disciplina, id_formacao) values (504, 2);
insert into disciplina_formacao (id_disciplina, id_formacao) values (505, 2);
insert into disciplina_formacao (id_disciplina, id_formacao) values (506, 2);
insert into disciplina_formacao (id_disciplina, id_formacao) values (475, 2);
insert into disciplina_formacao (id_disciplina, id_formacao) values (507, 2);
insert into disciplina_formacao (id_disciplina, id_formacao) values (477, 2);
insert into disciplina_formacao (id_disciplina, id_formacao) values (508, 2);
insert into disciplina_formacao (id_disciplina, id_formacao) values (479, 2);
insert into disciplina_formacao (id_disciplina, id_formacao) values (509, 2);
insert into disciplina_formacao (id_disciplina, id_formacao) values (510, 2);
insert into disciplina_formacao (id_disciplina, id_formacao) values (505, 2);
insert into disciplina_formacao (id_disciplina, id_formacao) values (511, 2);
insert into disciplina_formacao (id_disciplina, id_formacao) values (488, 2);
insert into disciplina_formacao (id_disciplina, id_formacao) values (512, 2);
insert into disciplina_formacao (id_disciplina, id_formacao) values (513, 2);
insert into disciplina_formacao (id_disciplina, id_formacao) values (514, 2);
insert into disciplina_formacao (id_disciplina, id_formacao) values (515, 2);
insert into disciplina_formacao (id_disciplina, id_formacao) values (516, 2);
insert into disciplina_formacao (id_disciplina, id_formacao) values (517, 2);
insert into disciplina_formacao (id_disciplina, id_formacao) values (518, 2);
insert into disciplina_formacao (id_disciplina, id_formacao) values (519, 2);
insert into disciplina_formacao (id_disciplina, id_formacao) values (500, 2);
insert into disciplina_formacao (id_disciplina, id_formacao) values (520, 2);
insert into disciplina_formacao (id_disciplina, id_formacao) values (521, 2);
insert into disciplina_formacao (id_disciplina, id_formacao) values (522, 2);
insert into disciplina_formacao (id_disciplina, id_formacao) values (495, 2);
insert into disciplina_formacao (id_disciplina, id_formacao) values (523, 1);
insert into disciplina_formacao (id_disciplina, id_formacao) values (524, 1);
insert into disciplina_formacao (id_disciplina, id_formacao) values (525, 1);
insert into disciplina_formacao (id_disciplina, id_formacao) values (526, 1);
insert into disciplina_formacao (id_disciplina, id_formacao) values (527, 1);
insert into disciplina_formacao (id_disciplina, id_formacao) values (528, 1);
insert into disciplina_formacao (id_disciplina, id_formacao) values (529, 1);
insert into disciplina_formacao (id_disciplina, id_formacao) values (530, 1);
insert into disciplina_formacao (id_disciplina, id_formacao) values (531, 1);
insert into disciplina_formacao (id_disciplina, id_formacao) values (532, 1);
insert into disciplina_formacao (id_disciplina, id_formacao) values (533, 1);
insert into disciplina_formacao (id_disciplina, id_formacao) values (534, 1);
insert into disciplina_formacao (id_disciplina, id_formacao) values (535, 1);
insert into disciplina_formacao (id_disciplina, id_formacao) values (536, 1);
insert into disciplina_formacao (id_disciplina, id_formacao) values (537, 1);
insert into disciplina_formacao (id_disciplina, id_formacao) values (538, 1);
insert into disciplina_formacao (id_disciplina, id_formacao) values (539, 1);
insert into disciplina_formacao (id_disciplina, id_formacao) values (540, 1);
insert into disciplina_formacao (id_disciplina, id_formacao) values (541, 1);
insert into disciplina_formacao (id_disciplina, id_formacao) values (542, 1);
insert into disciplina_formacao (id_disciplina, id_formacao) values (543, 1);
insert into disciplina_formacao (id_disciplina, id_formacao) values (544, 1);
insert into disciplina_formacao (id_disciplina, id_formacao) values (545, 1);
insert into disciplina_formacao (id_disciplina, id_formacao) values (546, 1);
insert into disciplina_formacao (id_disciplina, id_formacao) values (547, 1);
insert into disciplina_formacao (id_disciplina, id_formacao) values (548, 1);
insert into disciplina_formacao (id_disciplina, id_formacao) values (549, 1);
insert into disciplina_formacao (id_disciplina, id_formacao) values (550, 1);
insert into disciplina_formacao (id_disciplina, id_formacao) values (551, 1);
insert into disciplina_formacao (id_disciplina, id_formacao) values (552, 1);
insert into disciplina_formacao (id_disciplina, id_formacao) values (553, 1);
insert into disciplina_formacao (id_disciplina, id_formacao) values (554, 1);
insert into disciplina_formacao (id_disciplina, id_formacao) values (428, 1);
insert into disciplina_formacao (id_disciplina, id_formacao) values (555, 1);
insert into disciplina_formacao (id_disciplina, id_formacao) values (421, 1);
insert into disciplina_formacao (id_disciplina, id_formacao) values (556, 1);
insert into disciplina_formacao (id_disciplina, id_formacao) values (557, 1);
insert into disciplina_formacao (id_disciplina, id_formacao) values (558, 1);
insert into disciplina_formacao (id_disciplina, id_formacao) values (559, 1);
insert into disciplina_formacao (id_disciplina, id_formacao) values (560, 1);
insert into disciplina_formacao (id_disciplina, id_formacao) values (561, 1);
insert into disciplina_formacao (id_disciplina, id_formacao) values (562, 1);
insert into disciplina_formacao (id_disciplina, id_formacao) values (563, 1);
insert into disciplina_formacao (id_disciplina, id_formacao) values (564, 1);
insert into disciplina_formacao (id_disciplina, id_formacao) values (565, 1);
insert into disciplina_formacao (id_disciplina, id_formacao) values (566, 1);
insert into disciplina_formacao (id_disciplina, id_formacao) values (567, 1);
insert into disciplina_formacao (id_disciplina, id_formacao) values (568, 1);
insert into disciplina_formacao (id_disciplina, id_formacao) values (569, 1);
insert into disciplina_formacao (id_disciplina, id_formacao) values (570, 1);
insert into disciplina_formacao (id_disciplina, id_formacao) values (571, 1);
insert into disciplina_formacao (id_disciplina, id_formacao) values (572, 1);
insert into disciplina_formacao (id_disciplina, id_formacao) values (573, 1);
insert into disciplina_formacao (id_disciplina, id_formacao) values (574, 1);
insert into disciplina_formacao (id_disciplina, id_formacao) values (575, 1);
insert into disciplina_formacao (id_disciplina, id_formacao) values (576, 1);
insert into disciplina_formacao (id_disciplina, id_formacao) values (577, 1);
insert into disciplina_formacao (id_disciplina, id_formacao) values (578, 1);
insert into disciplina_formacao (id_disciplina, id_formacao) values (579, 1);
insert into disciplina_formacao (id_disciplina, id_formacao) values (580, 1);
insert into disciplina_formacao (id_disciplina, id_formacao) values (581, 1);
insert into disciplina_formacao (id_disciplina, id_formacao) values (582, 1);
insert into disciplina_formacao (id_disciplina, id_formacao) values (583, 1);
insert into disciplina_formacao (id_disciplina, id_formacao) values (584, 1);
insert into disciplina_formacao (id_disciplina, id_formacao) values (585, 1);
insert into disciplina_formacao (id_disciplina, id_formacao) values (26, 2);
insert into disciplina_formacao (id_disciplina, id_formacao) values (30, 2);
insert into disciplina_formacao (id_disciplina, id_formacao) values (31, 2);
insert into disciplina_formacao (id_disciplina, id_formacao) values (32, 2);
insert into disciplina_formacao (id_disciplina, id_formacao) values (33, 2);
insert into disciplina_formacao (id_disciplina, id_formacao) values (30, 2);
insert into disciplina_formacao (id_disciplina, id_formacao) values (31, 2);
insert into disciplina_formacao (id_disciplina, id_formacao) values (32, 2);
insert into disciplina_formacao (id_disciplina, id_formacao) values (33, 2);
insert into curso_formacao (id_curso, id_formacao) values (3, 1);
insert into curso_formacao (id_curso, id_formacao) values (3, 1);
insert into curso_formacao (id_curso, id_formacao) values (3, 1);
insert into curso_formacao (id_curso, id_formacao) values (3, 1);
insert into curso_formacao (id_curso, id_formacao) values (3, 1);
insert into curso_formacao (id_curso, id_formacao) values (2, 1);
insert into curso_formacao (id_curso, id_formacao) values (2, 1);
insert into curso_formacao (id_curso, id_formacao) values (2, 1);
insert into curso_formacao (id_curso, id_formacao) values (2, 1);
insert into curso_formacao (id_curso, id_formacao) values (2, 1);
insert into curso_formacao (id_curso, id_formacao) values (2, 1);
insert into curso_formacao (id_curso, id_formacao) values (2, 1);
insert into curso_formacao (id_curso, id_formacao) values (2, 1);
insert into curso_formacao (id_curso, id_formacao) values (2, 1);
insert into curso_formacao (id_curso, id_formacao) values (5, 1);
insert into curso_formacao (id_curso, id_formacao) values (5, 1);
insert into curso_formacao (id_curso, id_formacao) values (5, 1);
insert into curso_formacao (id_curso, id_formacao) values (5, 1);
insert into curso_formacao (id_curso, id_formacao) values (5, 1);
insert into curso_formacao (id_curso, id_formacao) values (8, 1);
insert into curso_formacao (id_curso, id_formacao) values (8, 1);
insert into curso_formacao (id_curso, id_formacao) values (8, 1);
insert into curso_formacao (id_curso, id_formacao) values (8, 1);
insert into curso_formacao (id_curso, id_formacao) values (8, 1);
insert into curso_formacao (id_curso, id_formacao) values (16, 2);
insert into curso_formacao (id_curso, id_formacao) values (16, 1);
insert into curso_formacao (id_curso, id_formacao) values (16, 1);
insert into curso_formacao (id_curso, id_formacao) values (6, 2);
insert into curso_formacao (id_curso, id_formacao) values (6, 2);
insert into curso_formacao (id_curso, id_formacao) values (17, 1);
insert into curso_formacao (id_curso, id_formacao) values (4, 1);
insert into curso_formacao (id_curso, id_formacao) values (4, 1);
insert into curso_formacao (id_curso, id_formacao) values (4, 1);
insert into curso_formacao (id_curso, id_formacao) values (4, 1);
insert into curso_formacao (id_curso, id_formacao) values (4, 1);
insert into curso_formacao (id_curso, id_formacao) values (4, 1);
insert into curso_formacao (id_curso, id_formacao) values (4, 1);
insert into curso_formacao (id_curso, id_formacao) values (4, 1);
insert into curso_formacao (id_curso, id_formacao) values (12, 1);
insert into curso_formacao (id_curso, id_formacao) values (12, 1);
insert into curso_formacao (id_curso, id_formacao) values (12, 1);
insert into curso_formacao (id_curso, id_formacao) values (12, 1);
insert into curso_formacao (id_curso, id_formacao) values (12, 1);
insert into curso_formacao (id_curso, id_formacao) values (12, 1);
insert into curso_formacao (id_curso, id_formacao) values (12, 1);
insert into curso_formacao (id_curso, id_formacao) values (12, 1);
insert into curso_formacao (id_curso, id_formacao) values (12, 1);
insert into curso_formacao (id_curso, id_formacao) values (12, 1);
insert into curso_formacao (id_curso, id_formacao) values (12, 1);
insert into curso_formacao (id_curso, id_formacao) values (12, 1);
insert into curso_formacao (id_curso, id_formacao) values (12, 1);
insert into curso_formacao (id_curso, id_formacao) values (12, 1);
insert into curso_formacao (id_curso, id_formacao) values (12, 1);
insert into curso_formacao (id_curso, id_formacao) values (12, 1);
insert into curso_formacao (id_curso, id_formacao) values (12, 1);
insert into curso_formacao (id_curso, id_formacao) values (12, 1);
insert into curso_formacao (id_curso, id_formacao) values (12, 1);
insert into curso_formacao (id_curso, id_formacao) values (12, 1);
insert into curso_formacao (id_curso, id_formacao) values (12, 1);
insert into curso_formacao (id_curso, id_formacao) values (12, 1);
insert into curso_formacao (id_curso, id_formacao) values (12, 1);
insert into curso_formacao (id_curso, id_formacao) values (12, 1);
insert into curso_formacao (id_curso, id_formacao) values (12, 1);
insert into curso_formacao (id_curso, id_formacao) values (12, 1);
insert into curso_formacao (id_curso, id_formacao) values (12, 1);
insert into curso_formacao (id_curso, id_formacao) values (12, 1);
insert into curso_formacao (id_curso, id_formacao) values (12, 1);
insert into curso_formacao (id_curso, id_formacao) values (12, 1);
insert into curso_formacao (id_curso, id_formacao) values (12, 1);
insert into curso_formacao (id_curso, id_formacao) values (12, 1);
insert into curso_formacao (id_curso, id_formacao) values (12, 1);
insert into curso_formacao (id_curso, id_formacao) values (12, 1);
insert into curso_formacao (id_curso, id_formacao) values (12, 1);
insert into curso_formacao (id_curso, id_formacao) values (12, 1);
insert into curso_formacao (id_curso, id_formacao) values (12, 1);
insert into curso_formacao (id_curso, id_formacao) values (12, 1);
insert into curso_formacao (id_curso, id_formacao) values (12, 1);
insert into curso_formacao (id_curso, id_formacao) values (12, 1);
insert into curso_formacao (id_curso, id_formacao) values (12, 1);
insert into curso_formacao (id_curso, id_formacao) values (12, 1);
insert into curso_formacao (id_curso, id_formacao) values (12, 1);
insert into curso_formacao (id_curso, id_formacao) values (12, 1);
insert into curso_formacao (id_curso, id_formacao) values (12, 1);
insert into curso_formacao (id_curso, id_formacao) values (12, 1);
insert into curso_formacao (id_curso, id_formacao) values (12, 1);
insert into curso_formacao (id_curso, id_formacao) values (12, 1);
insert into curso_formacao (id_curso, id_formacao) values (12, 1);
insert into curso_formacao (id_curso, id_formacao) values (12, 1);
insert into curso_formacao (id_curso, id_formacao) values (12, 1);
insert into curso_formacao (id_curso, id_formacao) values (12, 1);
insert into curso_formacao (id_curso, id_formacao) values (12, 1);
insert into curso_formacao (id_curso, id_formacao) values (12, 1);
insert into curso_formacao (id_curso, id_formacao) values (12, 1);
insert into curso_formacao (id_curso, id_formacao) values (12, 1);
insert into curso_formacao (id_curso, id_formacao) values (12, 1);
insert into curso_formacao (id_curso, id_formacao) values (12, 1);
insert into curso_formacao (id_curso, id_formacao) values (12, 1);
insert into curso_formacao (id_curso, id_formacao) values (12, 1);
insert into curso_formacao (id_curso, id_formacao) values (12, 1);
insert into curso_formacao (id_curso, id_formacao) values (12, 1);
insert into curso_formacao (id_curso, id_formacao) values (12, 1);
insert into curso_formacao (id_curso, id_formacao) values (12, 1);
insert into curso_formacao (id_curso, id_formacao) values (12, 1);
insert into curso_formacao (id_curso, id_formacao) values (12, 1);
insert into curso_formacao (id_curso, id_formacao) values (12, 1);
insert into curso_formacao (id_curso, id_formacao) values (12, 1);
insert into curso_formacao (id_curso, id_formacao) values (12, 1);
insert into curso_formacao (id_curso, id_formacao) values (12, 1);
insert into curso_formacao (id_curso, id_formacao) values (12, 1);
insert into curso_formacao (id_curso, id_formacao) values (12, 1);
insert into curso_formacao (id_curso, id_formacao) values (12, 1);
insert into curso_formacao (id_curso, id_formacao) values (12, 1);
insert into curso_formacao (id_curso, id_formacao) values (12, 1);
insert into curso_formacao (id_curso, id_formacao) values (12, 1);
insert into curso_formacao (id_curso, id_formacao) values (12, 1);
insert into curso_formacao (id_curso, id_formacao) values (12, 1);
insert into curso_formacao (id_curso, id_formacao) values (12, 1);
insert into curso_formacao (id_curso, id_formacao) values (12, 1);
insert into curso_formacao (id_curso, id_formacao) values (12, 1);
insert into curso_formacao (id_curso, id_formacao) values (12, 1);
insert into curso_formacao (id_curso, id_formacao) values (12, 1);
insert into curso_formacao (id_curso, id_formacao) values (12, 1);
insert into curso_formacao (id_curso, id_formacao) values (12, 1);
insert into curso_formacao (id_curso, id_formacao) values (10, 1);
insert into curso_formacao (id_curso, id_formacao) values (10, 1);
insert into curso_formacao (id_curso, id_formacao) values (10, 1);
insert into curso_formacao (id_curso, id_formacao) values (10, 1);
insert into curso_formacao (id_curso, id_formacao) values (10, 1);
insert into curso_formacao (id_curso, id_formacao) values (10, 1);
insert into curso_formacao (id_curso, id_formacao) values (10, 1);
insert into curso_formacao (id_curso, id_formacao) values (10, 1);
insert into curso_formacao (id_curso, id_formacao) values (10, 1);
insert into curso_formacao (id_curso, id_formacao) values (10, 1);
insert into curso_formacao (id_curso, id_formacao) values (10, 1);
insert into curso_formacao (id_curso, id_formacao) values (10, 1);
insert into curso_formacao (id_curso, id_formacao) values (10, 1);
insert into curso_formacao (id_curso, id_formacao) values (10, 1);
insert into curso_formacao (id_curso, id_formacao) values (10, 1);
insert into curso_formacao (id_curso, id_formacao) values (10, 1);
insert into curso_formacao (id_curso, id_formacao) values (10, 1);
insert into curso_formacao (id_curso, id_formacao) values (10, 1);
insert into curso_formacao (id_curso, id_formacao) values (10, 1);
insert into curso_formacao (id_curso, id_formacao) values (10, 1);
insert into curso_formacao (id_curso, id_formacao) values (10, 1);
insert into curso_formacao (id_curso, id_formacao) values (10, 1);
insert into curso_formacao (id_curso, id_formacao) values (10, 1);
insert into curso_formacao (id_curso, id_formacao) values (10, 1);
insert into curso_formacao (id_curso, id_formacao) values (10, 1);
insert into curso_formacao (id_curso, id_formacao) values (10, 1);
insert into curso_formacao (id_curso, id_formacao) values (10, 1);
insert into curso_formacao (id_curso, id_formacao) values (10, 1);
insert into curso_formacao (id_curso, id_formacao) values (10, 1);
insert into curso_formacao (id_curso, id_formacao) values (10, 1);
insert into curso_formacao (id_curso, id_formacao) values (10, 1);
insert into curso_formacao (id_curso, id_formacao) values (10, 1);
insert into curso_formacao (id_curso, id_formacao) values (10, 1);
insert into curso_formacao (id_curso, id_formacao) values (10, 1);
insert into curso_formacao (id_curso, id_formacao) values (10, 1);
insert into curso_formacao (id_curso, id_formacao) values (10, 1);
insert into curso_formacao (id_curso, id_formacao) values (10, 1);
insert into curso_formacao (id_curso, id_formacao) values (10, 1);
insert into curso_formacao (id_curso, id_formacao) values (10, 1);
insert into curso_formacao (id_curso, id_formacao) values (10, 1);
insert into curso_formacao (id_curso, id_formacao) values (10, 1);
insert into curso_formacao (id_curso, id_formacao) values (10, 1);
insert into curso_formacao (id_curso, id_formacao) values (10, 1);
insert into curso_formacao (id_curso, id_formacao) values (10, 1);
insert into curso_formacao (id_curso, id_formacao) values (10, 1);
insert into curso_formacao (id_curso, id_formacao) values (10, 1);
insert into curso_formacao (id_curso, id_formacao) values (10, 1);
insert into curso_formacao (id_curso, id_formacao) values (10, 1);
insert into curso_formacao (id_curso, id_formacao) values (10, 1);
insert into curso_formacao (id_curso, id_formacao) values (10, 1);
insert into curso_formacao (id_curso, id_formacao) values (10, 1);
insert into curso_formacao (id_curso, id_formacao) values (10, 1);
insert into curso_formacao (id_curso, id_formacao) values (10, 1);
insert into curso_formacao (id_curso, id_formacao) values (10, 1);
insert into curso_formacao (id_curso, id_formacao) values (10, 1);
insert into curso_formacao (id_curso, id_formacao) values (10, 1);
insert into curso_formacao (id_curso, id_formacao) values (10, 1);
insert into curso_formacao (id_curso, id_formacao) values (10, 1);
insert into curso_formacao (id_curso, id_formacao) values (10, 1);
insert into curso_formacao (id_curso, id_formacao) values (10, 1);
insert into curso_formacao (id_curso, id_formacao) values (10, 1);
insert into curso_formacao (id_curso, id_formacao) values (10, 1);
insert into curso_formacao (id_curso, id_formacao) values (10, 1);
insert into curso_formacao (id_curso, id_formacao) values (10, 1);
insert into curso_formacao (id_curso, id_formacao) values (10, 1);
insert into curso_formacao (id_curso, id_formacao) values (10, 1);
insert into curso_formacao (id_curso, id_formacao) values (10, 1);
insert into curso_formacao (id_curso, id_formacao) values (10, 1);
insert into curso_formacao (id_curso, id_formacao) values (10, 1);
insert into curso_formacao (id_curso, id_formacao) values (10, 1);
insert into curso_formacao (id_curso, id_formacao) values (10, 1);
insert into curso_formacao (id_curso, id_formacao) values (10, 1);
insert into curso_formacao (id_curso, id_formacao) values (10, 1);
insert into curso_formacao (id_curso, id_formacao) values (10, 1);
insert into curso_formacao (id_curso, id_formacao) values (10, 1);
insert into curso_formacao (id_curso, id_formacao) values (10, 1);
insert into curso_formacao (id_curso, id_formacao) values (10, 1);
insert into curso_formacao (id_curso, id_formacao) values (10, 1);
insert into curso_formacao (id_curso, id_formacao) values (10, 1);
insert into curso_formacao (id_curso, id_formacao) values (10, 1);
insert into curso_formacao (id_curso, id_formacao) values (10, 1);
insert into curso_formacao (id_curso, id_formacao) values (10, 1);
insert into curso_formacao (id_curso, id_formacao) values (10, 1);
insert into curso_formacao (id_curso, id_formacao) values (10, 1);
insert into curso_formacao (id_curso, id_formacao) values (10, 1);
insert into curso_formacao (id_curso, id_formacao) values (10, 1);
insert into curso_formacao (id_curso, id_formacao) values (10, 1);
insert into curso_formacao (id_curso, id_formacao) values (10, 1);
insert into curso_formacao (id_curso, id_formacao) values (10, 1);
insert into curso_formacao (id_curso, id_formacao) values (10, 1);
insert into curso_formacao (id_curso, id_formacao) values (10, 1);
insert into curso_formacao (id_curso, id_formacao) values (10, 1);
insert into curso_formacao (id_curso, id_formacao) values (10, 1);
insert into curso_formacao (id_curso, id_formacao) values (10, 1);
insert into curso_formacao (id_curso, id_formacao) values (13, 1);
insert into curso_formacao (id_curso, id_formacao) values (13, 1);
insert into curso_formacao (id_curso, id_formacao) values (13, 1);
insert into curso_formacao (id_curso, id_formacao) values (13, 1);
insert into curso_formacao (id_curso, id_formacao) values (13, 1);
insert into curso_formacao (id_curso, id_formacao) values (13, 1);
insert into curso_formacao (id_curso, id_formacao) values (13, 1);
insert into curso_formacao (id_curso, id_formacao) values (13, 1);
insert into curso_formacao (id_curso, id_formacao) values (13, 1);
insert into curso_formacao (id_curso, id_formacao) values (13, 1);
insert into curso_formacao (id_curso, id_formacao) values (13, 1);
insert into curso_formacao (id_curso, id_formacao) values (13, 1);
insert into curso_formacao (id_curso, id_formacao) values (13, 1);
insert into curso_formacao (id_curso, id_formacao) values (13, 1);
insert into curso_formacao (id_curso, id_formacao) values (13, 1);
insert into curso_formacao (id_curso, id_formacao) values (13, 1);
insert into curso_formacao (id_curso, id_formacao) values (13, 1);
insert into curso_formacao (id_curso, id_formacao) values (13, 1);
insert into curso_formacao (id_curso, id_formacao) values (13, 1);
insert into curso_formacao (id_curso, id_formacao) values (13, 1);
insert into curso_formacao (id_curso, id_formacao) values (13, 1);
insert into curso_formacao (id_curso, id_formacao) values (13, 1);
insert into curso_formacao (id_curso, id_formacao) values (13, 1);
insert into curso_formacao (id_curso, id_formacao) values (13, 1);
insert into curso_formacao (id_curso, id_formacao) values (13, 1);
insert into curso_formacao (id_curso, id_formacao) values (13, 1);
insert into curso_formacao (id_curso, id_formacao) values (13, 1);
insert into curso_formacao (id_curso, id_formacao) values (13, 1);
insert into curso_formacao (id_curso, id_formacao) values (13, 1);
insert into curso_formacao (id_curso, id_formacao) values (13, 1);
insert into curso_formacao (id_curso, id_formacao) values (13, 1);
insert into curso_formacao (id_curso, id_formacao) values (13, 1);
insert into curso_formacao (id_curso, id_formacao) values (13, 1);
insert into curso_formacao (id_curso, id_formacao) values (13, 1);
insert into curso_formacao (id_curso, id_formacao) values (13, 1);
insert into curso_formacao (id_curso, id_formacao) values (13, 1);
insert into curso_formacao (id_curso, id_formacao) values (13, 1);
insert into curso_formacao (id_curso, id_formacao) values (13, 1);
insert into curso_formacao (id_curso, id_formacao) values (13, 1);
insert into curso_formacao (id_curso, id_formacao) values (13, 1);
insert into curso_formacao (id_curso, id_formacao) values (13, 1);
insert into curso_formacao (id_curso, id_formacao) values (13, 1);
insert into curso_formacao (id_curso, id_formacao) values (13, 1);
insert into curso_formacao (id_curso, id_formacao) values (13, 1);
insert into curso_formacao (id_curso, id_formacao) values (13, 1);
insert into curso_formacao (id_curso, id_formacao) values (13, 1);
insert into curso_formacao (id_curso, id_formacao) values (13, 1);
insert into curso_formacao (id_curso, id_formacao) values (13, 1);
insert into curso_formacao (id_curso, id_formacao) values (13, 1);
insert into curso_formacao (id_curso, id_formacao) values (13, 1);
insert into curso_formacao (id_curso, id_formacao) values (13, 1);
insert into curso_formacao (id_curso, id_formacao) values (13, 1);
insert into curso_formacao (id_curso, id_formacao) values (13, 1);
insert into curso_formacao (id_curso, id_formacao) values (13, 1);
insert into curso_formacao (id_curso, id_formacao) values (13, 1);
insert into curso_formacao (id_curso, id_formacao) values (13, 1);
insert into curso_formacao (id_curso, id_formacao) values (13, 1);
insert into curso_formacao (id_curso, id_formacao) values (13, 1);
insert into curso_formacao (id_curso, id_formacao) values (13, 1);
insert into curso_formacao (id_curso, id_formacao) values (13, 1);
insert into curso_formacao (id_curso, id_formacao) values (13, 1);
insert into curso_formacao (id_curso, id_formacao) values (13, 1);
insert into curso_formacao (id_curso, id_formacao) values (13, 1);
insert into curso_formacao (id_curso, id_formacao) values (13, 1);
insert into curso_formacao (id_curso, id_formacao) values (13, 1);
insert into curso_formacao (id_curso, id_formacao) values (13, 1);
insert into curso_formacao (id_curso, id_formacao) values (13, 1);
insert into curso_formacao (id_curso, id_formacao) values (13, 1);
insert into curso_formacao (id_curso, id_formacao) values (13, 1);
insert into curso_formacao (id_curso, id_formacao) values (13, 1);
insert into curso_formacao (id_curso, id_formacao) values (13, 1);
insert into curso_formacao (id_curso, id_formacao) values (13, 1);
insert into curso_formacao (id_curso, id_formacao) values (13, 1);
insert into curso_formacao (id_curso, id_formacao) values (13, 1);
insert into curso_formacao (id_curso, id_formacao) values (13, 1);
insert into curso_formacao (id_curso, id_formacao) values (13, 1);
insert into curso_formacao (id_curso, id_formacao) values (13, 1);
insert into curso_formacao (id_curso, id_formacao) values (13, 1);
insert into curso_formacao (id_curso, id_formacao) values (13, 1);
insert into curso_formacao (id_curso, id_formacao) values (13, 1);
insert into curso_formacao (id_curso, id_formacao) values (13, 1);
insert into curso_formacao (id_curso, id_formacao) values (13, 1);
insert into curso_formacao (id_curso, id_formacao) values (13, 1);
insert into curso_formacao (id_curso, id_formacao) values (13, 1);
insert into curso_formacao (id_curso, id_formacao) values (13, 1);
insert into curso_formacao (id_curso, id_formacao) values (13, 1);
insert into curso_formacao (id_curso, id_formacao) values (13, 1);
insert into curso_formacao (id_curso, id_formacao) values (13, 1);
insert into curso_formacao (id_curso, id_formacao) values (13, 1);
insert into curso_formacao (id_curso, id_formacao) values (11, 1);
insert into curso_formacao (id_curso, id_formacao) values (11, 1);
insert into curso_formacao (id_curso, id_formacao) values (11, 1);
insert into curso_formacao (id_curso, id_formacao) values (11, 1);
insert into curso_formacao (id_curso, id_formacao) values (11, 1);
insert into curso_formacao (id_curso, id_formacao) values (11, 1);
insert into curso_formacao (id_curso, id_formacao) values (11, 1);
insert into curso_formacao (id_curso, id_formacao) values (11, 1);
insert into curso_formacao (id_curso, id_formacao) values (11, 1);
insert into curso_formacao (id_curso, id_formacao) values (11, 1);
insert into curso_formacao (id_curso, id_formacao) values (11, 1);
insert into curso_formacao (id_curso, id_formacao) values (11, 1);
insert into curso_formacao (id_curso, id_formacao) values (11, 1);
insert into curso_formacao (id_curso, id_formacao) values (11, 1);
insert into curso_formacao (id_curso, id_formacao) values (11, 1);
insert into curso_formacao (id_curso, id_formacao) values (11, 1);
insert into curso_formacao (id_curso, id_formacao) values (11, 1);
insert into curso_formacao (id_curso, id_formacao) values (11, 1);
insert into curso_formacao (id_curso, id_formacao) values (11, 1);
insert into curso_formacao (id_curso, id_formacao) values (11, 1);
insert into curso_formacao (id_curso, id_formacao) values (11, 1);
insert into curso_formacao (id_curso, id_formacao) values (11, 1);
insert into curso_formacao (id_curso, id_formacao) values (11, 1);
insert into curso_formacao (id_curso, id_formacao) values (11, 1);
insert into curso_formacao (id_curso, id_formacao) values (11, 1);
insert into curso_formacao (id_curso, id_formacao) values (11, 1);
insert into curso_formacao (id_curso, id_formacao) values (11, 1);
insert into curso_formacao (id_curso, id_formacao) values (11, 1);
insert into curso_formacao (id_curso, id_formacao) values (11, 1);
insert into curso_formacao (id_curso, id_formacao) values (11, 1);
insert into curso_formacao (id_curso, id_formacao) values (11, 1);
insert into curso_formacao (id_curso, id_formacao) values (11, 1);
insert into curso_formacao (id_curso, id_formacao) values (11, 1);
insert into curso_formacao (id_curso, id_formacao) values (11, 1);
insert into curso_formacao (id_curso, id_formacao) values (11, 1);
insert into curso_formacao (id_curso, id_formacao) values (11, 1);
insert into curso_formacao (id_curso, id_formacao) values (11, 1);
insert into curso_formacao (id_curso, id_formacao) values (11, 1);
insert into curso_formacao (id_curso, id_formacao) values (11, 1);
insert into curso_formacao (id_curso, id_formacao) values (11, 1);
insert into curso_formacao (id_curso, id_formacao) values (11, 1);
insert into curso_formacao (id_curso, id_formacao) values (11, 1);
insert into curso_formacao (id_curso, id_formacao) values (11, 1);
insert into curso_formacao (id_curso, id_formacao) values (11, 1);
insert into curso_formacao (id_curso, id_formacao) values (11, 1);
insert into curso_formacao (id_curso, id_formacao) values (11, 1);
insert into curso_formacao (id_curso, id_formacao) values (11, 1);
insert into curso_formacao (id_curso, id_formacao) values (11, 1);
insert into curso_formacao (id_curso, id_formacao) values (11, 1);
insert into curso_formacao (id_curso, id_formacao) values (11, 1);
insert into curso_formacao (id_curso, id_formacao) values (11, 1);
insert into curso_formacao (id_curso, id_formacao) values (11, 1);
insert into curso_formacao (id_curso, id_formacao) values (11, 1);
insert into curso_formacao (id_curso, id_formacao) values (11, 1);
insert into curso_formacao (id_curso, id_formacao) values (11, 1);
insert into curso_formacao (id_curso, id_formacao) values (11, 1);
insert into curso_formacao (id_curso, id_formacao) values (11, 1);
insert into curso_formacao (id_curso, id_formacao) values (11, 1);
insert into curso_formacao (id_curso, id_formacao) values (11, 1);
insert into curso_formacao (id_curso, id_formacao) values (11, 1);
insert into curso_formacao (id_curso, id_formacao) values (11, 1);
insert into curso_formacao (id_curso, id_formacao) values (11, 1);
insert into curso_formacao (id_curso, id_formacao) values (11, 1);
insert into curso_formacao (id_curso, id_formacao) values (11, 1);
insert into curso_formacao (id_curso, id_formacao) values (11, 1);
insert into curso_formacao (id_curso, id_formacao) values (11, 1);
insert into curso_formacao (id_curso, id_formacao) values (11, 1);
insert into curso_formacao (id_curso, id_formacao) values (11, 1);
insert into curso_formacao (id_curso, id_formacao) values (11, 1);
insert into curso_formacao (id_curso, id_formacao) values (11, 1);
insert into curso_formacao (id_curso, id_formacao) values (11, 1);
insert into curso_formacao (id_curso, id_formacao) values (11, 1);
insert into curso_formacao (id_curso, id_formacao) values (11, 1);
insert into curso_formacao (id_curso, id_formacao) values (11, 1);
insert into curso_formacao (id_curso, id_formacao) values (11, 1);
insert into curso_formacao (id_curso, id_formacao) values (11, 1);
insert into curso_formacao (id_curso, id_formacao) values (11, 1);
insert into curso_formacao (id_curso, id_formacao) values (11, 1);
insert into curso_formacao (id_curso, id_formacao) values (11, 1);
insert into curso_formacao (id_curso, id_formacao) values (11, 1);
insert into curso_formacao (id_curso, id_formacao) values (11, 1);
insert into curso_formacao (id_curso, id_formacao) values (11, 1);
insert into curso_formacao (id_curso, id_formacao) values (11, 1);
insert into curso_formacao (id_curso, id_formacao) values (14, 1);
insert into curso_formacao (id_curso, id_formacao) values (14, 1);
insert into curso_formacao (id_curso, id_formacao) values (14, 1);
insert into curso_formacao (id_curso, id_formacao) values (14, 1);
insert into curso_formacao (id_curso, id_formacao) values (14, 1);
insert into curso_formacao (id_curso, id_formacao) values (14, 1);
insert into curso_formacao (id_curso, id_formacao) values (14, 1);
insert into curso_formacao (id_curso, id_formacao) values (14, 1);
insert into curso_formacao (id_curso, id_formacao) values (14, 1);
insert into curso_formacao (id_curso, id_formacao) values (14, 1);
insert into curso_formacao (id_curso, id_formacao) values (14, 1);
insert into curso_formacao (id_curso, id_formacao) values (14, 1);
insert into curso_formacao (id_curso, id_formacao) values (14, 1);
insert into curso_formacao (id_curso, id_formacao) values (14, 1);
insert into curso_formacao (id_curso, id_formacao) values (14, 1);
insert into curso_formacao (id_curso, id_formacao) values (14, 1);
insert into curso_formacao (id_curso, id_formacao) values (14, 1);
insert into curso_formacao (id_curso, id_formacao) values (14, 1);
insert into curso_formacao (id_curso, id_formacao) values (14, 1);
insert into curso_formacao (id_curso, id_formacao) values (14, 1);
insert into curso_formacao (id_curso, id_formacao) values (14, 1);
insert into curso_formacao (id_curso, id_formacao) values (14, 1);
insert into curso_formacao (id_curso, id_formacao) values (14, 1);
insert into curso_formacao (id_curso, id_formacao) values (14, 1);
insert into curso_formacao (id_curso, id_formacao) values (14, 1);
insert into curso_formacao (id_curso, id_formacao) values (14, 1);
insert into curso_formacao (id_curso, id_formacao) values (14, 1);
insert into curso_formacao (id_curso, id_formacao) values (14, 1);
insert into curso_formacao (id_curso, id_formacao) values (14, 1);
insert into curso_formacao (id_curso, id_formacao) values (14, 1);
insert into curso_formacao (id_curso, id_formacao) values (14, 1);
insert into curso_formacao (id_curso, id_formacao) values (14, 1);
insert into curso_formacao (id_curso, id_formacao) values (14, 1);
insert into curso_formacao (id_curso, id_formacao) values (14, 1);
insert into curso_formacao (id_curso, id_formacao) values (14, 1);
insert into curso_formacao (id_curso, id_formacao) values (14, 1);
insert into curso_formacao (id_curso, id_formacao) values (14, 1);
insert into curso_formacao (id_curso, id_formacao) values (14, 1);
insert into curso_formacao (id_curso, id_formacao) values (14, 1);
insert into curso_formacao (id_curso, id_formacao) values (14, 1);
insert into curso_formacao (id_curso, id_formacao) values (14, 1);
insert into curso_formacao (id_curso, id_formacao) values (14, 1);
insert into curso_formacao (id_curso, id_formacao) values (14, 1);
insert into curso_formacao (id_curso, id_formacao) values (14, 1);
insert into curso_formacao (id_curso, id_formacao) values (14, 1);
insert into curso_formacao (id_curso, id_formacao) values (14, 1);
insert into curso_formacao (id_curso, id_formacao) values (14, 1);
insert into curso_formacao (id_curso, id_formacao) values (14, 1);
insert into curso_formacao (id_curso, id_formacao) values (14, 1);
insert into curso_formacao (id_curso, id_formacao) values (14, 1);
insert into curso_formacao (id_curso, id_formacao) values (14, 1);
insert into curso_formacao (id_curso, id_formacao) values (14, 1);
insert into curso_formacao (id_curso, id_formacao) values (14, 1);
insert into curso_formacao (id_curso, id_formacao) values (14, 1);
insert into curso_formacao (id_curso, id_formacao) values (14, 1);
insert into curso_formacao (id_curso, id_formacao) values (14, 1);
insert into curso_formacao (id_curso, id_formacao) values (14, 1);
insert into curso_formacao (id_curso, id_formacao) values (14, 1);
insert into curso_formacao (id_curso, id_formacao) values (14, 1);
insert into curso_formacao (id_curso, id_formacao) values (14, 1);
insert into curso_formacao (id_curso, id_formacao) values (14, 1);
insert into curso_formacao (id_curso, id_formacao) values (14, 1);
insert into curso_formacao (id_curso, id_formacao) values (14, 1);
insert into curso_formacao (id_curso, id_formacao) values (14, 1);
insert into curso_formacao (id_curso, id_formacao) values (14, 1);
insert into curso_formacao (id_curso, id_formacao) values (14, 1);
insert into curso_formacao (id_curso, id_formacao) values (14, 1);
insert into curso_formacao (id_curso, id_formacao) values (14, 1);
insert into curso_formacao (id_curso, id_formacao) values (14, 1);
insert into curso_formacao (id_curso, id_formacao) values (14, 1);
insert into curso_formacao (id_curso, id_formacao) values (14, 1);
insert into curso_formacao (id_curso, id_formacao) values (14, 1);
insert into curso_formacao (id_curso, id_formacao) values (14, 1);
insert into curso_formacao (id_curso, id_formacao) values (14, 1);
insert into curso_formacao (id_curso, id_formacao) values (14, 1);
insert into curso_formacao (id_curso, id_formacao) values (14, 1);
insert into curso_formacao (id_curso, id_formacao) values (14, 1);
insert into curso_formacao (id_curso, id_formacao) values (14, 1);
insert into curso_formacao (id_curso, id_formacao) values (14, 1);
insert into curso_formacao (id_curso, id_formacao) values (15, 1);
insert into curso_formacao (id_curso, id_formacao) values (15, 1);
insert into curso_formacao (id_curso, id_formacao) values (15, 1);
insert into curso_formacao (id_curso, id_formacao) values (15, 1);
insert into curso_formacao (id_curso, id_formacao) values (15, 1);
insert into curso_formacao (id_curso, id_formacao) values (15, 1);
insert into curso_formacao (id_curso, id_formacao) values (15, 1);
insert into curso_formacao (id_curso, id_formacao) values (15, 1);
insert into curso_formacao (id_curso, id_formacao) values (15, 1);
insert into curso_formacao (id_curso, id_formacao) values (15, 1);
insert into curso_formacao (id_curso, id_formacao) values (15, 1);
insert into curso_formacao (id_curso, id_formacao) values (15, 1);
insert into curso_formacao (id_curso, id_formacao) values (15, 1);
insert into curso_formacao (id_curso, id_formacao) values (15, 1);
insert into curso_formacao (id_curso, id_formacao) values (15, 1);
insert into curso_formacao (id_curso, id_formacao) values (15, 1);
insert into curso_formacao (id_curso, id_formacao) values (15, 1);
insert into curso_formacao (id_curso, id_formacao) values (15, 1);
insert into curso_formacao (id_curso, id_formacao) values (15, 1);
insert into curso_formacao (id_curso, id_formacao) values (15, 1);
insert into curso_formacao (id_curso, id_formacao) values (15, 1);
insert into curso_formacao (id_curso, id_formacao) values (15, 1);
insert into curso_formacao (id_curso, id_formacao) values (15, 1);
insert into curso_formacao (id_curso, id_formacao) values (15, 1);
insert into curso_formacao (id_curso, id_formacao) values (15, 1);
insert into curso_formacao (id_curso, id_formacao) values (15, 1);
insert into curso_formacao (id_curso, id_formacao) values (15, 1);
insert into curso_formacao (id_curso, id_formacao) values (15, 1);
insert into curso_formacao (id_curso, id_formacao) values (15, 1);
insert into curso_formacao (id_curso, id_formacao) values (15, 1);
insert into curso_formacao (id_curso, id_formacao) values (15, 1);
insert into curso_formacao (id_curso, id_formacao) values (15, 1);
insert into curso_formacao (id_curso, id_formacao) values (15, 1);
insert into curso_formacao (id_curso, id_formacao) values (15, 1);
insert into curso_formacao (id_curso, id_formacao) values (15, 1);
insert into curso_formacao (id_curso, id_formacao) values (15, 1);
insert into curso_formacao (id_curso, id_formacao) values (15, 1);
insert into curso_formacao (id_curso, id_formacao) values (15, 1);
insert into curso_formacao (id_curso, id_formacao) values (15, 1);
insert into curso_formacao (id_curso, id_formacao) values (15, 1);
insert into curso_formacao (id_curso, id_formacao) values (15, 1);
insert into curso_formacao (id_curso, id_formacao) values (15, 1);
insert into curso_formacao (id_curso, id_formacao) values (15, 1);
insert into curso_formacao (id_curso, id_formacao) values (15, 1);
insert into curso_formacao (id_curso, id_formacao) values (15, 1);
insert into curso_formacao (id_curso, id_formacao) values (15, 1);
insert into curso_formacao (id_curso, id_formacao) values (15, 1);
insert into curso_formacao (id_curso, id_formacao) values (15, 1);
insert into curso_formacao (id_curso, id_formacao) values (15, 1);
insert into curso_formacao (id_curso, id_formacao) values (15, 1);
insert into curso_formacao (id_curso, id_formacao) values (15, 1);
insert into curso_formacao (id_curso, id_formacao) values (15, 1);
insert into curso_formacao (id_curso, id_formacao) values (15, 1);
insert into curso_formacao (id_curso, id_formacao) values (15, 1);
insert into curso_formacao (id_curso, id_formacao) values (15, 1);
insert into curso_formacao (id_curso, id_formacao) values (15, 1);
insert into curso_formacao (id_curso, id_formacao) values (15, 1);
insert into curso_formacao (id_curso, id_formacao) values (15, 1);
insert into curso_formacao (id_curso, id_formacao) values (15, 1);
insert into curso_formacao (id_curso, id_formacao) values (15, 1);
insert into curso_formacao (id_curso, id_formacao) values (15, 1);
insert into curso_formacao (id_curso, id_formacao) values (15, 1);
insert into curso_formacao (id_curso, id_formacao) values (15, 1);
insert into curso_formacao (id_curso, id_formacao) values (15, 1);
insert into curso_formacao (id_curso, id_formacao) values (15, 1);
insert into curso_formacao (id_curso, id_formacao) values (15, 1);
insert into curso_formacao (id_curso, id_formacao) values (15, 1);
insert into curso_formacao (id_curso, id_formacao) values (15, 1);
insert into curso_formacao (id_curso, id_formacao) values (15, 2);
insert into curso_formacao (id_curso, id_formacao) values (15, 2);
insert into curso_formacao (id_curso, id_formacao) values (15, 2);
insert into curso_formacao (id_curso, id_formacao) values (15, 2);
insert into curso_formacao (id_curso, id_formacao) values (15, 2);
insert into curso_formacao (id_curso, id_formacao) values (15, 2);
insert into curso_formacao (id_curso, id_formacao) values (15, 2);
insert into curso_formacao (id_curso, id_formacao) values (15, 2);
insert into curso_formacao (id_curso, id_formacao) values (15, 2);
insert into curso_formacao (id_curso, id_formacao) values (15, 2);
insert into curso_formacao (id_curso, id_formacao) values (15, 2);
insert into curso_formacao (id_curso, id_formacao) values (15, 2);
insert into curso_formacao (id_curso, id_formacao) values (15, 2);
insert into curso_formacao (id_curso, id_formacao) values (15, 2);
insert into curso_formacao (id_curso, id_formacao) values (15, 2);
insert into curso_formacao (id_curso, id_formacao) values (15, 2);
insert into curso_formacao (id_curso, id_formacao) values (15, 2);
insert into curso_formacao (id_curso, id_formacao) values (15, 2);
insert into curso_formacao (id_curso, id_formacao) values (15, 2);
insert into curso_formacao (id_curso, id_formacao) values (15, 2);
insert into curso_formacao (id_curso, id_formacao) values (15, 2);
insert into curso_formacao (id_curso, id_formacao) values (15, 2);
insert into curso_formacao (id_curso, id_formacao) values (15, 2);
insert into curso_formacao (id_curso, id_formacao) values (15, 2);
insert into curso_formacao (id_curso, id_formacao) values (15, 2);
insert into curso_formacao (id_curso, id_formacao) values (15, 2);
insert into curso_formacao (id_curso, id_formacao) values (15, 2);
insert into curso_formacao (id_curso, id_formacao) values (15, 2);
insert into curso_formacao (id_curso, id_formacao) values (15, 2);
insert into curso_formacao (id_curso, id_formacao) values (15, 2);
insert into curso_formacao (id_curso, id_formacao) values (15, 2);
insert into curso_formacao (id_curso, id_formacao) values (15, 2);
insert into curso_formacao (id_curso, id_formacao) values (15, 2);
insert into curso_formacao (id_curso, id_formacao) values (15, 2);
insert into curso_formacao (id_curso, id_formacao) values (15, 2);
insert into curso_formacao (id_curso, id_formacao) values (15, 2);
insert into curso_formacao (id_curso, id_formacao) values (15, 2);
insert into curso_formacao (id_curso, id_formacao) values (15, 2);
insert into curso_formacao (id_curso, id_formacao) values (15, 2);
insert into curso_formacao (id_curso, id_formacao) values (15, 2);
insert into curso_formacao (id_curso, id_formacao) values (15, 2);
insert into curso_formacao (id_curso, id_formacao) values (15, 2);
insert into curso_formacao (id_curso, id_formacao) values (15, 2);
insert into curso_formacao (id_curso, id_formacao) values (15, 2);
insert into curso_formacao (id_curso, id_formacao) values (15, 2);
insert into curso_formacao (id_curso, id_formacao) values (15, 2);
insert into curso_formacao (id_curso, id_formacao) values (15, 2);
insert into curso_formacao (id_curso, id_formacao) values (15, 2);
insert into curso_formacao (id_curso, id_formacao) values (15, 2);
insert into curso_formacao (id_curso, id_formacao) values (15, 2);
insert into curso_formacao (id_curso, id_formacao) values (15, 2);
insert into curso_formacao (id_curso, id_formacao) values (15, 2);
insert into curso_formacao (id_curso, id_formacao) values (15, 2);
insert into curso_formacao (id_curso, id_formacao) values (15, 2);
insert into curso_formacao (id_curso, id_formacao) values (15, 2);
insert into curso_formacao (id_curso, id_formacao) values (15, 2);
insert into curso_formacao (id_curso, id_formacao) values (15, 2);
insert into curso_formacao (id_curso, id_formacao) values (15, 2);
insert into curso_formacao (id_curso, id_formacao) values (15, 2);
insert into curso_formacao (id_curso, id_formacao) values (15, 2);
insert into curso_formacao (id_curso, id_formacao) values (15, 2);
insert into curso_formacao (id_curso, id_formacao) values (15, 2);
insert into curso_formacao (id_curso, id_formacao) values (15, 2);
insert into curso_formacao (id_curso, id_formacao) values (15, 2);
insert into curso_formacao (id_curso, id_formacao) values (18, 1);
insert into curso_formacao (id_curso, id_formacao) values (18, 1);
insert into curso_formacao (id_curso, id_formacao) values (18, 1);
insert into curso_formacao (id_curso, id_formacao) values (18, 1);
insert into curso_formacao (id_curso, id_formacao) values (18, 1);
insert into curso_formacao (id_curso, id_formacao) values (18, 1);
insert into curso_formacao (id_curso, id_formacao) values (18, 1);
insert into curso_formacao (id_curso, id_formacao) values (18, 1);
insert into curso_formacao (id_curso, id_formacao) values (18, 1);
insert into curso_formacao (id_curso, id_formacao) values (18, 1);
insert into curso_formacao (id_curso, id_formacao) values (18, 1);
insert into curso_formacao (id_curso, id_formacao) values (18, 1);
insert into curso_formacao (id_curso, id_formacao) values (18, 1);
insert into curso_formacao (id_curso, id_formacao) values (18, 1);
insert into curso_formacao (id_curso, id_formacao) values (18, 1);
insert into curso_formacao (id_curso, id_formacao) values (18, 1);
insert into curso_formacao (id_curso, id_formacao) values (18, 1);
insert into curso_formacao (id_curso, id_formacao) values (18, 1);
insert into curso_formacao (id_curso, id_formacao) values (18, 1);
insert into curso_formacao (id_curso, id_formacao) values (18, 1);
insert into curso_formacao (id_curso, id_formacao) values (18, 1);
insert into curso_formacao (id_curso, id_formacao) values (18, 1);
insert into curso_formacao (id_curso, id_formacao) values (18, 1);
insert into curso_formacao (id_curso, id_formacao) values (18, 1);
insert into curso_formacao (id_curso, id_formacao) values (18, 1);
insert into curso_formacao (id_curso, id_formacao) values (18, 1);
insert into curso_formacao (id_curso, id_formacao) values (18, 1);
insert into curso_formacao (id_curso, id_formacao) values (18, 1);
insert into curso_formacao (id_curso, id_formacao) values (18, 1);
insert into curso_formacao (id_curso, id_formacao) values (18, 1);
insert into curso_formacao (id_curso, id_formacao) values (18, 1);
insert into curso_formacao (id_curso, id_formacao) values (18, 1);
insert into curso_formacao (id_curso, id_formacao) values (18, 1);
insert into curso_formacao (id_curso, id_formacao) values (18, 1);
insert into curso_formacao (id_curso, id_formacao) values (18, 1);
insert into curso_formacao (id_curso, id_formacao) values (18, 1);
insert into curso_formacao (id_curso, id_formacao) values (18, 1);
insert into curso_formacao (id_curso, id_formacao) values (18, 2);
insert into curso_formacao (id_curso, id_formacao) values (18, 2);
insert into curso_formacao (id_curso, id_formacao) values (18, 2);
insert into curso_formacao (id_curso, id_formacao) values (18, 2);
insert into curso_formacao (id_curso, id_formacao) values (18, 2);
insert into curso_formacao (id_curso, id_formacao) values (18, 2);
insert into curso_formacao (id_curso, id_formacao) values (18, 2);
insert into curso_formacao (id_curso, id_formacao) values (18, 2);
insert into curso_formacao (id_curso, id_formacao) values (18, 2);
insert into curso_formacao (id_curso, id_formacao) values (18, 2);
insert into curso_formacao (id_curso, id_formacao) values (18, 2);
insert into curso_formacao (id_curso, id_formacao) values (18, 2);
insert into curso_formacao (id_curso, id_formacao) values (18, 2);
insert into curso_formacao (id_curso, id_formacao) values (18, 2);
insert into curso_formacao (id_curso, id_formacao) values (18, 2);
insert into curso_formacao (id_curso, id_formacao) values (18, 2);
insert into curso_formacao (id_curso, id_formacao) values (18, 2);
insert into curso_formacao (id_curso, id_formacao) values (18, 2);
insert into curso_formacao (id_curso, id_formacao) values (18, 2);
insert into curso_formacao (id_curso, id_formacao) values (18, 2);
insert into curso_formacao (id_curso, id_formacao) values (18, 2);
insert into curso_formacao (id_curso, id_formacao) values (18, 2);
insert into curso_formacao (id_curso, id_formacao) values (18, 2);
insert into curso_formacao (id_curso, id_formacao) values (18, 2);
insert into curso_formacao (id_curso, id_formacao) values (18, 2);
insert into curso_formacao (id_curso, id_formacao) values (18, 2);
insert into curso_formacao (id_curso, id_formacao) values (18, 2);
insert into curso_formacao (id_curso, id_formacao) values (18, 2);
insert into curso_formacao (id_curso, id_formacao) values (18, 2);
insert into curso_formacao (id_curso, id_formacao) values (18, 2);
insert into curso_formacao (id_curso, id_formacao) values (18, 2);
insert into curso_formacao (id_curso, id_formacao) values (18, 2);
insert into curso_formacao (id_curso, id_formacao) values (18, 2);
insert into curso_formacao (id_curso, id_formacao) values (20, 1);
insert into curso_formacao (id_curso, id_formacao) values (20, 1);
insert into curso_formacao (id_curso, id_formacao) values (20, 1);
insert into curso_formacao (id_curso, id_formacao) values (20, 1);
insert into curso_formacao (id_curso, id_formacao) values (20, 1);
insert into curso_formacao (id_curso, id_formacao) values (20, 1);
insert into curso_formacao (id_curso, id_formacao) values (20, 1);
insert into curso_formacao (id_curso, id_formacao) values (20, 1);
insert into curso_formacao (id_curso, id_formacao) values (20, 1);
insert into curso_formacao (id_curso, id_formacao) values (20, 1);
insert into curso_formacao (id_curso, id_formacao) values (20, 1);
insert into curso_formacao (id_curso, id_formacao) values (20, 1);
insert into curso_formacao (id_curso, id_formacao) values (20, 1);
insert into curso_formacao (id_curso, id_formacao) values (20, 1);
insert into curso_formacao (id_curso, id_formacao) values (20, 1);
insert into curso_formacao (id_curso, id_formacao) values (20, 1);
insert into curso_formacao (id_curso, id_formacao) values (20, 1);
insert into curso_formacao (id_curso, id_formacao) values (20, 1);
insert into curso_formacao (id_curso, id_formacao) values (20, 1);
insert into curso_formacao (id_curso, id_formacao) values (20, 1);
insert into curso_formacao (id_curso, id_formacao) values (20, 1);
insert into curso_formacao (id_curso, id_formacao) values (20, 1);
insert into curso_formacao (id_curso, id_formacao) values (20, 1);
insert into curso_formacao (id_curso, id_formacao) values (20, 1);
insert into curso_formacao (id_curso, id_formacao) values (20, 1);
insert into curso_formacao (id_curso, id_formacao) values (20, 1);
insert into curso_formacao (id_curso, id_formacao) values (20, 1);
insert into curso_formacao (id_curso, id_formacao) values (20, 1);
insert into curso_formacao (id_curso, id_formacao) values (20, 1);
insert into curso_formacao (id_curso, id_formacao) values (20, 1);
insert into curso_formacao (id_curso, id_formacao) values (20, 1);
insert into curso_formacao (id_curso, id_formacao) values (20, 1);
insert into curso_formacao (id_curso, id_formacao) values (20, 1);
insert into curso_formacao (id_curso, id_formacao) values (20, 1);
insert into curso_formacao (id_curso, id_formacao) values (20, 2);
insert into curso_formacao (id_curso, id_formacao) values (20, 2);
insert into curso_formacao (id_curso, id_formacao) values (20, 2);
insert into curso_formacao (id_curso, id_formacao) values (20, 2);
insert into curso_formacao (id_curso, id_formacao) values (20, 2);
insert into curso_formacao (id_curso, id_formacao) values (20, 2);
insert into curso_formacao (id_curso, id_formacao) values (20, 2);
insert into curso_formacao (id_curso, id_formacao) values (20, 2);
insert into curso_formacao (id_curso, id_formacao) values (20, 2);
insert into curso_formacao (id_curso, id_formacao) values (20, 2);
insert into curso_formacao (id_curso, id_formacao) values (20, 2);
insert into curso_formacao (id_curso, id_formacao) values (20, 2);
insert into curso_formacao (id_curso, id_formacao) values (20, 2);
insert into curso_formacao (id_curso, id_formacao) values (20, 2);
insert into curso_formacao (id_curso, id_formacao) values (20, 2);
insert into curso_formacao (id_curso, id_formacao) values (20, 2);
insert into curso_formacao (id_curso, id_formacao) values (20, 2);
insert into curso_formacao (id_curso, id_formacao) values (20, 2);
insert into curso_formacao (id_curso, id_formacao) values (20, 2);
insert into curso_formacao (id_curso, id_formacao) values (20, 2);
insert into curso_formacao (id_curso, id_formacao) values (20, 2);
insert into curso_formacao (id_curso, id_formacao) values (20, 2);
insert into curso_formacao (id_curso, id_formacao) values (20, 2);
insert into curso_formacao (id_curso, id_formacao) values (20, 2);
insert into curso_formacao (id_curso, id_formacao) values (20, 2);
insert into curso_formacao (id_curso, id_formacao) values (20, 2);
insert into curso_formacao (id_curso, id_formacao) values (20, 2);
insert into curso_formacao (id_curso, id_formacao) values (20, 2);
insert into curso_formacao (id_curso, id_formacao) values (20, 2);
insert into curso_formacao (id_curso, id_formacao) values (7, 1);
insert into curso_formacao (id_curso, id_formacao) values (7, 1);
insert into curso_formacao (id_curso, id_formacao) values (7, 1);
insert into curso_formacao (id_curso, id_formacao) values (7, 1);
insert into curso_formacao (id_curso, id_formacao) values (7, 1);
insert into curso_formacao (id_curso, id_formacao) values (7, 1);
insert into curso_formacao (id_curso, id_formacao) values (7, 1);
insert into curso_formacao (id_curso, id_formacao) values (7, 1);
insert into curso_formacao (id_curso, id_formacao) values (7, 1);
insert into curso_formacao (id_curso, id_formacao) values (7, 1);
insert into curso_formacao (id_curso, id_formacao) values (7, 1);
insert into curso_formacao (id_curso, id_formacao) values (7, 1);
insert into curso_formacao (id_curso, id_formacao) values (7, 1);
insert into curso_formacao (id_curso, id_formacao) values (7, 1);
insert into curso_formacao (id_curso, id_formacao) values (7, 1);
insert into curso_formacao (id_curso, id_formacao) values (7, 1);
insert into curso_formacao (id_curso, id_formacao) values (7, 1);
insert into curso_formacao (id_curso, id_formacao) values (7, 1);
insert into curso_formacao (id_curso, id_formacao) values (7, 1);
insert into curso_formacao (id_curso, id_formacao) values (7, 1);
insert into curso_formacao (id_curso, id_formacao) values (7, 1);
insert into curso_formacao (id_curso, id_formacao) values (7, 1);
insert into curso_formacao (id_curso, id_formacao) values (7, 1);
insert into curso_formacao (id_curso, id_formacao) values (7, 1);
insert into curso_formacao (id_curso, id_formacao) values (7, 1);
insert into curso_formacao (id_curso, id_formacao) values (7, 1);
insert into curso_formacao (id_curso, id_formacao) values (7, 1);
insert into curso_formacao (id_curso, id_formacao) values (7, 1);
insert into curso_formacao (id_curso, id_formacao) values (7, 1);
insert into curso_formacao (id_curso, id_formacao) values (7, 1);
insert into curso_formacao (id_curso, id_formacao) values (7, 1);
insert into curso_formacao (id_curso, id_formacao) values (7, 1);
insert into curso_formacao (id_curso, id_formacao) values (7, 1);
insert into curso_formacao (id_curso, id_formacao) values (7, 1);
insert into curso_formacao (id_curso, id_formacao) values (7, 1);
insert into curso_formacao (id_curso, id_formacao) values (7, 1);
insert into curso_formacao (id_curso, id_formacao) values (7, 1);
insert into curso_formacao (id_curso, id_formacao) values (7, 1);
insert into curso_formacao (id_curso, id_formacao) values (7, 1);
insert into curso_formacao (id_curso, id_formacao) values (7, 1);
insert into curso_formacao (id_curso, id_formacao) values (7, 1);
insert into curso_formacao (id_curso, id_formacao) values (7, 1);
insert into curso_formacao (id_curso, id_formacao) values (7, 1);
insert into curso_formacao (id_curso, id_formacao) values (7, 1);
insert into curso_formacao (id_curso, id_formacao) values (7, 1);
insert into curso_formacao (id_curso, id_formacao) values (7, 1);
insert into curso_formacao (id_curso, id_formacao) values (7, 1);
insert into curso_formacao (id_curso, id_formacao) values (7, 1);
insert into curso_formacao (id_curso, id_formacao) values (7, 1);
insert into curso_formacao (id_curso, id_formacao) values (7, 1);
insert into curso_formacao (id_curso, id_formacao) values (7, 1);
insert into curso_formacao (id_curso, id_formacao) values (7, 1);
insert into curso_formacao (id_curso, id_formacao) values (7, 1);
insert into curso_formacao (id_curso, id_formacao) values (7, 1);
insert into curso_formacao (id_curso, id_formacao) values (7, 1);
insert into curso_formacao (id_curso, id_formacao) values (7, 1);
insert into curso_formacao (id_curso, id_formacao) values (7, 1);
insert into curso_formacao (id_curso, id_formacao) values (7, 1);
insert into curso_formacao (id_curso, id_formacao) values (1, 1);
insert into curso_formacao (id_curso, id_formacao) values (1, 1);
insert into curso_formacao (id_curso, id_formacao) values (1, 1);
insert into curso_formacao (id_curso, id_formacao) values (1, 1);
insert into curso_formacao (id_curso, id_formacao) values (1, 1);
insert into curso_formacao (id_curso, id_formacao) values (9, 1);
insert into curso_formacao (id_curso, id_formacao) values (19, 1);
insert into curso_formacao (id_curso, id_formacao) values (16, 2);
insert into curso_formacao (id_curso, id_formacao) values (4, 2);
insert into curso_formacao (id_curso, id_formacao) values (4, 2);
insert into curso_formacao (id_curso, id_formacao) values (4, 2);
insert into curso_formacao (id_curso, id_formacao) values (4, 2);
insert into curso_formacao (id_curso, id_formacao) values (4, 2);
insert into curso_formacao (id_curso, id_formacao) values (4, 2);
insert into curso_formacao (id_curso, id_formacao) values (4, 2);
insert into curso_formacao (id_curso, id_formacao) values (4, 2);
insert into turma (id, turma, id_disciplina, id_semestre, id_curso) values (1, 'T1', 547, 7, 7);
insert into turma (id, turma, id_disciplina, id_semestre, id_curso) values (2, 'T1', 555, 7, 7);
insert into turma (id, turma, id_disciplina, id_semestre, id_curso) values (3, 'T2', 546, 7, 7);
insert into turma (id, turma, id_disciplina, id_semestre, id_curso) values (4, 'T1', 546, 7, 7);
insert into turma (id, turma, id_disciplina, id_semestre, id_curso) values (5, 'T1', 534, 7, 7);
insert into turma (id, turma, id_disciplina, id_semestre, id_curso) values (6, 'T1', 524, 7, 7);
insert into turma (id, turma, id_disciplina, id_semestre, id_curso) values (7, 'T2', 556, 7, 7);
insert into turma (id, turma, id_disciplina, id_semestre, id_curso) values (8, 'T1', 556, 7, 7);
insert into turma (id, turma, id_disciplina, id_semestre, id_curso) values (9, 'T3', 428, 7, 7);
insert into turma (id, turma, id_disciplina, id_semestre, id_curso) values (10, 'T2', 428, 7, 7);
insert into turma (id, turma, id_disciplina, id_semestre, id_curso) values (11, 'T1', 428, 7, 7);
insert into turma (id, turma, id_disciplina, id_semestre, id_curso) values (12, 'T2', 548, 7, 7);
insert into turma (id, turma, id_disciplina, id_semestre, id_curso) values (13, 'T1', 548, 7, 7);
insert into turma (id, turma, id_disciplina, id_semestre, id_curso) values (14, 'T1', 557, 7, 7);
insert into turma (id, turma, id_disciplina, id_semestre, id_curso) values (15, 'T3', 542, 7, 7);
insert into turma (id, turma, id_disciplina, id_semestre, id_curso) values (16, 'T1', 542, 7, 7);
insert into turma (id, turma, id_disciplina, id_semestre, id_curso) values (17, 'T2', 533, 7, 7);
insert into turma (id, turma, id_disciplina, id_semestre, id_curso) values (18, 'T1', 533, 7, 7);
insert into turma (id, turma, id_disciplina, id_semestre, id_curso) values (19, 'T1', 525, 7, 7);
insert into turma (id, turma, id_disciplina, id_semestre, id_curso) values (20, 'T3', 558, 7, 7);
insert into turma (id, turma, id_disciplina, id_semestre, id_curso) values (21, 'T3', 421, 7, 7);
insert into turma (id, turma, id_disciplina, id_semestre, id_curso) values (22, 'T2', 558, 7, 7);
insert into turma (id, turma, id_disciplina, id_semestre, id_curso) values (23, 'T1', 558, 7, 7);
insert into turma (id, turma, id_disciplina, id_semestre, id_curso) values (24, 'T2', 421, 7, 7);
insert into turma (id, turma, id_disciplina, id_semestre, id_curso) values (25, 'T1', 421, 7, 7);
insert into turma (id, turma, id_disciplina, id_semestre, id_curso) values (26, 'T2', 552, 7, 7);
insert into turma (id, turma, id_disciplina, id_semestre, id_curso) values (27, 'T1', 552, 7, 7);
insert into turma (id, turma, id_disciplina, id_semestre, id_curso) values (28, 'T2', 542, 7, 7);
insert into turma (id, turma, id_disciplina, id_semestre, id_curso) values (29, 'T2', 547, 7, 7);
insert into turma (id, turma, id_disciplina, id_semestre, id_curso) values (30, 'T1', 526, 7, 7);
insert into turma (id, turma, id_disciplina, id_semestre, id_curso) values (31, 'T1', 559, 7, 7);
insert into turma (id, turma, id_disciplina, id_semestre, id_curso) values (32, 'T1', 573, 7, 7);
insert into turma (id, turma, id_disciplina, id_semestre, id_curso) values (33, 'T1', 564, 7, 7);
insert into turma (id, turma, id_disciplina, id_semestre, id_curso) values (34, 'T1', 562, 7, 7);
insert into turma (id, turma, id_disciplina, id_semestre, id_curso) values (35, 'T1', 551, 7, 7);
insert into turma (id, turma, id_disciplina, id_semestre, id_curso) values (36, 'T2', 545, 7, 7);
insert into turma (id, turma, id_disciplina, id_semestre, id_curso) values (37, 'T1', 545, 7, 7);
insert into turma (id, turma, id_disciplina, id_semestre, id_curso) values (38, 'T1', 574, 7, 7);
insert into turma (id, turma, id_disciplina, id_semestre, id_curso) values (39, 'T1', 568, 7, 7);
insert into turma (id, turma, id_disciplina, id_semestre, id_curso) values (40, 'T1', 567, 7, 7);
insert into turma (id, turma, id_disciplina, id_semestre, id_curso) values (41, 'T1', 544, 7, 7);
insert into turma (id, turma, id_disciplina, id_semestre, id_curso) values (42, 'T1', 543, 7, 7);
insert into turma (id, turma, id_disciplina, id_semestre, id_curso) values (43, 'T1', 566, 7, 7);
insert into turma (id, turma, id_disciplina, id_semestre, id_curso) values (44, 'T1', 537, 7, 7);
insert into turma (id, turma, id_disciplina, id_semestre, id_curso) values (45, 'T1', 550, 7, 7);
insert into turma (id, turma, id_disciplina, id_semestre, id_curso) values (46, 'T1', 530, 7, 7);
insert into turma (id, turma, id_disciplina, id_semestre, id_curso) values (47, 'T1', 575, 7, 7);
insert into turma (id, turma, id_disciplina, id_semestre, id_curso) values (48, 'T1', 571, 7, 7);
insert into turma (id, turma, id_disciplina, id_semestre, id_curso) values (49, 'T1', 570, 7, 7);
insert into turma (id, turma, id_disciplina, id_semestre, id_curso) values (50, 'T1', 549, 7, 7);
insert into turma (id, turma, id_disciplina, id_semestre, id_curso) values (51, 'T1', 539, 7, 7);
insert into turma (id, turma, id_disciplina, id_semestre, id_curso) values (52, 'T1', 529, 7, 7);
insert into turma (id, turma, id_disciplina, id_semestre, id_curso) values (53, 'T1', 527, 7, 7);
insert into turma (id, turma, id_disciplina, id_semestre, id_curso) values (54, 'T2', 565, 7, 7);
insert into turma (id, turma, id_disciplina, id_semestre, id_curso) values (55, 'T1', 565, 7, 7);
insert into turma (id, turma, id_disciplina, id_semestre, id_curso) values (56, 'T1', 561, 7, 7);
insert into turma (id, turma, id_disciplina, id_semestre, id_curso) values (57, 'T1', 560, 7, 7);
insert into turma (id, turma, id_disciplina, id_semestre, id_curso) values (58, 'T1', 535, 7, 7);
insert into turma (id, turma, id_disciplina, id_semestre, id_curso) values (59, 'T1', 577, 7, 7);
insert into turma (id, turma, id_disciplina, id_semestre, id_curso) values (60, 'T1', 578, 7, 7);
insert into turma (id, turma, id_disciplina, id_semestre, id_curso) values (61, 'T1', 532, 7, 7);
insert into turma (id, turma, id_disciplina, id_semestre, id_curso) values (62, 'T2', 532, 7, 7);
insert into turma (id, turma, id_disciplina, id_semestre, id_curso) values (63, 'T1', 552, 8, 7);
insert into turma (id, turma, id_disciplina, id_semestre, id_curso) values (64, 'T1', 526, 8, 7);
insert into turma (id, turma, id_disciplina, id_semestre, id_curso) values (65, 'T2', 555, 8, 7);
insert into turma (id, turma, id_disciplina, id_semestre, id_curso) values (66, 'T1', 555, 8, 7);
insert into turma (id, turma, id_disciplina, id_semestre, id_curso) values (67, 'T2', 546, 8, 7);
insert into turma (id, turma, id_disciplina, id_semestre, id_curso) values (68, 'T1', 546, 8, 7);
insert into turma (id, turma, id_disciplina, id_semestre, id_curso) values (69, 'T1', 524, 8, 7);
insert into turma (id, turma, id_disciplina, id_semestre, id_curso) values (70, 'T2', 557, 8, 7);
insert into turma (id, turma, id_disciplina, id_semestre, id_curso) values (71, 'T1', 557, 8, 7);
insert into turma (id, turma, id_disciplina, id_semestre, id_curso) values (72, 'T2', 556, 8, 7);
insert into turma (id, turma, id_disciplina, id_semestre, id_curso) values (73, 'T1', 556, 8, 7);
insert into turma (id, turma, id_disciplina, id_semestre, id_curso) values (74, 'T2', 428, 8, 7);
insert into turma (id, turma, id_disciplina, id_semestre, id_curso) values (75, 'T1', 547, 8, 7);
insert into turma (id, turma, id_disciplina, id_semestre, id_curso) values (76, 'T1', 428, 8, 7);
insert into turma (id, turma, id_disciplina, id_semestre, id_curso) values (77, 'T1', 548, 8, 7);
insert into turma (id, turma, id_disciplina, id_semestre, id_curso) values (78, 'T1', 533, 8, 7);
insert into turma (id, turma, id_disciplina, id_semestre, id_curso) values (79, 'T2', 525, 8, 7);
insert into turma (id, turma, id_disciplina, id_semestre, id_curso) values (80, 'T1', 525, 8, 7);
insert into turma (id, turma, id_disciplina, id_semestre, id_curso) values (81, 'T2', 542, 8, 7);
insert into turma (id, turma, id_disciplina, id_semestre, id_curso) values (82, 'T1', 542, 8, 7);
insert into turma (id, turma, id_disciplina, id_semestre, id_curso) values (83, 'T2', 558, 8, 7);
insert into turma (id, turma, id_disciplina, id_semestre, id_curso) values (84, 'T1', 558, 8, 7);
insert into turma (id, turma, id_disciplina, id_semestre, id_curso) values (85, 'T2', 421, 8, 7);
insert into turma (id, turma, id_disciplina, id_semestre, id_curso) values (86, 'T1', 421, 8, 7);
insert into turma (id, turma, id_disciplina, id_semestre, id_curso) values (87, 'T2', 552, 8, 7);
insert into turma (id, turma, id_disciplina, id_semestre, id_curso) values (88, 'T1', 537, 8, 7);
insert into turma (id, turma, id_disciplina, id_semestre, id_curso) values (89, 'T2', 548, 8, 7);
insert into turma (id, turma, id_disciplina, id_semestre, id_curso) values (90, 'T1', 559, 8, 7);
insert into turma (id, turma, id_disciplina, id_semestre, id_curso) values (91, 'T1', 561, 8, 7);
insert into turma (id, turma, id_disciplina, id_semestre, id_curso) values (92, 'T1', 551, 8, 7);
insert into turma (id, turma, id_disciplina, id_semestre, id_curso) values (93, 'T1', 562, 8, 7);
insert into turma (id, turma, id_disciplina, id_semestre, id_curso) values (94, 'T1', 576, 8, 7);
insert into turma (id, turma, id_disciplina, id_semestre, id_curso) values (95, 'T1', 578, 8, 7);
insert into turma (id, turma, id_disciplina, id_semestre, id_curso) values (96, 'T1', 577, 8, 7);
insert into turma (id, turma, id_disciplina, id_semestre, id_curso) values (97, 'T2', 545, 8, 7);
insert into turma (id, turma, id_disciplina, id_semestre, id_curso) values (98, 'T1', 545, 8, 7);
insert into turma (id, turma, id_disciplina, id_semestre, id_curso) values (99, 'T1', 574, 8, 7);
insert into turma (id, turma, id_disciplina, id_semestre, id_curso) values (100, 'T2', 568, 8, 7);
insert into turma (id, turma, id_disciplina, id_semestre, id_curso) values (101, 'T1', 568, 8, 7);
insert into turma (id, turma, id_disciplina, id_semestre, id_curso) values (102, 'T1', 567, 8, 7);
insert into turma (id, turma, id_disciplina, id_semestre, id_curso) values (103, 'T1', 544, 8, 7);
insert into turma (id, turma, id_disciplina, id_semestre, id_curso) values (104, 'T1', 560, 8, 7);
insert into turma (id, turma, id_disciplina, id_semestre, id_curso) values (105, 'T1', 543, 8, 7);
insert into turma (id, turma, id_disciplina, id_semestre, id_curso) values (106, 'T1', 550, 8, 7);
insert into turma (id, turma, id_disciplina, id_semestre, id_curso) values (107, 'T1', 530, 8, 7);
insert into turma (id, turma, id_disciplina, id_semestre, id_curso) values (108, 'T1', 535, 8, 7);
insert into turma (id, turma, id_disciplina, id_semestre, id_curso) values (109, 'T1', 570, 8, 7);
insert into turma (id, turma, id_disciplina, id_semestre, id_curso) values (110, 'T1', 529, 8, 7);
insert into turma (id, turma, id_disciplina, id_semestre, id_curso) values (111, 'T1', 575, 8, 7);
insert into turma (id, turma, id_disciplina, id_semestre, id_curso) values (112, 'T1', 571, 8, 7);
insert into turma (id, turma, id_disciplina, id_semestre, id_curso) values (113, 'T1', 539, 8, 7);
insert into turma (id, turma, id_disciplina, id_semestre, id_curso) values (114, 'T1', 527, 8, 7);
insert into turma (id, turma, id_disciplina, id_semestre, id_curso) values (115, 'T1', 549, 8, 7);
insert into turma (id, turma, id_disciplina, id_semestre, id_curso) values (116, 'T2', 565, 8, 7);
insert into turma (id, turma, id_disciplina, id_semestre, id_curso) values (117, 'T1', 565, 8, 7);
insert into turma (id, turma, id_disciplina, id_semestre, id_curso) values (118, 'T1', 566, 8, 7);
insert into turma (id, turma, id_disciplina, id_semestre, id_curso) values (119, 'T1', 532, 8, 7);
insert into aula (id, id_turma, id_tipo_aula) values (1, 1, 1);
insert into aula (id, id_turma, id_tipo_aula) values (2, 1, 2);
insert into aula (id, id_turma, id_tipo_aula) values (3, 2, 1);
insert into aula (id, id_turma, id_tipo_aula) values (4, 2, 2);
insert into aula (id, id_turma, id_tipo_aula) values (5, 3, 1);
insert into aula (id, id_turma, id_tipo_aula) values (6, 3, 2);
insert into aula (id, id_turma, id_tipo_aula) values (7, 4, 1);
insert into aula (id, id_turma, id_tipo_aula) values (8, 4, 2);
insert into aula (id, id_turma, id_tipo_aula) values (9, 5, 1);
insert into aula (id, id_turma, id_tipo_aula) values (10, 5, 2);
insert into aula (id, id_turma, id_tipo_aula) values (11, 6, 1);
insert into aula (id, id_turma, id_tipo_aula) values (12, 6, 2);
insert into aula (id, id_turma, id_tipo_aula) values (13, 7, 1);
insert into aula (id, id_turma, id_tipo_aula) values (14, 7, 2);
insert into aula (id, id_turma, id_tipo_aula) values (15, 8, 2);
insert into aula (id, id_turma, id_tipo_aula) values (16, 8, 1);
insert into aula (id, id_turma, id_tipo_aula) values (17, 9, 2);
insert into aula (id, id_turma, id_tipo_aula) values (18, 9, 1);
insert into aula (id, id_turma, id_tipo_aula) values (19, 10, 2);
insert into aula (id, id_turma, id_tipo_aula) values (20, 10, 1);
insert into aula (id, id_turma, id_tipo_aula) values (21, 11, 2);
insert into aula (id, id_turma, id_tipo_aula) values (22, 11, 1);
insert into aula (id, id_turma, id_tipo_aula) values (23, 12, 1);
insert into aula (id, id_turma, id_tipo_aula) values (24, 12, 2);
insert into aula (id, id_turma, id_tipo_aula) values (25, 13, 1);
insert into aula (id, id_turma, id_tipo_aula) values (26, 13, 2);
insert into aula (id, id_turma, id_tipo_aula) values (27, 14, 1);
insert into aula (id, id_turma, id_tipo_aula) values (28, 14, 2);
insert into aula (id, id_turma, id_tipo_aula) values (29, 15, 1);
insert into aula (id, id_turma, id_tipo_aula) values (30, 15, 2);
insert into aula (id, id_turma, id_tipo_aula) values (31, 16, 2);
insert into aula (id, id_turma, id_tipo_aula) values (32, 16, 1);
insert into aula (id, id_turma, id_tipo_aula) values (33, 17, 1);
insert into aula (id, id_turma, id_tipo_aula) values (34, 17, 2);
insert into aula (id, id_turma, id_tipo_aula) values (35, 18, 2);
insert into aula (id, id_turma, id_tipo_aula) values (36, 18, 1);
insert into aula (id, id_turma, id_tipo_aula) values (37, 19, 1);
insert into aula (id, id_turma, id_tipo_aula) values (38, 19, 2);
insert into aula (id, id_turma, id_tipo_aula) values (39, 20, 2);
insert into aula (id, id_turma, id_tipo_aula) values (40, 20, 1);
insert into aula (id, id_turma, id_tipo_aula) values (41, 21, 1);
insert into aula (id, id_turma, id_tipo_aula) values (42, 21, 2);
insert into aula (id, id_turma, id_tipo_aula) values (43, 22, 1);
insert into aula (id, id_turma, id_tipo_aula) values (44, 22, 2);
insert into aula (id, id_turma, id_tipo_aula) values (45, 23, 1);
insert into aula (id, id_turma, id_tipo_aula) values (46, 23, 2);
insert into aula (id, id_turma, id_tipo_aula) values (47, 24, 2);
insert into aula (id, id_turma, id_tipo_aula) values (48, 24, 1);
insert into aula (id, id_turma, id_tipo_aula) values (49, 25, 2);
insert into aula (id, id_turma, id_tipo_aula) values (50, 25, 1);
insert into aula (id, id_turma, id_tipo_aula) values (51, 26, 2);
insert into aula (id, id_turma, id_tipo_aula) values (52, 26, 1);
insert into aula (id, id_turma, id_tipo_aula) values (53, 27, 1);
insert into aula (id, id_turma, id_tipo_aula) values (54, 27, 2);
insert into aula (id, id_turma, id_tipo_aula) values (55, 28, 2);
insert into aula (id, id_turma, id_tipo_aula) values (56, 28, 1);
insert into aula (id, id_turma, id_tipo_aula) values (57, 29, 2);
insert into aula (id, id_turma, id_tipo_aula) values (58, 29, 1);
insert into aula (id, id_turma, id_tipo_aula) values (59, 30, 2);
insert into aula (id, id_turma, id_tipo_aula) values (60, 30, 1);
insert into aula (id, id_turma, id_tipo_aula) values (61, 31, 1);
insert into aula (id, id_turma, id_tipo_aula) values (62, 31, 2);
insert into aula (id, id_turma, id_tipo_aula) values (63, 32, 2);
insert into aula (id, id_turma, id_tipo_aula) values (64, 32, 1);
insert into aula (id, id_turma, id_tipo_aula) values (65, 33, 1);
insert into aula (id, id_turma, id_tipo_aula) values (66, 33, 2);
insert into aula (id, id_turma, id_tipo_aula) values (67, 34, 2);
insert into aula (id, id_turma, id_tipo_aula) values (68, 34, 1);
insert into aula (id, id_turma, id_tipo_aula) values (69, 35, 2);
insert into aula (id, id_turma, id_tipo_aula) values (70, 35, 1);
insert into aula (id, id_turma, id_tipo_aula) values (71, 36, 1);
insert into aula (id, id_turma, id_tipo_aula) values (72, 36, 2);
insert into aula (id, id_turma, id_tipo_aula) values (73, 37, 2);
insert into aula (id, id_turma, id_tipo_aula) values (74, 37, 1);
insert into aula (id, id_turma, id_tipo_aula) values (75, 38, 1);
insert into aula (id, id_turma, id_tipo_aula) values (76, 38, 2);
insert into aula (id, id_turma, id_tipo_aula) values (77, 39, 1);
insert into aula (id, id_turma, id_tipo_aula) values (78, 39, 2);
insert into aula (id, id_turma, id_tipo_aula) values (79, 40, 1);
insert into aula (id, id_turma, id_tipo_aula) values (80, 40, 2);
insert into aula (id, id_turma, id_tipo_aula) values (81, 41, 2);
insert into aula (id, id_turma, id_tipo_aula) values (82, 41, 1);
insert into aula (id, id_turma, id_tipo_aula) values (83, 42, 1);
insert into aula (id, id_turma, id_tipo_aula) values (84, 42, 2);
insert into aula (id, id_turma, id_tipo_aula) values (85, 43, 1);
insert into aula (id, id_turma, id_tipo_aula) values (86, 43, 2);
insert into aula (id, id_turma, id_tipo_aula) values (87, 44, 2);
insert into aula (id, id_turma, id_tipo_aula) values (88, 44, 1);
insert into aula (id, id_turma, id_tipo_aula) values (89, 45, 1);
insert into aula (id, id_turma, id_tipo_aula) values (90, 45, 2);
insert into aula (id, id_turma, id_tipo_aula) values (91, 46, 2);
insert into aula (id, id_turma, id_tipo_aula) values (92, 46, 1);
insert into aula (id, id_turma, id_tipo_aula) values (93, 47, 2);
insert into aula (id, id_turma, id_tipo_aula) values (94, 47, 1);
insert into aula (id, id_turma, id_tipo_aula) values (95, 48, 1);
insert into aula (id, id_turma, id_tipo_aula) values (96, 48, 2);
insert into aula (id, id_turma, id_tipo_aula) values (97, 49, 2);
insert into aula (id, id_turma, id_tipo_aula) values (98, 49, 1);
insert into aula (id, id_turma, id_tipo_aula) values (99, 50, 2);
insert into aula (id, id_turma, id_tipo_aula) values (100, 50, 1);
insert into aula (id, id_turma, id_tipo_aula) values (101, 51, 2);
insert into aula (id, id_turma, id_tipo_aula) values (102, 51, 1);
insert into aula (id, id_turma, id_tipo_aula) values (103, 52, 2);
insert into aula (id, id_turma, id_tipo_aula) values (104, 52, 1);
insert into aula (id, id_turma, id_tipo_aula) values (105, 53, 1);
insert into aula (id, id_turma, id_tipo_aula) values (106, 53, 2);
insert into aula (id, id_turma, id_tipo_aula) values (107, 54, 2);
insert into aula (id, id_turma, id_tipo_aula) values (108, 54, 1);
insert into aula (id, id_turma, id_tipo_aula) values (109, 55, 2);
insert into aula (id, id_turma, id_tipo_aula) values (110, 55, 1);
insert into aula (id, id_turma, id_tipo_aula) values (111, 56, 2);
insert into aula (id, id_turma, id_tipo_aula) values (112, 56, 1);
insert into aula (id, id_turma, id_tipo_aula) values (113, 57, 2);
insert into aula (id, id_turma, id_tipo_aula) values (114, 57, 1);
insert into aula (id, id_turma, id_tipo_aula) values (115, 58, 1);
insert into aula (id, id_turma, id_tipo_aula) values (116, 58, 2);
insert into aula (id, id_turma, id_tipo_aula) values (117, 59, 1);
insert into aula (id, id_turma, id_tipo_aula) values (118, 59, 2);
insert into aula (id, id_turma, id_tipo_aula) values (119, 60, 1);
insert into aula (id, id_turma, id_tipo_aula) values (120, 60, 2);
insert into aula (id, id_turma, id_tipo_aula) values (121, 61, 1);
insert into aula (id, id_turma, id_tipo_aula) values (122, 61, 2);
insert into aula (id, id_turma, id_tipo_aula) values (123, 62, 2);
insert into aula (id, id_turma, id_tipo_aula) values (124, 62, 1);
insert into aula (id, id_turma, id_tipo_aula) values (125, 63, 2);
insert into aula (id, id_turma, id_tipo_aula) values (126, 63, 1);
insert into aula (id, id_turma, id_tipo_aula) values (127, 64, 1);
insert into aula (id, id_turma, id_tipo_aula) values (128, 64, 2);
insert into aula (id, id_turma, id_tipo_aula) values (129, 65, 1);
insert into aula (id, id_turma, id_tipo_aula) values (130, 65, 2);
insert into aula (id, id_turma, id_tipo_aula) values (131, 66, 1);
insert into aula (id, id_turma, id_tipo_aula) values (132, 66, 2);
insert into aula (id, id_turma, id_tipo_aula) values (133, 67, 1);
insert into aula (id, id_turma, id_tipo_aula) values (134, 67, 2);
insert into aula (id, id_turma, id_tipo_aula) values (135, 68, 2);
insert into aula (id, id_turma, id_tipo_aula) values (136, 68, 1);
insert into aula (id, id_turma, id_tipo_aula) values (137, 69, 2);
insert into aula (id, id_turma, id_tipo_aula) values (138, 69, 1);
insert into aula (id, id_turma, id_tipo_aula) values (139, 70, 2);
insert into aula (id, id_turma, id_tipo_aula) values (140, 70, 1);
insert into aula (id, id_turma, id_tipo_aula) values (141, 71, 2);
insert into aula (id, id_turma, id_tipo_aula) values (142, 71, 1);
insert into aula (id, id_turma, id_tipo_aula) values (143, 72, 2);
insert into aula (id, id_turma, id_tipo_aula) values (144, 72, 1);
insert into aula (id, id_turma, id_tipo_aula) values (145, 73, 2);
insert into aula (id, id_turma, id_tipo_aula) values (146, 73, 1);
insert into aula (id, id_turma, id_tipo_aula) values (147, 74, 1);
insert into aula (id, id_turma, id_tipo_aula) values (148, 74, 2);
insert into aula (id, id_turma, id_tipo_aula) values (149, 75, 2);
insert into aula (id, id_turma, id_tipo_aula) values (150, 75, 1);
insert into aula (id, id_turma, id_tipo_aula) values (151, 76, 2);
insert into aula (id, id_turma, id_tipo_aula) values (152, 76, 1);
insert into aula (id, id_turma, id_tipo_aula) values (153, 77, 2);
insert into aula (id, id_turma, id_tipo_aula) values (154, 77, 1);
insert into aula (id, id_turma, id_tipo_aula) values (155, 78, 2);
insert into aula (id, id_turma, id_tipo_aula) values (156, 78, 1);
insert into aula (id, id_turma, id_tipo_aula) values (157, 79, 2);
insert into aula (id, id_turma, id_tipo_aula) values (158, 79, 1);
insert into aula (id, id_turma, id_tipo_aula) values (159, 80, 2);
insert into aula (id, id_turma, id_tipo_aula) values (160, 80, 1);
insert into aula (id, id_turma, id_tipo_aula) values (161, 81, 1);
insert into aula (id, id_turma, id_tipo_aula) values (162, 81, 2);
insert into aula (id, id_turma, id_tipo_aula) values (163, 82, 1);
insert into aula (id, id_turma, id_tipo_aula) values (164, 82, 2);
insert into aula (id, id_turma, id_tipo_aula) values (165, 83, 1);
insert into aula (id, id_turma, id_tipo_aula) values (166, 83, 2);
insert into aula (id, id_turma, id_tipo_aula) values (167, 84, 1);
insert into aula (id, id_turma, id_tipo_aula) values (168, 84, 2);
insert into aula (id, id_turma, id_tipo_aula) values (169, 85, 2);
insert into aula (id, id_turma, id_tipo_aula) values (170, 85, 1);
insert into aula (id, id_turma, id_tipo_aula) values (171, 86, 1);
insert into aula (id, id_turma, id_tipo_aula) values (172, 86, 2);
insert into aula (id, id_turma, id_tipo_aula) values (173, 87, 2);
insert into aula (id, id_turma, id_tipo_aula) values (174, 87, 1);
insert into aula (id, id_turma, id_tipo_aula) values (175, 88, 2);
insert into aula (id, id_turma, id_tipo_aula) values (176, 88, 1);
insert into aula (id, id_turma, id_tipo_aula) values (177, 89, 2);
insert into aula (id, id_turma, id_tipo_aula) values (178, 89, 1);
insert into aula (id, id_turma, id_tipo_aula) values (179, 90, 1);
insert into aula (id, id_turma, id_tipo_aula) values (180, 90, 2);
insert into aula (id, id_turma, id_tipo_aula) values (181, 91, 1);
insert into aula (id, id_turma, id_tipo_aula) values (182, 91, 2);
insert into aula (id, id_turma, id_tipo_aula) values (183, 92, 1);
insert into aula (id, id_turma, id_tipo_aula) values (184, 92, 2);
insert into aula (id, id_turma, id_tipo_aula) values (185, 93, 2);
insert into aula (id, id_turma, id_tipo_aula) values (186, 93, 1);
insert into aula (id, id_turma, id_tipo_aula) values (187, 94, 1);
insert into aula (id, id_turma, id_tipo_aula) values (188, 94, 2);
insert into aula (id, id_turma, id_tipo_aula) values (189, 95, 2);
insert into aula (id, id_turma, id_tipo_aula) values (190, 95, 1);
insert into aula (id, id_turma, id_tipo_aula) values (191, 96, 1);
insert into aula (id, id_turma, id_tipo_aula) values (192, 96, 2);
insert into aula (id, id_turma, id_tipo_aula) values (193, 97, 2);
insert into aula (id, id_turma, id_tipo_aula) values (194, 97, 1);
insert into aula (id, id_turma, id_tipo_aula) values (195, 98, 1);
insert into aula (id, id_turma, id_tipo_aula) values (196, 98, 2);
insert into aula (id, id_turma, id_tipo_aula) values (197, 99, 2);
insert into aula (id, id_turma, id_tipo_aula) values (198, 99, 1);
insert into aula (id, id_turma, id_tipo_aula) values (199, 100, 2);
insert into aula (id, id_turma, id_tipo_aula) values (200, 100, 1);
insert into aula (id, id_turma, id_tipo_aula) values (201, 101, 2);
insert into aula (id, id_turma, id_tipo_aula) values (202, 101, 1);
insert into aula (id, id_turma, id_tipo_aula) values (203, 102, 1);
insert into aula (id, id_turma, id_tipo_aula) values (204, 102, 2);
insert into aula (id, id_turma, id_tipo_aula) values (205, 103, 2);
insert into aula (id, id_turma, id_tipo_aula) values (206, 103, 1);
insert into aula (id, id_turma, id_tipo_aula) values (207, 104, 2);
insert into aula (id, id_turma, id_tipo_aula) values (208, 104, 1);
insert into aula (id, id_turma, id_tipo_aula) values (209, 105, 2);
insert into aula (id, id_turma, id_tipo_aula) values (210, 105, 1);
insert into aula (id, id_turma, id_tipo_aula) values (211, 106, 1);
insert into aula (id, id_turma, id_tipo_aula) values (212, 106, 2);
insert into aula (id, id_turma, id_tipo_aula) values (213, 107, 2);
insert into aula (id, id_turma, id_tipo_aula) values (214, 107, 1);
insert into aula (id, id_turma, id_tipo_aula) values (215, 108, 2);
insert into aula (id, id_turma, id_tipo_aula) values (216, 108, 1);
insert into aula (id, id_turma, id_tipo_aula) values (217, 109, 2);
insert into aula (id, id_turma, id_tipo_aula) values (218, 109, 1);
insert into aula (id, id_turma, id_tipo_aula) values (219, 110, 2);
insert into aula (id, id_turma, id_tipo_aula) values (220, 110, 1);
insert into aula (id, id_turma, id_tipo_aula) values (221, 111, 2);
insert into aula (id, id_turma, id_tipo_aula) values (222, 111, 1);
insert into aula (id, id_turma, id_tipo_aula) values (223, 112, 2);
insert into aula (id, id_turma, id_tipo_aula) values (224, 112, 1);
insert into aula (id, id_turma, id_tipo_aula) values (225, 113, 2);
insert into aula (id, id_turma, id_tipo_aula) values (226, 113, 1);
insert into aula (id, id_turma, id_tipo_aula) values (227, 114, 1);
insert into aula (id, id_turma, id_tipo_aula) values (228, 114, 2);
insert into aula (id, id_turma, id_tipo_aula) values (229, 115, 2);
insert into aula (id, id_turma, id_tipo_aula) values (230, 115, 1);
insert into aula (id, id_turma, id_tipo_aula) values (231, 116, 2);
insert into aula (id, id_turma, id_tipo_aula) values (232, 116, 1);
insert into aula (id, id_turma, id_tipo_aula) values (233, 117, 2);
insert into aula (id, id_turma, id_tipo_aula) values (234, 117, 1);
insert into aula (id, id_turma, id_tipo_aula) values (235, 118, 2);
insert into aula (id, id_turma, id_tipo_aula) values (236, 118, 1);
insert into aula (id, id_turma, id_tipo_aula) values (237, 119, 1);
insert into aula (id, id_turma, id_tipo_aula) values (238, 119, 2);
insert into doc_indicado (id_aula, id_docente) values (1, 7);
insert into doc_indicado (id_aula, id_docente) values (2, 7);
insert into doc_indicado (id_aula, id_docente) values (3, 20);
insert into doc_indicado (id_aula, id_docente) values (4, 20);
insert into doc_indicado (id_aula, id_docente) values (5, 17);
insert into doc_indicado (id_aula, id_docente) values (6, 17);
insert into doc_indicado (id_aula, id_docente) values (7, 16);
insert into doc_indicado (id_aula, id_docente) values (8, 16);
insert into doc_indicado (id_aula, id_docente) values (9, 21);
insert into doc_indicado (id_aula, id_docente) values (10, 21);
insert into doc_indicado (id_aula, id_docente) values (11, 19);
insert into doc_indicado (id_aula, id_docente) values (12, 19);
insert into doc_indicado (id_aula, id_docente) values (13, 15);
insert into doc_indicado (id_aula, id_docente) values (14, 15);
insert into doc_indicado (id_aula, id_docente) values (15, 10);
insert into doc_indicado (id_aula, id_docente) values (16, 10);
insert into doc_indicado (id_aula, id_docente) values (17, 6);
insert into doc_indicado (id_aula, id_docente) values (18, 6);
insert into doc_indicado (id_aula, id_docente) values (19, 21);
insert into doc_indicado (id_aula, id_docente) values (20, 21);
insert into doc_indicado (id_aula, id_docente) values (21, 7);
insert into doc_indicado (id_aula, id_docente) values (22, 7);
insert into doc_indicado (id_aula, id_docente) values (23, 27);
insert into doc_indicado (id_aula, id_docente) values (24, 27);
insert into doc_indicado (id_aula, id_docente) values (25, 12);
insert into doc_indicado (id_aula, id_docente) values (26, 12);
insert into doc_indicado (id_aula, id_docente) values (27, 3);
insert into doc_indicado (id_aula, id_docente) values (28, 3);
insert into doc_indicado (id_aula, id_docente) values (29, 19);
insert into doc_indicado (id_aula, id_docente) values (30, 19);
insert into doc_indicado (id_aula, id_docente) values (31, 20);
insert into doc_indicado (id_aula, id_docente) values (32, 20);
insert into doc_indicado (id_aula, id_docente) values (33, 22);
insert into doc_indicado (id_aula, id_docente) values (34, 22);
insert into doc_indicado (id_aula, id_docente) values (35, 20);
insert into doc_indicado (id_aula, id_docente) values (36, 20);
insert into doc_indicado (id_aula, id_docente) values (37, 24);
insert into doc_indicado (id_aula, id_docente) values (38, 24);
insert into doc_indicado (id_aula, id_docente) values (39, 25);
insert into doc_indicado (id_aula, id_docente) values (40, 25);
insert into doc_indicado (id_aula, id_docente) values (41, 24);
insert into doc_indicado (id_aula, id_docente) values (42, 24);
insert into doc_indicado (id_aula, id_docente) values (43, 13);
insert into doc_indicado (id_aula, id_docente) values (44, 13);
insert into doc_indicado (id_aula, id_docente) values (45, 24);
insert into doc_indicado (id_aula, id_docente) values (46, 24);
insert into doc_indicado (id_aula, id_docente) values (47, 13);
insert into doc_indicado (id_aula, id_docente) values (48, 13);
insert into doc_indicado (id_aula, id_docente) values (49, 8);
insert into doc_indicado (id_aula, id_docente) values (50, 8);
insert into doc_indicado (id_aula, id_docente) values (51, 7);
insert into doc_indicado (id_aula, id_docente) values (52, 7);
insert into doc_indicado (id_aula, id_docente) values (53, 23);
insert into doc_indicado (id_aula, id_docente) values (54, 23);
insert into doc_indicado (id_aula, id_docente) values (55, 27);
insert into doc_indicado (id_aula, id_docente) values (56, 27);
insert into doc_indicado (id_aula, id_docente) values (57, 8);
insert into doc_indicado (id_aula, id_docente) values (58, 8);
insert into doc_indicado (id_aula, id_docente) values (59, 10);
insert into doc_indicado (id_aula, id_docente) values (60, 10);
insert into doc_indicado (id_aula, id_docente) values (61, 12);
insert into doc_indicado (id_aula, id_docente) values (62, 12);
insert into doc_indicado (id_aula, id_docente) values (63, 9);
insert into doc_indicado (id_aula, id_docente) values (64, 9);
insert into doc_indicado (id_aula, id_docente) values (65, 15);
insert into doc_indicado (id_aula, id_docente) values (66, 15);
insert into doc_indicado (id_aula, id_docente) values (67, 9);
insert into doc_indicado (id_aula, id_docente) values (68, 9);
insert into doc_indicado (id_aula, id_docente) values (69, 4);
insert into doc_indicado (id_aula, id_docente) values (70, 4);
insert into doc_indicado (id_aula, id_docente) values (71, 17);
insert into doc_indicado (id_aula, id_docente) values (72, 17);
insert into doc_indicado (id_aula, id_docente) values (73, 5);
insert into doc_indicado (id_aula, id_docente) values (74, 5);
insert into doc_indicado (id_aula, id_docente) values (75, 8);
insert into doc_indicado (id_aula, id_docente) values (76, 8);
insert into doc_indicado (id_aula, id_docente) values (77, 7);
insert into doc_indicado (id_aula, id_docente) values (78, 7);
insert into doc_indicado (id_aula, id_docente) values (79, 3);
insert into doc_indicado (id_aula, id_docente) values (80, 3);
insert into doc_indicado (id_aula, id_docente) values (81, 17);
insert into doc_indicado (id_aula, id_docente) values (82, 17);
insert into doc_indicado (id_aula, id_docente) values (83, 26);
insert into doc_indicado (id_aula, id_docente) values (84, 26);
insert into doc_indicado (id_aula, id_docente) values (85, 16);
insert into doc_indicado (id_aula, id_docente) values (86, 16);
insert into doc_indicado (id_aula, id_docente) values (87, 17);
insert into doc_indicado (id_aula, id_docente) values (88, 17);
insert into doc_indicado (id_aula, id_docente) values (89, 3);
insert into doc_indicado (id_aula, id_docente) values (90, 3);
insert into doc_indicado (id_aula, id_docente) values (91, 27);
insert into doc_indicado (id_aula, id_docente) values (92, 27);
insert into doc_indicado (id_aula, id_docente) values (93, 24);
insert into doc_indicado (id_aula, id_docente) values (94, 24);
insert into doc_indicado (id_aula, id_docente) values (95, 17);
insert into doc_indicado (id_aula, id_docente) values (96, 17);
insert into doc_indicado (id_aula, id_docente) values (97, 26);
insert into doc_indicado (id_aula, id_docente) values (98, 26);
insert into doc_indicado (id_aula, id_docente) values (99, 16);
insert into doc_indicado (id_aula, id_docente) values (100, 16);
insert into doc_indicado (id_aula, id_docente) values (101, 4);
insert into doc_indicado (id_aula, id_docente) values (102, 4);
insert into doc_indicado (id_aula, id_docente) values (103, 19);
insert into doc_indicado (id_aula, id_docente) values (104, 19);
insert into doc_indicado (id_aula, id_docente) values (105, 6);
insert into doc_indicado (id_aula, id_docente) values (106, 6);
insert into doc_indicado (id_aula, id_docente) values (107, 11);
insert into doc_indicado (id_aula, id_docente) values (108, 11);
insert into doc_indicado (id_aula, id_docente) values (109, 22);
insert into doc_indicado (id_aula, id_docente) values (110, 22);
insert into doc_indicado (id_aula, id_docente) values (111, 5);
insert into doc_indicado (id_aula, id_docente) values (112, 5);
insert into doc_indicado (id_aula, id_docente) values (113, 23);
insert into doc_indicado (id_aula, id_docente) values (114, 23);
insert into doc_indicado (id_aula, id_docente) values (115, 10);
insert into doc_indicado (id_aula, id_docente) values (116, 10);
insert into doc_indicado (id_aula, id_docente) values (117, 20);
insert into doc_indicado (id_aula, id_docente) values (118, 20);
insert into doc_indicado (id_aula, id_docente) values (119, 16);
insert into doc_indicado (id_aula, id_docente) values (120, 16);
insert into doc_indicado (id_aula, id_docente) values (121, 16);
insert into doc_indicado (id_aula, id_docente) values (122, 16);
insert into doc_indicado (id_aula, id_docente) values (123, 20);
insert into doc_indicado (id_aula, id_docente) values (124, 20);
insert into doc_indicado (id_aula, id_docente) values (125, 19);
insert into doc_indicado (id_aula, id_docente) values (126, 19);
insert into doc_indicado (id_aula, id_docente) values (127, 18);
insert into doc_indicado (id_aula, id_docente) values (128, 18);
insert into doc_indicado (id_aula, id_docente) values (129, 13);
insert into doc_indicado (id_aula, id_docente) values (130, 13);
insert into doc_indicado (id_aula, id_docente) values (131, 21);
insert into doc_indicado (id_aula, id_docente) values (132, 21);
insert into doc_indicado (id_aula, id_docente) values (133, 11);
insert into doc_indicado (id_aula, id_docente) values (134, 11);
insert into doc_indicado (id_aula, id_docente) values (135, 3);
insert into doc_indicado (id_aula, id_docente) values (136, 3);
insert into doc_indicado (id_aula, id_docente) values (137, 13);
insert into doc_indicado (id_aula, id_docente) values (138, 13);
insert into doc_indicado (id_aula, id_docente) values (139, 4);
insert into doc_indicado (id_aula, id_docente) values (140, 4);
insert into doc_indicado (id_aula, id_docente) values (141, 19);
insert into doc_indicado (id_aula, id_docente) values (142, 19);
insert into doc_indicado (id_aula, id_docente) values (143, 6);
insert into doc_indicado (id_aula, id_docente) values (144, 6);
insert into doc_indicado (id_aula, id_docente) values (145, 25);
insert into doc_indicado (id_aula, id_docente) values (146, 25);
insert into doc_indicado (id_aula, id_docente) values (147, 5);
insert into doc_indicado (id_aula, id_docente) values (148, 5);
insert into doc_indicado (id_aula, id_docente) values (149, 3);
insert into doc_indicado (id_aula, id_docente) values (150, 3);
insert into doc_indicado (id_aula, id_docente) values (151, 11);
insert into doc_indicado (id_aula, id_docente) values (152, 11);
insert into doc_indicado (id_aula, id_docente) values (153, 19);
insert into doc_indicado (id_aula, id_docente) values (154, 19);
insert into doc_indicado (id_aula, id_docente) values (155, 17);
insert into doc_indicado (id_aula, id_docente) values (156, 17);
insert into doc_indicado (id_aula, id_docente) values (157, 17);
insert into doc_indicado (id_aula, id_docente) values (158, 17);
insert into doc_indicado (id_aula, id_docente) values (159, 19);
insert into doc_indicado (id_aula, id_docente) values (160, 19);
insert into doc_indicado (id_aula, id_docente) values (161, 9);
insert into doc_indicado (id_aula, id_docente) values (162, 9);
insert into doc_indicado (id_aula, id_docente) values (163, 15);
insert into doc_indicado (id_aula, id_docente) values (164, 15);
insert into doc_indicado (id_aula, id_docente) values (165, 10);
insert into doc_indicado (id_aula, id_docente) values (166, 10);
insert into doc_indicado (id_aula, id_docente) values (167, 14);
insert into doc_indicado (id_aula, id_docente) values (168, 14);
insert into doc_indicado (id_aula, id_docente) values (169, 13);
insert into doc_indicado (id_aula, id_docente) values (170, 13);
insert into doc_indicado (id_aula, id_docente) values (171, 22);
insert into doc_indicado (id_aula, id_docente) values (172, 22);
insert into doc_indicado (id_aula, id_docente) values (173, 27);
insert into doc_indicado (id_aula, id_docente) values (174, 27);
insert into doc_indicado (id_aula, id_docente) values (175, 18);
insert into doc_indicado (id_aula, id_docente) values (176, 18);
insert into doc_indicado (id_aula, id_docente) values (177, 16);
insert into doc_indicado (id_aula, id_docente) values (178, 16);
insert into doc_indicado (id_aula, id_docente) values (179, 12);
insert into doc_indicado (id_aula, id_docente) values (180, 12);
insert into doc_indicado (id_aula, id_docente) values (181, 26);
insert into doc_indicado (id_aula, id_docente) values (182, 26);
insert into doc_indicado (id_aula, id_docente) values (183, 12);
insert into doc_indicado (id_aula, id_docente) values (184, 12);
insert into doc_indicado (id_aula, id_docente) values (185, 27);
insert into doc_indicado (id_aula, id_docente) values (186, 27);
insert into doc_indicado (id_aula, id_docente) values (187, 22);
insert into doc_indicado (id_aula, id_docente) values (188, 22);
insert into doc_indicado (id_aula, id_docente) values (189, 5);
insert into doc_indicado (id_aula, id_docente) values (190, 5);
insert into doc_indicado (id_aula, id_docente) values (191, 26);
insert into doc_indicado (id_aula, id_docente) values (192, 26);
insert into doc_indicado (id_aula, id_docente) values (193, 16);
insert into doc_indicado (id_aula, id_docente) values (194, 16);
insert into doc_indicado (id_aula, id_docente) values (195, 13);
insert into doc_indicado (id_aula, id_docente) values (196, 13);
insert into doc_indicado (id_aula, id_docente) values (197, 12);
insert into doc_indicado (id_aula, id_docente) values (198, 12);
insert into doc_indicado (id_aula, id_docente) values (199, 9);
insert into doc_indicado (id_aula, id_docente) values (200, 9);
insert into doc_indicado (id_aula, id_docente) values (201, 27);
insert into doc_indicado (id_aula, id_docente) values (202, 27);
insert into doc_indicado (id_aula, id_docente) values (203, 25);
insert into doc_indicado (id_aula, id_docente) values (204, 25);
insert into doc_indicado (id_aula, id_docente) values (205, 19);
insert into doc_indicado (id_aula, id_docente) values (206, 19);
insert into doc_indicado (id_aula, id_docente) values (207, 23);
insert into doc_indicado (id_aula, id_docente) values (208, 23);
insert into doc_indicado (id_aula, id_docente) values (209, 18);
insert into doc_indicado (id_aula, id_docente) values (210, 18);
insert into doc_indicado (id_aula, id_docente) values (211, 3);
insert into doc_indicado (id_aula, id_docente) values (212, 3);
insert into doc_indicado (id_aula, id_docente) values (213, 21);
insert into doc_indicado (id_aula, id_docente) values (214, 21);
insert into doc_indicado (id_aula, id_docente) values (215, 13);
insert into doc_indicado (id_aula, id_docente) values (216, 13);
insert into doc_indicado (id_aula, id_docente) values (217, 26);
insert into doc_indicado (id_aula, id_docente) values (218, 26);
insert into doc_indicado (id_aula, id_docente) values (219, 18);
insert into doc_indicado (id_aula, id_docente) values (220, 18);
insert into doc_indicado (id_aula, id_docente) values (221, 8);
insert into doc_indicado (id_aula, id_docente) values (222, 8);
insert into doc_indicado (id_aula, id_docente) values (223, 6);
insert into doc_indicado (id_aula, id_docente) values (224, 6);
insert into doc_indicado (id_aula, id_docente) values (225, 20);
insert into doc_indicado (id_aula, id_docente) values (226, 20);
insert into doc_indicado (id_aula, id_docente) values (227, 14);
insert into doc_indicado (id_aula, id_docente) values (228, 14);
insert into doc_indicado (id_aula, id_docente) values (229, 11);
insert into doc_indicado (id_aula, id_docente) values (230, 11);
insert into doc_indicado (id_aula, id_docente) values (231, 7);
insert into doc_indicado (id_aula, id_docente) values (232, 7);
insert into doc_indicado (id_aula, id_docente) values (233, 20);
insert into doc_indicado (id_aula, id_docente) values (234, 20);
insert into doc_indicado (id_aula, id_docente) values (235, 4);
insert into doc_indicado (id_aula, id_docente) values (236, 4);
insert into doc_indicado (id_aula, id_docente) values (237, 27);
insert into doc_indicado (id_aula, id_docente) values (238, 27);
insert into doc_interessado (id_aula, id_docente) values (1, 25);
insert into doc_interessado (id_aula, id_docente) values (1, 18);
insert into doc_interessado (id_aula, id_docente) values (1, 17);
insert into doc_interessado (id_aula, id_docente) values (2, 16);
insert into doc_interessado (id_aula, id_docente) values (2, 21);
insert into doc_interessado (id_aula, id_docente) values (2, 7);
insert into doc_interessado (id_aula, id_docente) values (3, 20);
insert into doc_interessado (id_aula, id_docente) values (3, 6);
insert into doc_interessado (id_aula, id_docente) values (4, 16);
insert into doc_interessado (id_aula, id_docente) values (5, 27);
insert into doc_interessado (id_aula, id_docente) values (6, 9);
insert into doc_interessado (id_aula, id_docente) values (6, 14);
insert into doc_interessado (id_aula, id_docente) values (7, 21);
insert into doc_interessado (id_aula, id_docente) values (7, 7);
insert into doc_interessado (id_aula, id_docente) values (8, 25);
insert into doc_interessado (id_aula, id_docente) values (8, 4);
insert into doc_interessado (id_aula, id_docente) values (9, 12);
insert into doc_interessado (id_aula, id_docente) values (10, 7);
insert into doc_interessado (id_aula, id_docente) values (10, 15);
insert into doc_interessado (id_aula, id_docente) values (11, 5);
insert into doc_interessado (id_aula, id_docente) values (12, 10);
insert into doc_interessado (id_aula, id_docente) values (13, 22);
insert into doc_interessado (id_aula, id_docente) values (14, 8);
insert into doc_interessado (id_aula, id_docente) values (14, 3);
insert into doc_interessado (id_aula, id_docente) values (14, 23);
insert into doc_interessado (id_aula, id_docente) values (15, 16);
insert into doc_interessado (id_aula, id_docente) values (15, 18);
insert into doc_interessado (id_aula, id_docente) values (15, 12);
insert into doc_interessado (id_aula, id_docente) values (16, 3);
insert into doc_interessado (id_aula, id_docente) values (17, 11);
insert into doc_interessado (id_aula, id_docente) values (17, 3);
insert into doc_interessado (id_aula, id_docente) values (17, 13);
insert into doc_interessado (id_aula, id_docente) values (18, 8);
insert into doc_interessado (id_aula, id_docente) values (18, 18);
insert into doc_interessado (id_aula, id_docente) values (18, 21);
insert into doc_interessado (id_aula, id_docente) values (19, 19);
insert into doc_interessado (id_aula, id_docente) values (19, 21);
insert into doc_interessado (id_aula, id_docente) values (20, 8);
insert into doc_interessado (id_aula, id_docente) values (20, 16);
insert into doc_interessado (id_aula, id_docente) values (20, 18);
insert into doc_interessado (id_aula, id_docente) values (21, 24);
insert into doc_interessado (id_aula, id_docente) values (21, 12);
insert into doc_interessado (id_aula, id_docente) values (21, 15);
insert into doc_interessado (id_aula, id_docente) values (22, 25);
insert into doc_interessado (id_aula, id_docente) values (22, 20);
insert into doc_interessado (id_aula, id_docente) values (23, 16);
insert into doc_interessado (id_aula, id_docente) values (23, 11);
insert into doc_interessado (id_aula, id_docente) values (23, 4);
insert into doc_interessado (id_aula, id_docente) values (24, 10);
insert into doc_interessado (id_aula, id_docente) values (24, 27);
insert into doc_interessado (id_aula, id_docente) values (24, 12);
insert into doc_interessado (id_aula, id_docente) values (25, 25);
insert into doc_interessado (id_aula, id_docente) values (25, 10);
insert into doc_interessado (id_aula, id_docente) values (26, 24);
insert into doc_interessado (id_aula, id_docente) values (26, 19);
insert into doc_interessado (id_aula, id_docente) values (27, 10);
insert into doc_interessado (id_aula, id_docente) values (28, 20);
insert into doc_interessado (id_aula, id_docente) values (29, 24);
insert into doc_interessado (id_aula, id_docente) values (29, 9);
insert into doc_interessado (id_aula, id_docente) values (29, 14);
insert into doc_interessado (id_aula, id_docente) values (30, 16);
insert into doc_interessado (id_aula, id_docente) values (30, 15);
insert into doc_interessado (id_aula, id_docente) values (31, 3);
insert into doc_interessado (id_aula, id_docente) values (31, 4);
insert into doc_interessado (id_aula, id_docente) values (31, 6);
insert into doc_interessado (id_aula, id_docente) values (32, 8);
insert into doc_interessado (id_aula, id_docente) values (32, 12);
insert into doc_interessado (id_aula, id_docente) values (32, 7);
insert into doc_interessado (id_aula, id_docente) values (33, 10);
insert into doc_interessado (id_aula, id_docente) values (34, 12);
insert into doc_interessado (id_aula, id_docente) values (34, 22);
insert into doc_interessado (id_aula, id_docente) values (35, 26);
insert into doc_interessado (id_aula, id_docente) values (35, 18);
insert into doc_interessado (id_aula, id_docente) values (36, 26);
insert into doc_interessado (id_aula, id_docente) values (36, 14);
insert into doc_interessado (id_aula, id_docente) values (37, 21);
insert into doc_interessado (id_aula, id_docente) values (37, 22);
insert into doc_interessado (id_aula, id_docente) values (37, 14);
insert into doc_interessado (id_aula, id_docente) values (38, 25);
insert into doc_interessado (id_aula, id_docente) values (38, 18);
insert into doc_interessado (id_aula, id_docente) values (38, 3);
insert into doc_interessado (id_aula, id_docente) values (39, 19);
insert into doc_interessado (id_aula, id_docente) values (39, 11);
insert into doc_interessado (id_aula, id_docente) values (39, 21);
insert into doc_interessado (id_aula, id_docente) values (40, 17);
insert into doc_interessado (id_aula, id_docente) values (40, 26);
insert into doc_interessado (id_aula, id_docente) values (41, 6);
insert into doc_interessado (id_aula, id_docente) values (42, 26);
insert into doc_interessado (id_aula, id_docente) values (43, 20);
insert into doc_interessado (id_aula, id_docente) values (43, 4);
insert into doc_interessado (id_aula, id_docente) values (43, 13);
insert into doc_interessado (id_aula, id_docente) values (44, 24);
insert into doc_interessado (id_aula, id_docente) values (44, 17);
insert into doc_interessado (id_aula, id_docente) values (44, 18);
insert into doc_interessado (id_aula, id_docente) values (45, 20);
insert into doc_interessado (id_aula, id_docente) values (46, 24);
insert into doc_interessado (id_aula, id_docente) values (47, 19);
insert into doc_interessado (id_aula, id_docente) values (47, 20);
insert into doc_interessado (id_aula, id_docente) values (48, 12);
insert into doc_interessado (id_aula, id_docente) values (48, 5);
insert into doc_interessado (id_aula, id_docente) values (48, 22);
insert into doc_interessado (id_aula, id_docente) values (49, 15);
insert into doc_interessado (id_aula, id_docente) values (50, 26);
insert into doc_interessado (id_aula, id_docente) values (50, 22);
insert into doc_interessado (id_aula, id_docente) values (51, 24);
insert into doc_interessado (id_aula, id_docente) values (52, 16);
insert into doc_interessado (id_aula, id_docente) values (53, 24);
insert into doc_interessado (id_aula, id_docente) values (53, 11);
insert into doc_interessado (id_aula, id_docente) values (53, 15);
insert into doc_interessado (id_aula, id_docente) values (54, 13);
insert into doc_interessado (id_aula, id_docente) values (55, 10);
insert into doc_interessado (id_aula, id_docente) values (55, 26);
insert into doc_interessado (id_aula, id_docente) values (56, 27);
insert into doc_interessado (id_aula, id_docente) values (57, 27);
insert into doc_interessado (id_aula, id_docente) values (57, 7);
insert into doc_interessado (id_aula, id_docente) values (58, 5);
insert into doc_interessado (id_aula, id_docente) values (59, 16);
insert into doc_interessado (id_aula, id_docente) values (59, 27);
insert into doc_interessado (id_aula, id_docente) values (60, 11);
insert into doc_interessado (id_aula, id_docente) values (61, 23);
insert into doc_interessado (id_aula, id_docente) values (62, 11);
insert into doc_interessado (id_aula, id_docente) values (62, 15);
insert into doc_interessado (id_aula, id_docente) values (63, 8);
insert into doc_interessado (id_aula, id_docente) values (64, 16);
insert into doc_interessado (id_aula, id_docente) values (64, 14);
insert into doc_interessado (id_aula, id_docente) values (65, 25);
insert into doc_interessado (id_aula, id_docente) values (65, 22);
insert into doc_interessado (id_aula, id_docente) values (66, 24);
insert into doc_interessado (id_aula, id_docente) values (66, 10);
insert into doc_interessado (id_aula, id_docente) values (66, 6);
insert into doc_interessado (id_aula, id_docente) values (67, 10);
insert into doc_interessado (id_aula, id_docente) values (67, 23);
insert into doc_interessado (id_aula, id_docente) values (68, 21);
insert into doc_interessado (id_aula, id_docente) values (69, 10);
insert into doc_interessado (id_aula, id_docente) values (69, 6);
insert into doc_interessado (id_aula, id_docente) values (69, 22);
insert into doc_interessado (id_aula, id_docente) values (70, 8);
insert into doc_interessado (id_aula, id_docente) values (70, 13);
insert into doc_interessado (id_aula, id_docente) values (70, 6);
insert into doc_interessado (id_aula, id_docente) values (71, 4);
insert into doc_interessado (id_aula, id_docente) values (71, 7);
insert into doc_interessado (id_aula, id_docente) values (72, 26);
insert into doc_interessado (id_aula, id_docente) values (72, 21);
insert into doc_interessado (id_aula, id_docente) values (73, 4);
insert into doc_interessado (id_aula, id_docente) values (73, 5);
insert into doc_interessado (id_aula, id_docente) values (73, 6);
insert into doc_interessado (id_aula, id_docente) values (74, 17);
insert into doc_interessado (id_aula, id_docente) values (74, 12);
insert into doc_interessado (id_aula, id_docente) values (75, 20);
insert into doc_interessado (id_aula, id_docente) values (75, 14);
insert into doc_interessado (id_aula, id_docente) values (75, 7);
insert into doc_interessado (id_aula, id_docente) values (76, 24);
insert into doc_interessado (id_aula, id_docente) values (76, 6);
insert into doc_interessado (id_aula, id_docente) values (77, 4);
insert into doc_interessado (id_aula, id_docente) values (77, 7);
insert into doc_interessado (id_aula, id_docente) values (78, 13);
insert into doc_interessado (id_aula, id_docente) values (78, 23);
insert into doc_interessado (id_aula, id_docente) values (79, 3);
insert into doc_interessado (id_aula, id_docente) values (79, 22);
insert into doc_interessado (id_aula, id_docente) values (80, 19);
insert into doc_interessado (id_aula, id_docente) values (81, 17);
insert into doc_interessado (id_aula, id_docente) values (81, 18);
insert into doc_interessado (id_aula, id_docente) values (81, 12);
insert into doc_interessado (id_aula, id_docente) values (82, 6);
insert into doc_interessado (id_aula, id_docente) values (83, 8);
insert into doc_interessado (id_aula, id_docente) values (83, 25);
insert into doc_interessado (id_aula, id_docente) values (83, 20);
insert into doc_interessado (id_aula, id_docente) values (84, 3);
insert into doc_interessado (id_aula, id_docente) values (85, 16);
insert into doc_interessado (id_aula, id_docente) values (85, 8);
insert into doc_interessado (id_aula, id_docente) values (86, 26);
insert into doc_interessado (id_aula, id_docente) values (86, 4);
insert into doc_interessado (id_aula, id_docente) values (86, 14);
insert into doc_interessado (id_aula, id_docente) values (87, 13);
insert into doc_interessado (id_aula, id_docente) values (87, 6);
insert into doc_interessado (id_aula, id_docente) values (88, 3);
insert into doc_interessado (id_aula, id_docente) values (88, 22);
insert into doc_interessado (id_aula, id_docente) values (88, 14);
insert into doc_interessado (id_aula, id_docente) values (89, 19);
insert into doc_interessado (id_aula, id_docente) values (90, 12);
insert into doc_interessado (id_aula, id_docente) values (90, 13);
insert into doc_interessado (id_aula, id_docente) values (90, 15);
insert into doc_interessado (id_aula, id_docente) values (91, 20);
insert into doc_interessado (id_aula, id_docente) values (92, 26);
insert into doc_interessado (id_aula, id_docente) values (93, 21);
insert into doc_interessado (id_aula, id_docente) values (94, 25);
insert into doc_interessado (id_aula, id_docente) values (94, 27);
insert into doc_interessado (id_aula, id_docente) values (95, 11);
insert into doc_interessado (id_aula, id_docente) values (95, 5);
insert into doc_interessado (id_aula, id_docente) values (95, 15);
insert into doc_interessado (id_aula, id_docente) values (96, 9);
insert into doc_interessado (id_aula, id_docente) values (96, 18);
insert into doc_interessado (id_aula, id_docente) values (96, 15);
insert into doc_interessado (id_aula, id_docente) values (97, 17);
insert into doc_interessado (id_aula, id_docente) values (97, 5);
insert into doc_interessado (id_aula, id_docente) values (98, 12);
insert into doc_interessado (id_aula, id_docente) values (99, 16);
insert into doc_interessado (id_aula, id_docente) values (99, 13);
insert into doc_interessado (id_aula, id_docente) values (100, 22);
insert into doc_interessado (id_aula, id_docente) values (101, 10);
insert into doc_interessado (id_aula, id_docente) values (101, 6);
insert into doc_interessado (id_aula, id_docente) values (101, 23);
insert into doc_interessado (id_aula, id_docente) values (102, 23);
insert into doc_interessado (id_aula, id_docente) values (103, 17);
insert into doc_interessado (id_aula, id_docente) values (104, 20);
insert into doc_interessado (id_aula, id_docente) values (104, 14);
insert into doc_interessado (id_aula, id_docente) values (105, 9);
insert into doc_interessado (id_aula, id_docente) values (106, 7);
insert into doc_interessado (id_aula, id_docente) values (107, 10);
insert into doc_interessado (id_aula, id_docente) values (107, 4);
insert into doc_interessado (id_aula, id_docente) values (107, 14);
insert into doc_interessado (id_aula, id_docente) values (108, 15);
insert into doc_interessado (id_aula, id_docente) values (109, 20);
insert into doc_interessado (id_aula, id_docente) values (110, 9);
insert into doc_interessado (id_aula, id_docente) values (110, 14);
insert into doc_interessado (id_aula, id_docente) values (110, 7);
insert into doc_interessado (id_aula, id_docente) values (111, 8);
insert into doc_interessado (id_aula, id_docente) values (111, 21);
insert into doc_interessado (id_aula, id_docente) values (111, 6);
insert into doc_interessado (id_aula, id_docente) values (112, 14);
insert into doc_interessado (id_aula, id_docente) values (112, 7);
insert into doc_interessado (id_aula, id_docente) values (113, 21);
insert into doc_interessado (id_aula, id_docente) values (113, 6);
insert into doc_interessado (id_aula, id_docente) values (113, 7);
insert into doc_interessado (id_aula, id_docente) values (114, 25);
insert into doc_interessado (id_aula, id_docente) values (115, 13);
insert into doc_interessado (id_aula, id_docente) values (116, 16);
insert into doc_interessado (id_aula, id_docente) values (117, 26);
insert into doc_interessado (id_aula, id_docente) values (118, 4);
insert into doc_interessado (id_aula, id_docente) values (118, 22);
insert into doc_interessado (id_aula, id_docente) values (119, 13);
insert into doc_interessado (id_aula, id_docente) values (119, 22);
insert into doc_interessado (id_aula, id_docente) values (119, 23);
insert into doc_interessado (id_aula, id_docente) values (120, 12);
insert into doc_interessado (id_aula, id_docente) values (121, 17);
insert into doc_interessado (id_aula, id_docente) values (122, 16);
insert into doc_interessado (id_aula, id_docente) values (123, 17);
insert into doc_interessado (id_aula, id_docente) values (123, 11);
insert into doc_interessado (id_aula, id_docente) values (124, 25);
insert into doc_interessado (id_aula, id_docente) values (124, 7);
insert into doc_interessado (id_aula, id_docente) values (125, 5);
insert into doc_interessado (id_aula, id_docente) values (125, 23);
insert into doc_interessado (id_aula, id_docente) values (126, 16);
insert into doc_interessado (id_aula, id_docente) values (127, 24);
insert into doc_interessado (id_aula, id_docente) values (128, 11);
insert into doc_interessado (id_aula, id_docente) values (129, 16);
insert into doc_interessado (id_aula, id_docente) values (129, 12);
insert into doc_interessado (id_aula, id_docente) values (129, 23);
insert into doc_interessado (id_aula, id_docente) values (130, 24);
insert into doc_interessado (id_aula, id_docente) values (130, 7);
insert into doc_interessado (id_aula, id_docente) values (131, 17);
insert into doc_interessado (id_aula, id_docente) values (131, 25);
insert into doc_interessado (id_aula, id_docente) values (132, 16);
insert into doc_interessado (id_aula, id_docente) values (132, 14);
insert into doc_interessado (id_aula, id_docente) values (132, 23);
insert into doc_interessado (id_aula, id_docente) values (133, 20);
insert into doc_interessado (id_aula, id_docente) values (133, 14);
insert into doc_interessado (id_aula, id_docente) values (133, 15);
insert into doc_interessado (id_aula, id_docente) values (134, 4);
insert into doc_interessado (id_aula, id_docente) values (134, 22);
insert into doc_interessado (id_aula, id_docente) values (135, 24);
insert into doc_interessado (id_aula, id_docente) values (135, 23);
insert into doc_interessado (id_aula, id_docente) values (136, 3);
insert into doc_interessado (id_aula, id_docente) values (136, 13);
insert into doc_interessado (id_aula, id_docente) values (136, 15);
insert into doc_interessado (id_aula, id_docente) values (137, 18);
insert into doc_interessado (id_aula, id_docente) values (137, 14);
insert into doc_interessado (id_aula, id_docente) values (138, 15);
insert into doc_interessado (id_aula, id_docente) values (138, 6);
insert into doc_interessado (id_aula, id_docente) values (138, 7);
insert into doc_interessado (id_aula, id_docente) values (139, 5);
insert into doc_interessado (id_aula, id_docente) values (140, 24);
insert into doc_interessado (id_aula, id_docente) values (140, 26);
insert into doc_interessado (id_aula, id_docente) values (140, 10);
insert into doc_interessado (id_aula, id_docente) values (141, 17);
insert into doc_interessado (id_aula, id_docente) values (141, 19);
insert into doc_interessado (id_aula, id_docente) values (141, 5);
insert into doc_interessado (id_aula, id_docente) values (142, 12);
insert into doc_interessado (id_aula, id_docente) values (142, 20);
insert into doc_interessado (id_aula, id_docente) values (143, 20);
insert into doc_interessado (id_aula, id_docente) values (144, 16);
insert into doc_interessado (id_aula, id_docente) values (144, 18);
insert into doc_interessado (id_aula, id_docente) values (144, 11);
insert into doc_interessado (id_aula, id_docente) values (145, 3);
insert into doc_interessado (id_aula, id_docente) values (145, 20);
insert into doc_interessado (id_aula, id_docente) values (146, 3);
insert into doc_interessado (id_aula, id_docente) values (147, 17);
insert into doc_interessado (id_aula, id_docente) values (147, 3);
insert into doc_interessado (id_aula, id_docente) values (148, 14);
insert into doc_interessado (id_aula, id_docente) values (149, 5);
insert into doc_interessado (id_aula, id_docente) values (149, 14);
insert into doc_interessado (id_aula, id_docente) values (150, 6);
insert into doc_interessado (id_aula, id_docente) values (151, 19);
insert into doc_interessado (id_aula, id_docente) values (151, 13);
insert into doc_interessado (id_aula, id_docente) values (152, 24);
insert into doc_interessado (id_aula, id_docente) values (152, 11);
insert into doc_interessado (id_aula, id_docente) values (152, 15);
insert into doc_interessado (id_aula, id_docente) values (153, 19);
insert into doc_interessado (id_aula, id_docente) values (153, 20);
insert into doc_interessado (id_aula, id_docente) values (153, 14);
insert into doc_interessado (id_aula, id_docente) values (154, 24);
insert into doc_interessado (id_aula, id_docente) values (154, 25);
insert into doc_interessado (id_aula, id_docente) values (155, 3);
insert into doc_interessado (id_aula, id_docente) values (155, 5);
insert into doc_interessado (id_aula, id_docente) values (155, 14);
insert into doc_interessado (id_aula, id_docente) values (156, 11);
insert into doc_interessado (id_aula, id_docente) values (156, 5);
insert into doc_interessado (id_aula, id_docente) values (157, 8);
insert into doc_interessado (id_aula, id_docente) values (157, 6);
insert into doc_interessado (id_aula, id_docente) values (158, 27);
insert into doc_interessado (id_aula, id_docente) values (158, 7);
insert into doc_interessado (id_aula, id_docente) values (159, 3);
insert into doc_interessado (id_aula, id_docente) values (159, 9);
insert into doc_interessado (id_aula, id_docente) values (159, 19);
insert into doc_interessado (id_aula, id_docente) values (160, 11);
insert into doc_interessado (id_aula, id_docente) values (161, 21);
insert into doc_interessado (id_aula, id_docente) values (162, 9);
insert into doc_interessado (id_aula, id_docente) values (163, 11);
insert into doc_interessado (id_aula, id_docente) values (163, 13);
insert into doc_interessado (id_aula, id_docente) values (164, 25);
insert into doc_interessado (id_aula, id_docente) values (164, 20);
insert into doc_interessado (id_aula, id_docente) values (164, 21);
insert into doc_interessado (id_aula, id_docente) values (165, 15);
insert into doc_interessado (id_aula, id_docente) values (166, 26);
insert into doc_interessado (id_aula, id_docente) values (166, 10);
insert into doc_interessado (id_aula, id_docente) values (166, 21);
insert into doc_interessado (id_aula, id_docente) values (167, 20);
insert into doc_interessado (id_aula, id_docente) values (168, 26);
insert into doc_interessado (id_aula, id_docente) values (169, 9);
insert into doc_interessado (id_aula, id_docente) values (169, 20);
insert into doc_interessado (id_aula, id_docente) values (169, 21);
insert into doc_interessado (id_aula, id_docente) values (170, 8);
insert into doc_interessado (id_aula, id_docente) values (170, 13);
insert into doc_interessado (id_aula, id_docente) values (170, 6);
insert into doc_interessado (id_aula, id_docente) values (171, 26);
insert into doc_interessado (id_aula, id_docente) values (172, 26);
insert into doc_interessado (id_aula, id_docente) values (173, 24);
insert into doc_interessado (id_aula, id_docente) values (173, 12);
insert into doc_interessado (id_aula, id_docente) values (174, 9);
insert into doc_interessado (id_aula, id_docente) values (174, 10);
insert into doc_interessado (id_aula, id_docente) values (175, 26);
insert into doc_interessado (id_aula, id_docente) values (175, 21);
insert into doc_interessado (id_aula, id_docente) values (176, 11);
insert into doc_interessado (id_aula, id_docente) values (176, 15);
insert into doc_interessado (id_aula, id_docente) values (177, 15);
insert into doc_interessado (id_aula, id_docente) values (178, 11);
insert into doc_interessado (id_aula, id_docente) values (179, 11);
insert into doc_interessado (id_aula, id_docente) values (180, 10);
insert into doc_interessado (id_aula, id_docente) values (180, 19);
insert into doc_interessado (id_aula, id_docente) values (181, 17);
insert into doc_interessado (id_aula, id_docente) values (181, 23);
insert into doc_interessado (id_aula, id_docente) values (182, 26);
insert into doc_interessado (id_aula, id_docente) values (182, 21);
insert into doc_interessado (id_aula, id_docente) values (183, 18);
insert into doc_interessado (id_aula, id_docente) values (183, 26);
insert into doc_interessado (id_aula, id_docente) values (184, 10);
insert into doc_interessado (id_aula, id_docente) values (185, 22);
insert into doc_interessado (id_aula, id_docente) values (186, 22);
insert into doc_interessado (id_aula, id_docente) values (187, 19);
insert into doc_interessado (id_aula, id_docente) values (187, 15);
insert into doc_interessado (id_aula, id_docente) values (188, 24);
insert into doc_interessado (id_aula, id_docente) values (188, 5);
insert into doc_interessado (id_aula, id_docente) values (189, 12);
insert into doc_interessado (id_aula, id_docente) values (189, 5);
insert into doc_interessado (id_aula, id_docente) values (190, 25);
insert into doc_interessado (id_aula, id_docente) values (190, 6);
insert into doc_interessado (id_aula, id_docente) values (191, 8);
insert into doc_interessado (id_aula, id_docente) values (191, 4);
insert into doc_interessado (id_aula, id_docente) values (192, 23);
insert into doc_interessado (id_aula, id_docente) values (193, 26);
insert into doc_interessado (id_aula, id_docente) values (193, 4);
insert into doc_interessado (id_aula, id_docente) values (193, 15);
insert into doc_interessado (id_aula, id_docente) values (194, 8);
insert into doc_interessado (id_aula, id_docente) values (195, 26);
insert into doc_interessado (id_aula, id_docente) values (196, 6);
insert into doc_interessado (id_aula, id_docente) values (197, 5);
insert into doc_interessado (id_aula, id_docente) values (198, 11);
insert into doc_interessado (id_aula, id_docente) values (198, 14);
insert into doc_interessado (id_aula, id_docente) values (199, 8);
insert into doc_interessado (id_aula, id_docente) values (199, 11);
insert into doc_interessado (id_aula, id_docente) values (199, 21);
insert into doc_interessado (id_aula, id_docente) values (200, 9);
insert into doc_interessado (id_aula, id_docente) values (200, 21);
insert into doc_interessado (id_aula, id_docente) values (201, 9);
insert into doc_interessado (id_aula, id_docente) values (201, 26);
insert into doc_interessado (id_aula, id_docente) values (202, 10);
insert into doc_interessado (id_aula, id_docente) values (202, 27);
insert into doc_interessado (id_aula, id_docente) values (203, 18);
insert into doc_interessado (id_aula, id_docente) values (203, 19);
insert into doc_interessado (id_aula, id_docente) values (203, 12);
insert into doc_interessado (id_aula, id_docente) values (204, 17);
insert into doc_interessado (id_aula, id_docente) values (204, 20);
insert into doc_interessado (id_aula, id_docente) values (205, 10);
insert into doc_interessado (id_aula, id_docente) values (205, 3);
insert into doc_interessado (id_aula, id_docente) values (206, 10);
insert into doc_interessado (id_aula, id_docente) values (206, 27);
insert into doc_interessado (id_aula, id_docente) values (207, 10);
insert into doc_interessado (id_aula, id_docente) values (208, 10);
insert into doc_interessado (id_aula, id_docente) values (208, 20);
insert into doc_interessado (id_aula, id_docente) values (209, 5);
insert into doc_interessado (id_aula, id_docente) values (210, 16);
insert into doc_interessado (id_aula, id_docente) values (210, 11);
insert into doc_interessado (id_aula, id_docente) values (210, 27);
insert into doc_interessado (id_aula, id_docente) values (211, 19);
insert into doc_interessado (id_aula, id_docente) values (212, 10);
insert into doc_interessado (id_aula, id_docente) values (212, 5);
insert into doc_interessado (id_aula, id_docente) values (212, 7);
insert into doc_interessado (id_aula, id_docente) values (213, 21);
insert into doc_interessado (id_aula, id_docente) values (214, 26);
insert into doc_interessado (id_aula, id_docente) values (215, 9);
insert into doc_interessado (id_aula, id_docente) values (215, 19);
insert into doc_interessado (id_aula, id_docente) values (216, 17);
insert into doc_interessado (id_aula, id_docente) values (216, 18);
insert into doc_interessado (id_aula, id_docente) values (216, 19);
insert into doc_interessado (id_aula, id_docente) values (217, 8);
insert into doc_interessado (id_aula, id_docente) values (218, 25);
insert into doc_interessado (id_aula, id_docente) values (219, 9);
insert into doc_interessado (id_aula, id_docente) values (219, 7);
insert into doc_interessado (id_aula, id_docente) values (220, 26);
insert into doc_interessado (id_aula, id_docente) values (220, 23);
insert into doc_interessado (id_aula, id_docente) values (221, 8);
insert into doc_interessado (id_aula, id_docente) values (221, 26);
insert into doc_interessado (id_aula, id_docente) values (221, 12);
insert into doc_interessado (id_aula, id_docente) values (222, 19);
insert into doc_interessado (id_aula, id_docente) values (223, 5);
insert into doc_interessado (id_aula, id_docente) values (224, 26);
insert into doc_interessado (id_aula, id_docente) values (224, 20);
insert into doc_interessado (id_aula, id_docente) values (224, 13);
insert into doc_interessado (id_aula, id_docente) values (225, 19);
insert into doc_interessado (id_aula, id_docente) values (225, 12);
insert into doc_interessado (id_aula, id_docente) values (225, 13);
insert into doc_interessado (id_aula, id_docente) values (226, 14);
insert into doc_interessado (id_aula, id_docente) values (227, 5);
insert into doc_interessado (id_aula, id_docente) values (228, 16);
insert into doc_interessado (id_aula, id_docente) values (228, 10);
insert into doc_interessado (id_aula, id_docente) values (228, 21);
insert into doc_interessado (id_aula, id_docente) values (229, 22);
insert into doc_interessado (id_aula, id_docente) values (229, 15);
insert into doc_interessado (id_aula, id_docente) values (230, 27);
insert into doc_interessado (id_aula, id_docente) values (230, 11);
insert into doc_interessado (id_aula, id_docente) values (230, 5);
insert into doc_interessado (id_aula, id_docente) values (231, 4);
insert into doc_interessado (id_aula, id_docente) values (232, 26);
insert into doc_interessado (id_aula, id_docente) values (233, 18);
insert into doc_interessado (id_aula, id_docente) values (234, 8);
insert into doc_interessado (id_aula, id_docente) values (234, 21);
insert into doc_interessado (id_aula, id_docente) values (235, 26);
insert into doc_interessado (id_aula, id_docente) values (235, 14);
insert into doc_interessado (id_aula, id_docente) values (235, 23);
insert into doc_interessado (id_aula, id_docente) values (236, 8);
insert into doc_interessado (id_aula, id_docente) values (236, 19);
insert into doc_interessado (id_aula, id_docente) values (236, 14);
insert into doc_interessado (id_aula, id_docente) values (237, 11);
insert into doc_interessado (id_aula, id_docente) values (238, 8);
insert into doc_interessado (id_aula, id_docente) values (238, 26);
