insert into departamento (id, sigla, nome) values (1, 'dcaa', 'departamento de ciências agrárias e ambientais');
insert into departamento (id, sigla, nome) values (2, 'dcac', 'departamento de administração e ciências contábeis');
insert into departamento (id, sigla, nome) values (3, 'dcb', 'departamento de ciências biológicas');
insert into departamento (id, sigla, nome) values (4, 'dcec', 'departamento de ciências econômicas');
insert into departamento (id, sigla, nome) values (5, 'dcet', 'departamento de ciências exatas e tecnológicas');
insert into departamento (id, sigla, nome) values (6, 'dcie', 'departamento de ciências da educação');
insert into departamento (id, sigla, nome) values (7, 'dcs', 'departamento de ciências da saúde');
insert into departamento (id, sigla, nome) values (8, 'dcijur', 'departamento de ciências jurídicas');
insert into departamento (id, sigla, nome) values (9, 'dfch', 'departamento de filosofia e ciências humanas');
insert into departamento (id, sigla, nome) values (10, 'dla', 'departamento de letras e artes');
insert into pro_reitoria (id, sigla, nome) values (1, 'propp', 'pró-reitoria de pesquisa e pós-graduação');
insert into pro_reitoria (id, sigla, nome) values (2, 'prograd', 'pró-reitoria de graduação');
insert into pro_reitoria (id, sigla, nome) values (3, 'proex', 'pró-reitoria de extensão');
insert into pro_reitoria (id, sigla, nome) values (4, 'proad', 'pró-reitoria administrativa');
insert into pro_reitoria (id, sigla, nome) values (5, 'projur', 'procuradoria jurídica');
insert into semestre (id, semestre, id_pro_reitoria) values (1, '2019.1', 2);
insert into semestre (id, semestre, id_pro_reitoria) values (2, '2019.2', 2);
insert into semestre (id, semestre, id_pro_reitoria) values (3, '2020.1', 2);
insert into semestre (id, semestre, id_pro_reitoria) values (4, '2020.2', 2);
insert into semestre (id, semestre, id_pro_reitoria) values (5, '2021.1', 2);
insert into semestre (id, semestre, id_pro_reitoria) values (6, '2021.2', 2);
insert into semestre (id, semestre, id_pro_reitoria) values (7, '2022.1', 2);
insert into semestre (id, semestre, id_pro_reitoria) values (8, '2022.2', 2);
insert into formacao (id, formacao) values (1, 'bacharelado');
insert into formacao (id, formacao) values (2, 'licenciatura');
insert into tipo_aula (id, tipo_aula) values (1, 'pratica');
insert into tipo_aula (id, tipo_aula) values (2, 'teórica');
insert into curso (id, curso, id_formacao) values (1, 'administração', 1);
insert into curso (id, curso, id_formacao) values (2, 'agronomia', 1);
insert into curso (id, curso, id_formacao) values (3, 'biomedicina', 1);
insert into curso (id, curso, id_formacao) values (4, 'ciência da computação', 1);
insert into curso (id, curso, id_formacao) values (5, 'ciências biológicas', 1);
insert into curso (id, curso, id_formacao) values (6, 'ciências biológicas', 2);
insert into curso (id, curso, id_formacao) values (7, 'ciências contábeis', 1);
insert into curso (id, curso, id_formacao) values (8, 'ciências econômicas', 1);
insert into curso (id, curso, id_formacao) values (9, 'ciências sociais', 2);
insert into curso (id, curso, id_formacao) values (10, 'comunicação social', 1);
insert into curso (id, curso, id_formacao) values (11, 'direito', 1);
insert into curso (id, curso, id_formacao) values (12, 'economia', 1);
insert into curso (id, curso, id_formacao) values (13, 'educação física', 2);
insert into curso (id, curso, id_formacao) values (14, 'enfermagem', 1);
insert into curso (id, curso, id_formacao) values (15, 'engenharia civil', 1);
insert into curso (id, curso, id_formacao) values (16, 'engenharia de produção', 1);
insert into curso (id, curso, id_formacao) values (17, 'engenharia elétrica', 1);
insert into curso (id, curso, id_formacao) values (18, 'engenharia mecânica', 1);
insert into curso (id, curso, id_formacao) values (19, 'engenharia química', 1);
insert into curso (id, curso, id_formacao) values (20, 'filosofia', 2);
insert into curso (id, curso, id_formacao) values (21, 'física', 2);
insert into curso (id, curso, id_formacao) values (22, 'física', 1);
insert into curso (id, curso, id_formacao) values (23, 'geografia', 2);
insert into curso (id, curso, id_formacao) values (24, 'geografia', 1);
insert into curso (id, curso, id_formacao) values (25, 'história', 2);
insert into curso (id, curso, id_formacao) values (26, 'lea', 1);
insert into curso (id, curso, id_formacao) values (27, 'letras', 2);
insert into curso (id, curso, id_formacao) values (28, 'matemática', 2);
insert into curso (id, curso, id_formacao) values (29, 'matemática', 1);
insert into curso (id, curso, id_formacao) values (30, 'medicina', 1);
insert into curso (id, curso, id_formacao) values (31, 'medicina veterinária', 1);
insert into curso (id, curso, id_formacao) values (32, 'pedagogia', 2);
insert into curso (id, curso, id_formacao) values (33, 'química', 1);
insert into curso (id, curso, id_formacao) values (34, 'química', 2);
insert into area (id, area, id_departamento) values (1, 'ciências básicas veterinária', 1);
insert into area (id, area, id_departamento) values (2, 'ciência do desenvolvimento agrário', 1);
insert into area (id, area, id_departamento) values (3, 'clínica e cirurgia em medicina veterinária', 1);
insert into area (id, area, id_departamento) values (4, 'engenharia agrícola', 1);
insert into area (id, area, id_departamento) values (5, 'ensino da geografia', 1);
insert into area (id, area, id_departamento) values (6, 'ética e medicina veterinária preventiva', 1);
insert into area (id, area, id_departamento) values (7, 'fitotecnia', 1);
insert into area (id, area, id_departamento) values (8, 'análise e planejamento ambiental', 1);
insert into area (id, area, id_departamento) values (9, 'recursos naturais renováveis', 1);
insert into area (id, area, id_departamento) values (10, 'zootecnia', 1);
insert into area (id, area, id_departamento) values (11, 'administraçâo', 2);
insert into area (id, area, id_departamento) values (12, 'ciências contábeis', 2);
insert into area (id, area, id_departamento) values (13, 'biofísica', 3);
insert into area (id, area, id_departamento) values (14, 'biomédicas', 3);
insert into area (id, area, id_departamento) values (15, 'bioquímica', 3);
insert into area (id, area, id_departamento) values (16, 'botânica', 3);
insert into area (id, area, id_departamento) values (17, 'ecologia', 3);
insert into area (id, area, id_departamento) values (18, 'ensino de biologia', 3);
insert into area (id, area, id_departamento) values (19, 'genética', 3);
insert into area (id, area, id_departamento) values (20, 'imunologia', 3);
insert into area (id, area, id_departamento) values (21, 'microbiologia', 3);
insert into area (id, area, id_departamento) values (22, 'morfologia', 3);
insert into area (id, area, id_departamento) values (23, 'oceanografia', 3);
insert into area (id, area, id_departamento) values (24, 'zoologia', 3);
insert into area (id, area, id_departamento) values (25, 'economia', 4);
insert into area (id, area, id_departamento) values (26, 'computação', 5);
insert into area (id, area, id_departamento) values (27, 'eng. civil', 5);
insert into area (id, area, id_departamento) values (28, 'eng. elétrica', 5);
insert into area (id, area, id_departamento) values (29, 'eng. mecânica', 5);
insert into area (id, area, id_departamento) values (30, 'eng. produção', 5);
insert into area (id, area, id_departamento) values (31, 'eng. química', 5);
insert into area (id, area, id_departamento) values (32, 'estatística', 5);
insert into area (id, area, id_departamento) values (33, 'física', 5);
insert into area (id, area, id_departamento) values (34, 'matemática', 5);
insert into area (id, area, id_departamento) values (35, 'química', 5);
insert into area (id, area, id_departamento) values (36, 'didática', 6);
insert into area (id, area, id_departamento) values (37, 'estágio e prática pedagógica', 6);
insert into area (id, area, id_departamento) values (38, 'política e legislação da educação', 6);
insert into area (id, area, id_departamento) values (39, 'fundamentos do cuidar em enfermagem', 7);
insert into area (id, area, id_departamento) values (40, 'saúde coletiva', 7);
insert into area (id, area, id_departamento) values (41, 'atenção à saúde nos ciclos do desenvolvimento humano', 7);
insert into area (id, area, id_departamento) values (42, 'gestão e pesquisa em enfermagem', 7);
insert into area (id, area, id_departamento) values (43, 'educação física', 7);
insert into area (id, area, id_departamento) values (44, 'medicina i', 7);
insert into area (id, area, id_departamento) values (45, 'medicina ii', 7);
insert into area (id, area, id_departamento) values (46, 'medicina iii', 7);
insert into area (id, area, id_departamento) values (47, 'medicina iv', 7);
insert into area (id, area, id_departamento) values (48, 'bases biológicas', 7);
insert into area (id, area, id_departamento) values (49, 'propedêuticas jurídicas', 8);
insert into area (id, area, id_departamento) values (50, 'acesso à justiça e processo', 8);
insert into area (id, area, id_departamento) values (51, 'relações privadas e direito', 8);
insert into area (id, area, id_departamento) values (52, 'relações jurídicas de estado e sociedade', 8);
insert into area (id, area, id_departamento) values (53, 'filosofia', 9);
insert into area (id, area, id_departamento) values (54, 'psicologia', 9);
insert into area (id, area, id_departamento) values (55, 'históriaciências sociais', 9);
insert into area (id, area, id_departamento) values (56, 'metodologia do conhecimento científico', 9);
insert into area (id, area, id_departamento) values (57, 'letras', 10);
insert into area (id, area, id_departamento) values (58, 'línguas estrangeiras', 10);
insert into area (id, area, id_departamento) values (59, 'comunicação social', 10);
insert into disciplina (id, cod, disciplina, ch, id_area) values (1, 'CET154', 'química geral e orgânica', 90.0, 35);
insert into disciplina (id, cod, disciplina, ch, id_area) values (2, 'CET558', 'calculo aplicado a biomedicina', 60.0, 34);
insert into disciplina (id, cod, disciplina, ch, id_area) values (3, 'CET559', 'física aplicada a biomedicina', 60.0, 33);
insert into disciplina (id, cod, disciplina, ch, id_area) values (4, 'CIB520', 'bioestatistica', 60.0, 32);
insert into disciplina (id, cod, disciplina, ch, id_area) values (5, 'CIB517', 'bioinformática', 60.0, 26);
insert into disciplina (id, cod, disciplina, ch, id_area) values (6, 'CET791', 'química geral', 45.0, 35);
insert into disciplina (id, cod, disciplina, ch, id_area) values (7, 'CET792', 'física', 75.0, 33);
insert into disciplina (id, cod, disciplina, ch, id_area) values (8, 'CET793', 'matemática', 30.0, 34);
insert into disciplina (id, cod, disciplina, ch, id_area) values (9, 'CET794', 'química orgânica', 45.0, 35);
insert into disciplina (id, cod, disciplina, ch, id_area) values (10, 'CET006', 'análise química', 60.0, 35);
insert into disciplina (id, cod, disciplina, ch, id_area) values (11, 'CET795', 'desenho técnico', 60.0, 27);
insert into disciplina (id, cod, disciplina, ch, id_area) values (12, 'CET796', 'cálculo', 75.0, 34);
insert into disciplina (id, cod, disciplina, ch, id_area) values (13, 'CET797', 'elementos de estatística', 60.0, 32);
insert into disciplina (id, cod, disciplina, ch, id_area) values (14, 'CET076', 'metodologia e estatística experimental', 75.0, 32);
insert into disciplina (id, cod, disciplina, ch, id_area) values (15, 'CET423', 'fundamentos matemáticos', 60.0, 34);
insert into disciplina (id, cod, disciplina, ch, id_area) values (16, 'CET552', 'introdução a ciência dos computadores', 60.0, 26);
insert into disciplina (id, cod, disciplina, ch, id_area) values (17, 'CET398', 'matemática aplicada e financeira', 60.0, 34);
insert into disciplina (id, cod, disciplina, ch, id_area) values (18, 'CET392', 'estatistica i', 60.0, 32);
insert into disciplina (id, cod, disciplina, ch, id_area) values (19, 'CET399', 'estatistica ii', 60.0, 32);
insert into disciplina (id, cod, disciplina, ch, id_area) values (20, 'CET1295', 'estatística apllicada i', 60.0, 32);
insert into disciplina (id, cod, disciplina, ch, id_area) values (21, 'CET1296', 'estatística apllicada ii', 60.0, 32);
insert into disciplina (id, cod, disciplina, ch, id_area) values (22, 'CET1293', 'matemática aplicada i', 60.0, 34);
insert into disciplina (id, cod, disciplina, ch, id_area) values (23, 'CET1294', 'matemática aplicada ii', 60.0, 34);
insert into disciplina (id, cod, disciplina, ch, id_area) values (24, 'CET631', 'fundamentos de estatistica  - (curriculo atual)', 45.0, 32);
insert into disciplina (id, cod, disciplina, ch, id_area) values (25, 'CET701', 'quimica aplicada a analise ambiental - (curriculo atual)', 60.0, 35);
insert into disciplina (id, cod, disciplina, ch, id_area) values (26, 'CET702', 'fundamentos de estatistica - (curriculo novo  a partir de 2022)', 60.0, 32);
insert into disciplina (id, cod, disciplina, ch, id_area) values (27, 'CET699', 'estatística aplicada às ciências sociais i', 60.0, 32);
insert into disciplina (id, cod, disciplina, ch, id_area) values (28, 'CET700', 'estatística aplicada às ciências sociais ii', 60.0, 32);
insert into disciplina (id, cod, disciplina, ch, id_area) values (29, 'CET1200', 'intrudução à estatistica', 60.0, 32);
insert into disciplina (id, cod, disciplina, ch, id_area) values (30, 'CET561', 'cálculo', 60.0, 34);
insert into disciplina (id, cod, disciplina, ch, id_area) values (31, 'CET647', 'física para biologia', 60.0, 33);
insert into disciplina (id, cod, disciplina, ch, id_area) values (32, 'CET650', 'química aplicada à biologia', 90.0, 35);
insert into disciplina (id, cod, disciplina, ch, id_area) values (33, 'CET020', 'bioestatística', 60.0, 32);
insert into disciplina (id, cod, disciplina, ch, id_area) values (34, 'CET042', 'ciência dos materiais', 60.0, 29);
insert into disciplina (id, cod, disciplina, ch, id_area) values (35, 'CET045', 'termodinâmica', 60.0, 29);
insert into disciplina (id, cod, disciplina, ch, id_area) values (36, 'CET050', 'materiais metálicos', 45.0, 29);
insert into disciplina (id, cod, disciplina, ch, id_area) values (37, 'CET051', 'materiais cerâmicos', 45.0, 29);
insert into disciplina (id, cod, disciplina, ch, id_area) values (38, 'CET057', 'engenharia de saneamento ambiental', 45.0, 31);
insert into disciplina (id, cod, disciplina, ch, id_area) values (39, 'CET1010', 'petróleo, gás e biocombustíveis', 45.0, 31);
insert into disciplina (id, cod, disciplina, ch, id_area) values (40, 'CET1018', 'estágio obrigatório', 180.0, 29);
insert into disciplina (id, cod, disciplina, ch, id_area) values (41, 'CET1043', 'complementação de poços de petróleo', 45.0, 31);
insert into disciplina (id, cod, disciplina, ch, id_area) values (42, 'CET1044', 'motores de combustão', 45.0, 29);
insert into disciplina (id, cod, disciplina, ch, id_area) values (43, 'CET1045', 'materiais conjugados', 45.0, 29);
insert into disciplina (id, cod, disciplina, ch, id_area) values (44, 'CET1046', 'mecânica de precisão', 45.0, 29);
insert into disciplina (id, cod, disciplina, ch, id_area) values (45, 'CET1047', 'princípios de tribologia', 45.0, 29);
insert into disciplina (id, cod, disciplina, ch, id_area) values (46, 'CET1048', 'elementos de robótica', 45.0, 29);
insert into disciplina (id, cod, disciplina, ch, id_area) values (47, 'CET1049', 'geologia do petróleo', 45.0, 31);
insert into disciplina (id, cod, disciplina, ch, id_area) values (48, 'CET1050', 'perfilagem de poços de petróleo', 45.0, 31);
insert into disciplina (id, cod, disciplina, ch, id_area) values (49, 'CET1051', 'perfuração de poços de petróleo', 45.0, 31);
insert into disciplina (id, cod, disciplina, ch, id_area) values (50, 'CET1052', 'análise e caracterização de materiais', 45.0, 31);
insert into disciplina (id, cod, disciplina, ch, id_area) values (51, 'CET1053', 'corrosão metálica', 45.0, 31);
insert into disciplina (id, cod, disciplina, ch, id_area) values (52, 'CET1055', 'gestão da qualidade', 45.0, 30);
insert into disciplina (id, cod, disciplina, ch, id_area) values (53, 'CET1057', 'gestão do conhecimento', 45.0, 30);
insert into disciplina (id, cod, disciplina, ch, id_area) values (54, 'CET160', 'cálculo diferencial e integral i', 90.0, 34);
insert into disciplina (id, cod, disciplina, ch, id_area) values (55, 'CET162', 'cálculo diferencial e integral ii', 90.0, 34);
insert into disciplina (id, cod, disciplina, ch, id_area) values (56, 'CET164', 'física i', 75.0, 33);
insert into disciplina (id, cod, disciplina, ch, id_area) values (57, 'CET167', 'cálculo diferencial e integral iii', 90.0, 34);
insert into disciplina (id, cod, disciplina, ch, id_area) values (58, 'CET171', 'física ii', 75.0, 33);
insert into disciplina (id, cod, disciplina, ch, id_area) values (59, 'CET173', 'física ii', 60.0, 34);
insert into disciplina (id, cod, disciplina, ch, id_area) values (60, 'CET174', 'equações diferencias aplicadas i', 75.0, 33);
insert into disciplina (id, cod, disciplina, ch, id_area) values (61, 'CET176', 'física iii', 75.0, 33);
insert into disciplina (id, cod, disciplina, ch, id_area) values (62, 'CET178', 'equações diferenciais aplicadas ii', 75.0, 33);
insert into disciplina (id, cod, disciplina, ch, id_area) values (63, 'CET181', 'física iv', 75.0, 33);
insert into disciplina (id, cod, disciplina, ch, id_area) values (64, 'CET569', 'geometria analítica', 75.0, 34);
insert into disciplina (id, cod, disciplina, ch, id_area) values (65, 'CET581', 'cálculo numérico', 75.0, 34);
insert into disciplina (id, cod, disciplina, ch, id_area) values (66, 'CET788', 'física experimental i', 30.0, 33);
insert into disciplina (id, cod, disciplina, ch, id_area) values (67, 'CET789', 'química geral i', 90.0, 35);
insert into disciplina (id, cod, disciplina, ch, id_area) values (68, 'CET809', 'desenho mecânico i', 75.0, 29);
insert into disciplina (id, cod, disciplina, ch, id_area) values (69, 'CET810', 'introdução à engenharia', 30.0, 29);
insert into disciplina (id, cod, disciplina, ch, id_area) values (70, 'CET831', 'álgebra linear i', 90.0, 34);
insert into disciplina (id, cod, disciplina, ch, id_area) values (71, 'CET832', 'gestão ambiental', 30.0, 31);
insert into disciplina (id, cod, disciplina, ch, id_area) values (72, 'CET833', 'física experimental ii', 30.0, 33);
insert into disciplina (id, cod, disciplina, ch, id_area) values (73, 'CET835', 'química geral ii', 60.0, 35);
insert into disciplina (id, cod, disciplina, ch, id_area) values (74, 'CET836', 'programação i', 60.0, 26);
insert into disciplina (id, cod, disciplina, ch, id_area) values (75, 'CET838', 'física experimental iii', 30.0, 33);
insert into disciplina (id, cod, disciplina, ch, id_area) values (76, 'CET839', 'mecânica vetorial estática', 60.0, 29);
insert into disciplina (id, cod, disciplina, ch, id_area) values (77, 'CET840', 'programação ii', 60.0, 26);
insert into disciplina (id, cod, disciplina, ch, id_area) values (78, 'CET842', 'eletrotécnica geral', 75.0, 28);
insert into disciplina (id, cod, disciplina, ch, id_area) values (79, 'CET843', 'pesquisa operacional i', 45.0, 30);
insert into disciplina (id, cod, disciplina, ch, id_area) values (80, 'CET844', 'eletrônica aplicada e dispositivos de automação', 75.0, 28);
insert into disciplina (id, cod, disciplina, ch, id_area) values (81, 'CET851', 'gestão da qualidade', 45.0, 30);
insert into disciplina (id, cod, disciplina, ch, id_area) values (82, 'CET855', 'automação e controle', 60.0, 28);
insert into disciplina (id, cod, disciplina, ch, id_area) values (83, 'CET861', 'tecnologia limpa na indústria', 45.0, 31);
insert into disciplina (id, cod, disciplina, ch, id_area) values (84, 'CET868', 'refino de petróleo', 45.0, 31);
insert into disciplina (id, cod, disciplina, ch, id_area) values (85, 'CET870', 'energias alternativas', 45.0, 31);
insert into disciplina (id, cod, disciplina, ch, id_area) values (86, 'CET876', 'gestão energética industrial', 45.0, 30);
insert into disciplina (id, cod, disciplina, ch, id_area) values (87, 'CET943', 'desenho mecânico ii', 60.0, 29);
insert into disciplina (id, cod, disciplina, ch, id_area) values (88, 'CET944', 'física experimental iv', 30.0, 33);
insert into disciplina (id, cod, disciplina, ch, id_area) values (89, 'CET945', 'metodologia e projetos de experimentos', 30.0, 29);
insert into disciplina (id, cod, disciplina, ch, id_area) values (90, 'CET946', 'resistência dos materiais i', 60.0, 29);
insert into disciplina (id, cod, disciplina, ch, id_area) values (91, 'CET947', 'comportamento mecânico dos materiais', 60.0, 29);
insert into disciplina (id, cod, disciplina, ch, id_area) values (92, 'CET948', 'elementos de máquinas', 60.0, 29);
insert into disciplina (id, cod, disciplina, ch, id_area) values (93, 'CET950', 'mecânica dos fluidos', 90.0, 29);
insert into disciplina (id, cod, disciplina, ch, id_area) values (94, 'CET951', 'mecânica dos sólidos i', 60.0, 29);
insert into disciplina (id, cod, disciplina, ch, id_area) values (95, 'CET952', 'metrologia e controle da qualidade', 45.0, 29);
insert into disciplina (id, cod, disciplina, ch, id_area) values (96, 'CET953', 'dinâmica das máquinas', 60.0, 29);
insert into disciplina (id, cod, disciplina, ch, id_area) values (97, 'CET954', 'materiais de construção mecânica', 30.0, 29);
insert into disciplina (id, cod, disciplina, ch, id_area) values (98, 'CET955', 'mecânica dos sólidos ii', 60.0, 29);
insert into disciplina (id, cod, disciplina, ch, id_area) values (99, 'CET956', 'processos de conformação mecânica', 75.0, 29);
insert into disciplina (id, cod, disciplina, ch, id_area) values (100, 'CET957', 'processos de usinagem i', 60.0, 29);
insert into disciplina (id, cod, disciplina, ch, id_area) values (101, 'CET958', 'projeto assistido por computador', 60.0, 29);
insert into disciplina (id, cod, disciplina, ch, id_area) values (102, 'CET960', 'transferência de calor e massa', 60.0, 29);
insert into disciplina (id, cod, disciplina, ch, id_area) values (103, 'CET961', 'engenharia assistida por computador', 45.0, 29);
insert into disciplina (id, cod, disciplina, ch, id_area) values (104, 'CET962', 'fundição,soldagem e tratamentos térmicos', 60.0, 29);
insert into disciplina (id, cod, disciplina, ch, id_area) values (105, 'CET963', 'manufatura assistida por computador', 45.0, 29);
insert into disciplina (id, cod, disciplina, ch, id_area) values (106, 'CET964', 'máquinas térmicas e processos contínuos', 75.0, 29);
insert into disciplina (id, cod, disciplina, ch, id_area) values (107, 'CET965', 'processos de usinagem ii', 60.0, 29);
insert into disciplina (id, cod, disciplina, ch, id_area) values (108, 'CET966', 'projeto mecânico', 90.0, 29);
insert into disciplina (id, cod, disciplina, ch, id_area) values (109, 'CET967', 'máquinas hidráulicas e pneumáticas', 90.0, 29);
insert into disciplina (id, cod, disciplina, ch, id_area) values (110, 'CET968', 'mecanismos', 60.0, 29);
insert into disciplina (id, cod, disciplina, ch, id_area) values (111, 'CET969', 'planejamento e controle da produção', 45.0, 29);
insert into disciplina (id, cod, disciplina, ch, id_area) values (112, 'CET970', 'processos especiais de fabricação', 45.0, 29);
insert into disciplina (id, cod, disciplina, ch, id_area) values (113, 'CET971', 'sistemas frigoríficos', 60.0, 29);
insert into disciplina (id, cod, disciplina, ch, id_area) values (114, 'CET972', 'sistemas térmicos de potência', 60.0, 29);
insert into disciplina (id, cod, disciplina, ch, id_area) values (115, 'CET973', 'sistemas de elevação e transporte', 90.0, 29);
insert into disciplina (id, cod, disciplina, ch, id_area) values (116, 'CET974', 'sistemas de produção e gestão', 60.0, 30);
insert into disciplina (id, cod, disciplina, ch, id_area) values (117, 'CET975', 'trabalho de conclusão de curso i', 45.0, 29);
insert into disciplina (id, cod, disciplina, ch, id_area) values (118, 'CET977', 'trabalho de conclusão de curso ii', 45.0, 29);
insert into disciplina (id, cod, disciplina, ch, id_area) values (119, 'CET1237', 'química geral i', 60.0, 35);
insert into disciplina (id, cod, disciplina, ch, id_area) values (120, 'CET811', 'introdução à engenharia civil', 45.0, 27);
insert into disciplina (id, cod, disciplina, ch, id_area) values (121, 'CET1030', 'desenho técnico aplicado à engenharia civil', 60.0, 27);
insert into disciplina (id, cod, disciplina, ch, id_area) values (122, 'CET1238', 'química geral ii', 60.0, 35);
insert into disciplina (id, cod, disciplina, ch, id_area) values (123, 'CET1239', 'química geral e experimental', 30.0, 35);
insert into disciplina (id, cod, disciplina, ch, id_area) values (124, 'CET1031', 'arquitetura e urbanismo', 45.0, 27);
insert into disciplina (id, cod, disciplina, ch, id_area) values (125, 'CET1032', 'resitência de materiais i', 60.0, 27);
insert into disciplina (id, cod, disciplina, ch, id_area) values (126, 'CET596', 'mecânica dos fluídos', 60.0, 27);
insert into disciplina (id, cod, disciplina, ch, id_area) values (127, 'CET1033', 'análise estrutural i', 60.0, 27);
insert into disciplina (id, cod, disciplina, ch, id_area) values (128, 'CET1035', 'mecânica dos solos i', 75.0, 27);
insert into disciplina (id, cod, disciplina, ch, id_area) values (129, 'CET1036', 'resistência dos materiais ii', 75.0, 27);
insert into disciplina (id, cod, disciplina, ch, id_area) values (130, 'CET1240', 'materiais de construção i', 60.0, 27);
insert into disciplina (id, cod, disciplina, ch, id_area) values (131, 'CET1241', 'hidráulica', 75.0, 27);
insert into disciplina (id, cod, disciplina, ch, id_area) values (132, 'CET1242', 'instalações prediais: elétricas', 60.0, 27);
insert into disciplina (id, cod, disciplina, ch, id_area) values (133, 'CET1037', 'análise estrutural ii', 75.0, 27);
insert into disciplina (id, cod, disciplina, ch, id_area) values (134, 'CET1039', 'materiais de construção ii', 75.0, 27);
insert into disciplina (id, cod, disciplina, ch, id_area) values (135, 'CET1040', 'mecânica dos solos ii', 75.0, 27);
insert into disciplina (id, cod, disciplina, ch, id_area) values (136, 'CET1042', 'tecnologia das construções i', 60.0, 27);
insert into disciplina (id, cod, disciplina, ch, id_area) values (137, 'CET1243', 'sistemas de água, esgoto e drenagem', 60.0, 27);
insert into disciplina (id, cod, disciplina, ch, id_area) values (138, 'CET1244', 'instalações prediais: hidro-sanitárias', 60.0, 27);
insert into disciplina (id, cod, disciplina, ch, id_area) values (139, 'CET1041', 'projeto integrado i: materiais', 30.0, 27);
insert into disciplina (id, cod, disciplina, ch, id_area) values (140, 'CET1058', 'análise estrutural iii', 75.0, 27);
insert into disciplina (id, cod, disciplina, ch, id_area) values (141, 'CET1066', 'estruturas de concreto armado i', 75.0, 27);
insert into disciplina (id, cod, disciplina, ch, id_area) values (142, 'CET1069', 'sistemas de transporte', 60.0, 27);
insert into disciplina (id, cod, disciplina, ch, id_area) values (143, 'CET1245', 'análise financeira e orçamento das construções', 60.0, 27);
insert into disciplina (id, cod, disciplina, ch, id_area) values (144, 'CET1246', 'tecnologia das construções ii', 60.0, 27);
insert into disciplina (id, cod, disciplina, ch, id_area) values (145, 'CET1247', 'saneamento e tratamento de esgotos', 60.0, 27);
insert into disciplina (id, cod, disciplina, ch, id_area) values (146, 'CET1084', 'inovação e propriedade intelectual', 45.0, 30);
insert into disciplina (id, cod, disciplina, ch, id_area) values (147, 'CET1085', 'fontes fósseis e renováveis  de energia', 45.0, 31);
insert into disciplina (id, cod, disciplina, ch, id_area) values (148, 'CET1086', 'gestão ambiental', 45.0, 31);
insert into disciplina (id, cod, disciplina, ch, id_area) values (149, 'CET865', 'computação de alto desempenho', 45.0, 26);
insert into disciplina (id, cod, disciplina, ch, id_area) values (150, 'CET892', 'poluição e gestão de resíduos na construção', 45.0, 31);
insert into disciplina (id, cod, disciplina, ch, id_area) values (151, 'CET1072', 'estruturas de aço', 60.0, 27);
insert into disciplina (id, cod, disciplina, ch, id_area) values (152, 'CET1075', 'estruturas de madeira', 45.0, 27);
insert into disciplina (id, cod, disciplina, ch, id_area) values (153, 'CET1248', 'estruturas de concreto armado ii', 60.0, 27);
insert into disciplina (id, cod, disciplina, ch, id_area) values (154, 'CET1249', 'estradas e ferrovias', 75.0, 27);
insert into disciplina (id, cod, disciplina, ch, id_area) values (155, 'CET1250', 'fundações', 75.0, 27);
insert into disciplina (id, cod, disciplina, ch, id_area) values (156, 'CET1251', 'planejamento e gerenciamento de obras', 60.0, 27);
insert into disciplina (id, cod, disciplina, ch, id_area) values (157, 'CET1252', 'projeto integrado ii: águas e meio ambiente', 30.0, 27);
insert into disciplina (id, cod, disciplina, ch, id_area) values (158, 'CET1022', 'conhecimento e valoração da inovação', 45.0, 30);
insert into disciplina (id, cod, disciplina, ch, id_area) values (159, 'CET1090', 'estabilidade das estruturas', 45.0, 27);
insert into disciplina (id, cod, disciplina, ch, id_area) values (160, 'CET1091', 'estruturas pré-fabricadas de concreto armado', 45.0, 27);
insert into disciplina (id, cod, disciplina, ch, id_area) values (161, 'CET1099', 'higiene e segurança do trabalho', 45.0, 27);
insert into disciplina (id, cod, disciplina, ch, id_area) values (162, 'CET1102', 'modelagem computacional aplicada à engenharia', 45.0, 27);
insert into disciplina (id, cod, disciplina, ch, id_area) values (163, 'CET1103', 'projeto de engenharia auxiliado por computador', 45.0, 27);
insert into disciplina (id, cod, disciplina, ch, id_area) values (164, 'CET1260', 'materiais compósitos e sustentáveis', 45.0, 27);
insert into disciplina (id, cod, disciplina, ch, id_area) values (165, 'CET1261', 'introdução à dinâmica das estruturas', 45.0, 27);
insert into disciplina (id, cod, disciplina, ch, id_area) values (166, 'CET1070', 'trabalho de conclusão de curso i', 45.0, 27);
insert into disciplina (id, cod, disciplina, ch, id_area) values (167, 'CET1078', 'estrutura de concreto armado iii', 60.0, 27);
insert into disciplina (id, cod, disciplina, ch, id_area) values (168, 'CET1253', 'obras da terra', 45.0, 27);
insert into disciplina (id, cod, disciplina, ch, id_area) values (169, 'CET1254', 'projeto integrado iii: gestão e construção', 30.0, 27);
insert into disciplina (id, cod, disciplina, ch, id_area) values (170, 'CET1255', 'estágio obrigatório i', 135.0, 27);
insert into disciplina (id, cod, disciplina, ch, id_area) values (171, 'CET1074', 'introdução ao método dos elementos finitos', 45.0, 27);
insert into disciplina (id, cod, disciplina, ch, id_area) values (172, 'CET1087', 'tecnologia de construção sustentável e certificação verde', 45.0, 27);
insert into disciplina (id, cod, disciplina, ch, id_area) values (173, 'CET1089', 'detalhamento de estruturas de concreto armado', 45.0, 27);
insert into disciplina (id, cod, disciplina, ch, id_area) values (174, 'CET1094', 'projeto de portos e hidrovias', 45.0, 27);
insert into disciplina (id, cod, disciplina, ch, id_area) values (175, 'CET1096', 'projetos de edifícios de concreto armado', 45.0, 27);
insert into disciplina (id, cod, disciplina, ch, id_area) values (176, 'CET1098', 'estruturas esbeltas', 45.0, 27);
insert into disciplina (id, cod, disciplina, ch, id_area) values (177, 'CET1101', 'métodos matriciais para análise estrutural', 45.0, 27);
insert into disciplina (id, cod, disciplina, ch, id_area) values (178, 'CET1262', 'projeto de difícios de aço', 45.0, 27);
insert into disciplina (id, cod, disciplina, ch, id_area) values (179, 'CET1263', 'estruturas protendidas', 45.0, 27);
insert into disciplina (id, cod, disciplina, ch, id_area) values (180, 'CET1266', 'plataforma bim', 45.0, 27);
insert into disciplina (id, cod, disciplina, ch, id_area) values (181, 'CET1083', 'trabalho de conclusão de curso ii', 45.0, 27);
insert into disciplina (id, cod, disciplina, ch, id_area) values (182, 'CET1256', 'pavimentação', 45.0, 27);
insert into disciplina (id, cod, disciplina, ch, id_area) values (183, 'CET1257', 'pontes', 60.0, 27);
insert into disciplina (id, cod, disciplina, ch, id_area) values (184, 'CET1258', 'projeto integrado iv: estruturas e fundações', 30.0, 27);
insert into disciplina (id, cod, disciplina, ch, id_area) values (185, 'CET1259', 'estágio obrigatório ii', 135.0, 27);
insert into disciplina (id, cod, disciplina, ch, id_area) values (186, 'CET1095', 'projeto de coberturas', 45.0, 27);
insert into disciplina (id, cod, disciplina, ch, id_area) values (187, 'CET1100', 'gestão de obras de grande porte', 45.0, 27);
insert into disciplina (id, cod, disciplina, ch, id_area) values (188, 'CET1264', 'instalações prediais: gás e incêndio', 45.0, 27);
insert into disciplina (id, cod, disciplina, ch, id_area) values (189, 'CET583', 'resistência dos materiais i', 60.0, 27);
insert into disciplina (id, cod, disciplina, ch, id_area) values (190, 'CET858', 'processos de construção de edificações', 60.0, 27);
insert into disciplina (id, cod, disciplina, ch, id_area) values (191, 'CET812', 'desenho de engenharia', 60.0, 29);
insert into disciplina (id, cod, disciplina, ch, id_area) values (192, 'CET830', 'desenho técnico aplicado a ep', 60.0, 29);
insert into disciplina (id, cod, disciplina, ch, id_area) values (193, 'CET848', 'metodologia de projetos e experimentos', 30.0, 29);
insert into disciplina (id, cod, disciplina, ch, id_area) values (194, 'CET854', 'processamento de materiais metálicos', 90.0, 29);
insert into disciplina (id, cod, disciplina, ch, id_area) values (195, 'CET850', 'processos químicos de fabricação', 90.0, 31);
insert into disciplina (id, cod, disciplina, ch, id_area) values (196, 'CET846', 'fenômenos transportes i', 60.0, 31);
insert into disciplina (id, cod, disciplina, ch, id_area) values (197, 'CET563', 'introdução à engenharia de produção', 30.0, 30);
insert into disciplina (id, cod, disciplina, ch, id_area) values (198, 'CET834', 'organização do trabalho', 60.0, 30);
insert into disciplina (id, cod, disciplina, ch, id_area) values (199, 'CET606', 'gestão de sistemas de informação', 60.0, 30);
insert into disciplina (id, cod, disciplina, ch, id_area) values (200, 'CET847', 'gestão de projetos', 60.0, 30);
insert into disciplina (id, cod, disciplina, ch, id_area) values (201, 'CET849', 'pesquisa operacional ii', 60.0, 30);
insert into disciplina (id, cod, disciplina, ch, id_area) values (202, 'CET853', 'ergonomia e segurança do trabalho', 45.0, 30);
insert into disciplina (id, cod, disciplina, ch, id_area) values (203, 'CET604', 'logística', 60.0, 30);
insert into disciplina (id, cod, disciplina, ch, id_area) values (204, 'CET852', 'modelagem probabilísticas e simulação', 60.0, 30);
insert into disciplina (id, cod, disciplina, ch, id_area) values (205, 'CET880', 'planejamento e controle da produção i', 90.0, 30);
insert into disciplina (id, cod, disciplina, ch, id_area) values (206, 'CET600', 'manufatura auxiliada por computadores', 60.0, 30);
insert into disciplina (id, cod, disciplina, ch, id_area) values (207, 'CET856', 'engenharia da qualidade', 60.0, 30);
insert into disciplina (id, cod, disciplina, ch, id_area) values (208, 'CET881', 'estratégia competitiva', 60.0, 30);
insert into disciplina (id, cod, disciplina, ch, id_area) values (209, 'CET882', 'sistemas de gestão e normalização', 45.0, 30);
insert into disciplina (id, cod, disciplina, ch, id_area) values (210, 'CET883', 'planejamento e controle da produção ii', 60.0, 30);
insert into disciplina (id, cod, disciplina, ch, id_area) values (211, 'CET869', 'projeto do produto', 60.0, 30);
insert into disciplina (id, cod, disciplina, ch, id_area) values (212, 'CET884', 'engenharia de sustentabilidade', 45.0, 30);
insert into disciplina (id, cod, disciplina, ch, id_area) values (213, 'CET885', 'gestão da cadeia de suprimentos', 60.0, 30);
insert into disciplina (id, cod, disciplina, ch, id_area) values (214, 'CET889', 'gestão do conhecimento e inovação', 60.0, 30);
insert into disciplina (id, cod, disciplina, ch, id_area) values (215, 'CET886', 'planejamento e controle da produção iii', 60.0, 30);
insert into disciplina (id, cod, disciplina, ch, id_area) values (216, 'CET887', 'sistemas de produção agroindustriais', 60.0, 30);
insert into disciplina (id, cod, disciplina, ch, id_area) values (217, 'CET860', 'projetos industriais', 90.0, 30);
insert into disciplina (id, cod, disciplina, ch, id_area) values (218, 'CET888', 'gestão de operações em serviço', 60.0, 30);
insert into disciplina (id, cod, disciplina, ch, id_area) values (219, 'CET862', 'trabalho de conclusão de curso i', 45.0, 30);
insert into disciplina (id, cod, disciplina, ch, id_area) values (220, 'CET863', 'trabalho de conclusão de curso ii', 45.0, 30);
insert into disciplina (id, cod, disciplina, ch, id_area) values (221, 'CET864', 'estágio obrigatório', 60.0, 30);
insert into disciplina (id, cod, disciplina, ch, id_area) values (222, 'CET857', 'processamento de materiais cerâmicos', 60.0, 30);
insert into disciplina (id, cod, disciplina, ch, id_area) values (223, 'CET859', 'teoria das organizações', 30.0, 30);
insert into disciplina (id, cod, disciplina, ch, id_area) values (224, 'CET877', 'gestão de armazenagem', 45.0, 30);
insert into disciplina (id, cod, disciplina, ch, id_area) values (225, 'CET878', 'manufatura enxuta', 45.0, 30);
insert into disciplina (id, cod, disciplina, ch, id_area) values (226, 'CET891', 'logística reversa', 45.0, 30);
insert into disciplina (id, cod, disciplina, ch, id_area) values (227, 'CET597', 'engenharia de sistemas', 45.0, 30);
insert into disciplina (id, cod, disciplina, ch, id_area) values (228, 'CET808', 'introdução à engenharia elétrica', 45.0, 28);
insert into disciplina (id, cod, disciplina, ch, id_area) values (229, 'CET934', 'trabalho de conclusão de curso i', 45.0, 28);
insert into disciplina (id, cod, disciplina, ch, id_area) values (230, 'CET1215', 'trabalho de conclusão de curso ii', 30.0, 28);
insert into disciplina (id, cod, disciplina, ch, id_area) values (231, 'CET1333', 'desenho técnico i', 60.0, 27);
insert into disciplina (id, cod, disciplina, ch, id_area) values (232, 'CET1218', 'fenômenos de transporte i', 60.0, 31);
insert into disciplina (id, cod, disciplina, ch, id_area) values (233, 'CET1187', 'circuitos elétricos i', 75.0, 28);
insert into disciplina (id, cod, disciplina, ch, id_area) values (234, 'CET1188', 'laboratório de circuitos elétricos i', 30.0, 28);
insert into disciplina (id, cod, disciplina, ch, id_area) values (235, 'CET1183', 'química geral i', 60.0, 35);
insert into disciplina (id, cod, disciplina, ch, id_area) values (236, 'CET1184', 'química geral ii', 60.0, 35);
insert into disciplina (id, cod, disciplina, ch, id_area) values (237, 'CET1185', 'química experimental', 30.0, 35);
insert into disciplina (id, cod, disciplina, ch, id_area) values (238, 'CET894', 'materiais elétricos e magnéticos', 60.0, 28);
insert into disciplina (id, cod, disciplina, ch, id_area) values (239, 'CET1193', 'circuitos elétricos ii', 105.0, 28);
insert into disciplina (id, cod, disciplina, ch, id_area) values (240, 'CET1224', 'sistemas de controle i', 90.0, 28);
insert into disciplina (id, cod, disciplina, ch, id_area) values (241, 'CET1229', 'sistemas de controle ii', 75.0, 28);
insert into disciplina (id, cod, disciplina, ch, id_area) values (242, 'CET1191', 'conversão de energia', 105.0, 28);
insert into disciplina (id, cod, disciplina, ch, id_area) values (243, 'CET1216', 'eletromagnetismo', 105.0, 28);
insert into disciplina (id, cod, disciplina, ch, id_area) values (244, 'CET1189', 'eletrônica analógica i', 105.0, 28);
insert into disciplina (id, cod, disciplina, ch, id_area) values (245, 'CET1196', 'eletrônica analógica ii', 90.0, 28);
insert into disciplina (id, cod, disciplina, ch, id_area) values (246, 'CET1219', 'eletrônica digital', 90.0, 28);
insert into disciplina (id, cod, disciplina, ch, id_area) values (247, 'CET1223', 'sistemas embarcados e periféricos', 90.0, 28);
insert into disciplina (id, cod, disciplina, ch, id_area) values (248, 'CET1222', 'instrumentação industrial', 90.0, 28);
insert into disciplina (id, cod, disciplina, ch, id_area) values (249, 'CET1190', 'análise de sinais e sistemas', 75.0, 28);
insert into disciplina (id, cod, disciplina, ch, id_area) values (250, 'CET1217', 'eletrônica de potência', 90.0, 28);
insert into disciplina (id, cod, disciplina, ch, id_area) values (251, 'CET1230', 'acionamentos elétricos', 90.0, 28);
insert into disciplina (id, cod, disciplina, ch, id_area) values (252, 'CET918', 'máquinas elétricas', 90.0, 28);
insert into disciplina (id, cod, disciplina, ch, id_area) values (253, 'CET1225', 'máquinas síncronas', 90.0, 28);
insert into disciplina (id, cod, disciplina, ch, id_area) values (254, 'CET1195', 'laboratório de instalações elétricas prediais', 30.0, 28);
insert into disciplina (id, cod, disciplina, ch, id_area) values (255, 'CET1194', 'instalações elétricas prediais', 60.0, 28);
insert into disciplina (id, cod, disciplina, ch, id_area) values (256, 'CET1227', 'instalações elétricas industriais', 90.0, 28);
insert into disciplina (id, cod, disciplina, ch, id_area) values (257, 'CET1228', 'automação industrial', 105.0, 28);
insert into disciplina (id, cod, disciplina, ch, id_area) values (258, 'CET1298', 'transmissão de energia elétrica', 105.0, 28);
insert into disciplina (id, cod, disciplina, ch, id_area) values (259, 'CET1226', 'análise de sistemas elétricos de potência', 105.0, 28);
insert into disciplina (id, cod, disciplina, ch, id_area) values (260, 'CET1232', 'qualidade de energia elétrica', 90.0, 28);
insert into disciplina (id, cod, disciplina, ch, id_area) values (261, 'CET1231', 'proteção de sistemas elétricos de potência', 90.0, 28);
insert into disciplina (id, cod, disciplina, ch, id_area) values (262, 'CET1330', 'sistemas de geração de energia elétrica', 90.0, 28);
insert into disciplina (id, cod, disciplina, ch, id_area) values (263, 'CET1299', 'distribuição de energia elétrica', 90.0, 28);
insert into disciplina (id, cod, disciplina, ch, id_area) values (264, 'CET1186', 'projeto interdisciplinar', 30.0, 28);
insert into disciplina (id, cod, disciplina, ch, id_area) values (265, 'CET1198', 'fontes chaveadas', 45.0, 28);
insert into disciplina (id, cod, disciplina, ch, id_area) values (266, 'CET1199', 'conversores cc – ca', 45.0, 28);
insert into disciplina (id, cod, disciplina, ch, id_area) values (267, 'CET1202', 'fontes alternativas de energia elétrica', 45.0, 28);
insert into disciplina (id, cod, disciplina, ch, id_area) values (268, 'CET1203', 'projeto e instalação de sistemas fotovoltaicos', 45.0, 28);
insert into disciplina (id, cod, disciplina, ch, id_area) values (269, 'CET1334', 'tópicos especiais i', 45.0, 28);
insert into disciplina (id, cod, disciplina, ch, id_area) values (270, 'CET1335', 'tópicos especiais ii', 45.0, 28);
insert into disciplina (id, cod, disciplina, ch, id_area) values (271, 'CET1336', 'tópicos especiais iii', 45.0, 28);
insert into disciplina (id, cod, disciplina, ch, id_area) values (272, 'CET1337', 'tópicos especiais iv', 45.0, 28);
insert into disciplina (id, cod, disciplina, ch, id_area) values (273, 'CET1338', 'tópicos especiais v', 45.0, 28);
insert into disciplina (id, cod, disciplina, ch, id_area) values (274, 'CET1339', 'tópicos especiais vi', 45.0, 28);
insert into disciplina (id, cod, disciplina, ch, id_area) values (275, 'CET1340', 'tópicos especiais vii', 45.0, 28);
insert into disciplina (id, cod, disciplina, ch, id_area) values (276, 'CET1341', 'tópicos especiais viii', 45.0, 28);
insert into disciplina (id, cod, disciplina, ch, id_area) values (277, 'CET1342', 'tópicos especiais ix', 45.0, 28);
insert into disciplina (id, cod, disciplina, ch, id_area) values (278, 'CET1343', 'tópicos especiais x', 45.0, 28);
insert into disciplina (id, cod, disciplina, ch, id_area) values (279, 'CET1210', 'eficiência energética', 45.0, 28);
insert into disciplina (id, cod, disciplina, ch, id_area) values (280, 'CET1211', 'aterramentos elétricos', 45.0, 28);
insert into disciplina (id, cod, disciplina, ch, id_area) values (281, 'CET1212', 'segurança em eletricidade – nr10', 45.0, 28);
insert into disciplina (id, cod, disciplina, ch, id_area) values (282, 'CET1332', 'energia sociedade e meio-ambiente', 45.0, 28);
insert into disciplina (id, cod, disciplina, ch, id_area) values (283, 'CET1204', 'processamento digital de sinais', 45.0, 28);
insert into disciplina (id, cod, disciplina, ch, id_area) values (284, 'CET1205', 'sistemas em tempo real', 45.0, 28);
insert into disciplina (id, cod, disciplina, ch, id_area) values (285, 'CET1206', 'projeto de sistemas de automoção', 45.0, 28);
insert into disciplina (id, cod, disciplina, ch, id_area) values (286, 'CET1207 ', 'redes industriais', 45.0, 28);
insert into disciplina (id, cod, disciplina, ch, id_area) values (287, 'CET1208', 'sistemas supervisórios', 45.0, 28);
insert into disciplina (id, cod, disciplina, ch, id_area) values (288, 'CET1209', 'robótica', 45.0, 28);
insert into disciplina (id, cod, disciplina, ch, id_area) values (289, 'CET1213', 'iintrodução á modelagem e identificação de sistemas', 45.0, 28);
insert into disciplina (id, cod, disciplina, ch, id_area) values (290, 'CET1214', 'introdução aos sistemas dinâmicos não lineares', 45.0, 28);
insert into disciplina (id, cod, disciplina, ch, id_area) values (291, 'CET935 ', 'estágio supervisionado', 180.0, 28);
insert into disciplina (id, cod, disciplina, ch, id_area) values (292, 'CET786', 'desenho técnico i', 60.0, 27);
insert into disciplina (id, cod, disciplina, ch, id_area) values (293, 'CET787', 'introdução à engenharia química', 30.0, 31);
insert into disciplina (id, cod, disciplina, ch, id_area) values (294, 'CET941', 'físico quimica i', 60.0, 35);
insert into disciplina (id, cod, disciplina, ch, id_area) values (295, 'CET982', 'química inorgânica', 90.0, 35);
insert into disciplina (id, cod, disciplina, ch, id_area) values (296, 'CET984', 'físico quimica ii', 60.0, 35);
insert into disciplina (id, cod, disciplina, ch, id_area) values (297, 'CET986', 'química orgânica i', 60.0, 35);
insert into disciplina (id, cod, disciplina, ch, id_area) values (298, 'CET985', 'quimica analítica qualitativa', 60.0, 35);
insert into disciplina (id, cod, disciplina, ch, id_area) values (299, 'CET987', 'quimica analitica quantitativa', 60.0, 35);
insert into disciplina (id, cod, disciplina, ch, id_area) values (300, 'CET988', 'quimica orgânica ii', 60.0, 35);
insert into disciplina (id, cod, disciplina, ch, id_area) values (301, 'CET989', 'termodinâmica quimica i', 60.0, 31);
insert into disciplina (id, cod, disciplina, ch, id_area) values (302, 'CET991', 'seleção e caracterização de materiais', 60.0, 31);
insert into disciplina (id, cod, disciplina, ch, id_area) values (303, 'CET990', 'instrumentação e controle de qualidade', 60.0, 31);
insert into disciplina (id, cod, disciplina, ch, id_area) values (304, 'CET995', 'termodinâmica química ii', 60.0, 31);
insert into disciplina (id, cod, disciplina, ch, id_area) values (305, 'CET994', 'fenômenos de transporte ii', 60.0, 31);
insert into disciplina (id, cod, disciplina, ch, id_area) values (306, 'CET996', 'engenharia bioquímica', 60.0, 31);
insert into disciplina (id, cod, disciplina, ch, id_area) values (307, 'CET992', 'eletroquímica', 60.0, 31);
insert into disciplina (id, cod, disciplina, ch, id_area) values (308, 'CET997', 'águas industriais e de consumo', 60.0, 31);
insert into disciplina (id, cod, disciplina, ch, id_area) values (309, 'CET588', 'processos químicos de fabricação', 60.0, 31);
insert into disciplina (id, cod, disciplina, ch, id_area) values (310, 'CET993', 'análise instrumental', 60.0, 28);
insert into disciplina (id, cod, disciplina, ch, id_area) values (311, 'CET998', 'operações unitárias i', 60.0, 31);
insert into disciplina (id, cod, disciplina, ch, id_area) values (312, 'CET999', 'introdução a controle de processos', 60.0, 31);
insert into disciplina (id, cod, disciplina, ch, id_area) values (313, 'CET1001', 'engenharia de bioprocessos', 60.0, 31);
insert into disciplina (id, cod, disciplina, ch, id_area) values (314, 'CET1002', 'tratamento de efluentes i', 60.0, 31);
insert into disciplina (id, cod, disciplina, ch, id_area) values (315, 'CET1003', 'cinética química', 60.0, 31);
insert into disciplina (id, cod, disciplina, ch, id_area) values (316, 'CET1000', 'fenômenos de transporte iii', 60.0, 31);
insert into disciplina (id, cod, disciplina, ch, id_area) values (317, 'CET1004', 'aplicações industriais de calor', 60.0, 31);
insert into disciplina (id, cod, disciplina, ch, id_area) values (318, 'CET1005', 'operações unitárias ii', 60.0, 31);
insert into disciplina (id, cod, disciplina, ch, id_area) values (319, 'CET1006', 'controle de processos aplicado', 60.0, 31);
insert into disciplina (id, cod, disciplina, ch, id_area) values (320, 'CET1007', 'tratamento de efluentes ii', 60.0, 31);
insert into disciplina (id, cod, disciplina, ch, id_area) values (321, 'CET1008', 'calculo de reatores', 60.0, 31);
insert into disciplina (id, cod, disciplina, ch, id_area) values (322, 'CET1009', 'sistemas de gestão da produção na ind. química', 60.0, 31);
insert into disciplina (id, cod, disciplina, ch, id_area) values (323, 'CET1011', 'engenharia auxiliada por computador (cae)', 60.0, 31);
insert into disciplina (id, cod, disciplina, ch, id_area) values (324, 'CET1012', 'modelagem, simulação e otimização de processos químico', 60.0, 31);
insert into disciplina (id, cod, disciplina, ch, id_area) values (325, 'CET1013', 'planejamento e projeto integrado na ind. química', 60.0, 31);
insert into disciplina (id, cod, disciplina, ch, id_area) values (326, 'CET1014', 'petroquímica e química de fontes renováveis de energia', 60.0, 31);
insert into disciplina (id, cod, disciplina, ch, id_area) values (327, 'CET1015', 'ergonomia, higiene e engenharia de segurança', 60.0, 30);
insert into disciplina (id, cod, disciplina, ch, id_area) values (328, 'CET1016', 'trabalho de conclusão de curso i', 45.0, 31);
insert into disciplina (id, cod, disciplina, ch, id_area) values (329, 'CET1017', 'trabalho de conclusão de curso ii', 45.0, 31);
insert into disciplina (id, cod, disciplina, ch, id_area) values (330, 'CET056', 'materiais poliméricos', 45.0, 31);
insert into disciplina (id, cod, disciplina, ch, id_area) values (331, 'CET1019', 'modelagem matemática e simulação de processos químicos', 45.0, 31);
insert into disciplina (id, cod, disciplina, ch, id_area) values (332, 'CET1020', 'controle de qualidade com otimização online de processos', 45.0, 31);
insert into disciplina (id, cod, disciplina, ch, id_area) values (333, 'CET1021', 'projeto integrado adaptativo', 45.0, 31);
insert into disciplina (id, cod, disciplina, ch, id_area) values (334, 'CET1141', 'análise multicritério de processos e sistemas', 45.0, 31);
insert into disciplina (id, cod, disciplina, ch, id_area) values (335, 'CET871', 'processamento de alimentos e fermentações industriais', 45.0, 31);
insert into disciplina (id, cod, disciplina, ch, id_area) values (336, 'CET872', 'tecnologia de alimentos i', 45.0, 31);
insert into disciplina (id, cod, disciplina, ch, id_area) values (337, 'CET873', 'tecnologia de alimentos ii', 45.0, 31);
insert into disciplina (id, cod, disciplina, ch, id_area) values (338, 'CET1142', 'gestão do conhecimento e inovação', 45.0, 30);
insert into disciplina (id, cod, disciplina, ch, id_area) values (339, 'CET 158', 'geometria analítica', 60.0, 34);
insert into disciplina (id, cod, disciplina, ch, id_area) values (340, 'CET 160', 'cálculo diferencial e integral i', 90.0, 34);
insert into disciplina (id, cod, disciplina, ch, id_area) values (341, 'CET163', 'álgebra linear i', 60.0, 34);
insert into disciplina (id, cod, disciplina, ch, id_area) values (342, 'CET164 ', 'física i', 75.0, 33);
insert into disciplina (id, cod, disciplina, ch, id_area) values (343, 'CET165', 'laboratório de física i', 60.0, 33);
insert into disciplina (id, cod, disciplina, ch, id_area) values (344, 'CET166', 'laboratório de computação i', 75.0, 26);
insert into disciplina (id, cod, disciplina, ch, id_area) values (345, 'CET169', 'laboratório de computação ii', 75.0, 26);
insert into disciplina (id, cod, disciplina, ch, id_area) values (346, 'CET170', 'evolução das idéias da física', 60.0, 33);
insert into disciplina (id, cod, disciplina, ch, id_area) values (347, 'CET172', 'laboratório de física ii', 60.0, 33);
insert into disciplina (id, cod, disciplina, ch, id_area) values (348, 'CET175', 'mecânica clássica', 90.0, 33);
insert into disciplina (id, cod, disciplina, ch, id_area) values (349, 'CET177', 'laboratório de física iii', 60.0, 33);
insert into disciplina (id, cod, disciplina, ch, id_area) values (350, 'CET179', 'termodinâmica', 75.0, 33);
insert into disciplina (id, cod, disciplina, ch, id_area) values (351, 'CET180', 'eletromagnetismo', 75.0, 33);
insert into disciplina (id, cod, disciplina, ch, id_area) values (352, 'CET182', 'laboratório de física iv', 60.0, 33);
insert into disciplina (id, cod, disciplina, ch, id_area) values (353, 'CET183', 'tópicos de física matemática', 75.0, 34);
insert into disciplina (id, cod, disciplina, ch, id_area) values (354, 'CET184', 'eletromagnetismo ii', 75.0, 33);
insert into disciplina (id, cod, disciplina, ch, id_area) values (355, 'CET185', 'mecânica analítica', 90.0, 33);
insert into disciplina (id, cod, disciplina, ch, id_area) values (356, 'CET186', 'física moderna', 75.0, 33);
insert into disciplina (id, cod, disciplina, ch, id_area) values (357, 'CET187', 'laboratório de física moderna', 75.0, 33);
insert into disciplina (id, cod, disciplina, ch, id_area) values (358, 'CET188', 'estrutura da matéria', 60.0, 33);
insert into disciplina (id, cod, disciplina, ch, id_area) values (359, 'CET189', 'mecânica estatística', 75.0, 33);
insert into disciplina (id, cod, disciplina, ch, id_area) values (360, 'CET194 ', 'mecânica quântica i', 90.0, 33);
insert into disciplina (id, cod, disciplina, ch, id_area) values (361, 'CET195', 'trabalho de conclusão de curso i', 90.0, 33);
insert into disciplina (id, cod, disciplina, ch, id_area) values (362, 'CET196', 'física e sociedade', 60.0, 33);
insert into disciplina (id, cod, disciplina, ch, id_area) values (363, 'CET197', 'física computacional', 90.0, 33);
insert into disciplina (id, cod, disciplina, ch, id_area) values (364, 'CET198', 'trabalho de conclusão de curso ii', 60.0, 33);
insert into disciplina (id, cod, disciplina, ch, id_area) values (365, 'CET567', 'química geral', 75.0, 35);
insert into disciplina (id, cod, disciplina, ch, id_area) values (366, 'CET643', 'introdução à física', 60.0, 33);
insert into disciplina (id, cod, disciplina, ch, id_area) values (367, 'CET150', 'tratamento de água', 60.0, 23);
insert into disciplina (id, cod, disciplina, ch, id_area) values (368, 'CET262', 'introdução à astronomia e astrofísica', 60.0, 33);
insert into disciplina (id, cod, disciplina, ch, id_area) values (369, 'CET710', 'cálculo de formas e aplicações à física', 60.0, 33);
insert into disciplina (id, cod, disciplina, ch, id_area) values (370, 'CET199', 'instrumentação para o ensino de física', 60.0, 33);
insert into disciplina (id, cod, disciplina, ch, id_area) values (371, 'CET257', 'tópicos de mecânica clássica', 60.0, 33);
insert into disciplina (id, cod, disciplina, ch, id_area) values (372, 'CET258', 'introdução à física dos plasmas', 60.0, 33);
insert into disciplina (id, cod, disciplina, ch, id_area) values (373, 'CET260', 'óptica física', 60.0, 33);
insert into disciplina (id, cod, disciplina, ch, id_area) values (374, 'CET263', 'introdução à teoria dos campos', 60.0, 33);
insert into disciplina (id, cod, disciplina, ch, id_area) values (375, 'CET265', 'introdução à física médica', 60.0, 33);
insert into disciplina (id, cod, disciplina, ch, id_area) values (376, 'CET269', 'processos investigativos e emancipativos no ensino', 60.0, 33);
insert into disciplina (id, cod, disciplina, ch, id_area) values (377, 'CET270', 'física dos oceanos i', 60.0, 23);
insert into disciplina (id, cod, disciplina, ch, id_area) values (378, 'CET271', 'física dos oceanos ii', 60.0, 23);
insert into disciplina (id, cod, disciplina, ch, id_area) values (379, 'CET272', 'oceanografia física, costeira e estuarina', 60.0, 23);
insert into disciplina (id, cod, disciplina, ch, id_area) values (380, 'CET273', 'dinâmica de sistemas marinhos', 60.0, 23);
insert into disciplina (id, cod, disciplina, ch, id_area) values (381, 'CET274', 'mecânica dos meios contínuos', 60.0, 33);
insert into disciplina (id, cod, disciplina, ch, id_area) values (382, 'CET703', 'física matemática i', 60.0, 33);
insert into disciplina (id, cod, disciplina, ch, id_area) values (383, 'CET705', 'gravitação e cosmologia', 60.0, 33);
insert into disciplina (id, cod, disciplina, ch, id_area) values (384, 'CET707', 'mecânica clássica avançada', 60.0, 33);
insert into disciplina (id, cod, disciplina, ch, id_area) values (385, 'CET713', 'introdução à física molecular', 60.0, 33);
insert into disciplina (id, cod, disciplina, ch, id_area) values (386, 'CET259', 'espectroscopia atômica', 60.0, 33);
insert into disciplina (id, cod, disciplina, ch, id_area) values (387, 'CET261', 'mecânica quantica ii', 60.0, 33);
insert into disciplina (id, cod, disciplina, ch, id_area) values (388, 'CET264', 'teoria quântica de campos', 60.0, 33);
insert into disciplina (id, cod, disciplina, ch, id_area) values (389, 'CET266', 'produção de material didático', 60.0, 33);
insert into disciplina (id, cod, disciplina, ch, id_area) values (390, 'CET268', 'investigação no ensino de ciências', 60.0, 33);
insert into disciplina (id, cod, disciplina, ch, id_area) values (391, 'CET275', 'computação quântica', 60.0, 33);
insert into disciplina (id, cod, disciplina, ch, id_area) values (392, 'CET393', 'astrofísica estelar', 60.0, 33);
insert into disciplina (id, cod, disciplina, ch, id_area) values (393, 'CET394', 'astrofísica galáctica e extragaláctica', 60.0, 33);
insert into disciplina (id, cod, disciplina, ch, id_area) values (394, 'CET704', 'física nuclear', 60.0, 33);
insert into disciplina (id, cod, disciplina, ch, id_area) values (395, 'CET706', 'introdução à física das partículas e campos', 60.0, 33);
insert into disciplina (id, cod, disciplina, ch, id_area) values (396, 'CET708', 'mecânica estatística i', 60.0, 33);
insert into disciplina (id, cod, disciplina, ch, id_area) values (397, 'CET709', 'mecânica quântica iii', 60.0, 33);
insert into disciplina (id, cod, disciplina, ch, id_area) values (398, 'CET712', 'teoria de grupos aplicada à física', 60.0, 33);
insert into disciplina (id, cod, disciplina, ch, id_area) values (399, 'CET158', 'geometria analítica', 60.0, 34);
insert into disciplina (id, cod, disciplina, ch, id_area) values (400, 'CET267', 'pesquisa em ensino de física i', 60.0, 33);
insert into disciplina (id, cod, disciplina, ch, id_area) values (401, 'CET276', 'metodologia para ensino de física', 60.0, 33);
insert into disciplina (id, cod, disciplina, ch, id_area) values (402, 'CET277', 'elementos de mecânica clássica', 90.0, 33);
insert into disciplina (id, cod, disciplina, ch, id_area) values (403, 'CET278', 'estágio supervisionado em física i', 90.0, 33);
insert into disciplina (id, cod, disciplina, ch, id_area) values (404, 'CET279', 'estágio supervisionado em física ii', 90.0, 33);
insert into disciplina (id, cod, disciplina, ch, id_area) values (405, 'CET280', 'introdução ao eletromagnetismo', 75.0, 33);
insert into disciplina (id, cod, disciplina, ch, id_area) values (406, 'CET281', 'estágio supervisionado em física iii', 90.0, 33);
insert into disciplina (id, cod, disciplina, ch, id_area) values (407, 'CET282 ', 'novas tecnologias para o ensino de física', 60.0, 33);
insert into disciplina (id, cod, disciplina, ch, id_area) values (408, 'CET283', 'estágio supervisionado em física iv', 135.0, 33);
insert into disciplina (id, cod, disciplina, ch, id_area) values (409, 'CET284 ', 'pesquisa em ensino de física ii', 60.0, 33);
insert into disciplina (id, cod, disciplina, ch, id_area) values (410, 'CET194', 'mecânica quântica i', 90.0, 33);
insert into disciplina (id, cod, disciplina, ch, id_area) values (411, 'CET1104', 'introdução ao cálculo', 90.0, 34);
insert into disciplina (id, cod, disciplina, ch, id_area) values (412, 'CET1105', 'fundamentos de matemática i', 90.0, 34);
insert into disciplina (id, cod, disciplina, ch, id_area) values (413, 'CET1106', 'matemática experimental', 90.0, 34);
insert into disciplina (id, cod, disciplina, ch, id_area) values (414, 'CET1107', 'comunicação em matemática i', 90.0, 34);
insert into disciplina (id, cod, disciplina, ch, id_area) values (415, 'CET1108', 'fundamentos de matemática ii', 90.0, 34);
insert into disciplina (id, cod, disciplina, ch, id_area) values (416, 'CET1109', 'física experimental', 60.0, 33);
insert into disciplina (id, cod, disciplina, ch, id_area) values (417, 'CET1110', 'análse combinatória', 75.0, 34);
insert into disciplina (id, cod, disciplina, ch, id_area) values (418, 'CET1111', 'geometria analítica', 90.0, 34);
insert into disciplina (id, cod, disciplina, ch, id_area) values (419, 'CET1112', 'estruturas algébricas', 60.0, 34);
insert into disciplina (id, cod, disciplina, ch, id_area) values (420, 'CET1113', 'teoria dos números', 75.0, 34);
insert into disciplina (id, cod, disciplina, ch, id_area) values (421, 'CET635', 'linguagem de programação i', 90.0, 26);
insert into disciplina (id, cod, disciplina, ch, id_area) values (422, 'CET1114', 'análise i', 90.0, 34);
insert into disciplina (id, cod, disciplina, ch, id_area) values (423, 'CET1115', 'álgebra i', 75.0, 34);
insert into disciplina (id, cod, disciplina, ch, id_area) values (424, 'CET1116', 'álgebra linear i', 75.0, 34);
insert into disciplina (id, cod, disciplina, ch, id_area) values (425, 'CET1117', 'análise ii', 90.0, 34);
insert into disciplina (id, cod, disciplina, ch, id_area) values (426, 'CET1118', 'álgebra ii', 75.0, 34);
insert into disciplina (id, cod, disciplina, ch, id_area) values (427, 'CET1119', 'álgebra linear ii', 75.0, 34);
insert into disciplina (id, cod, disciplina, ch, id_area) values (428, 'CET641', 'linguagem de programação ii', 90.0, 26);
insert into disciplina (id, cod, disciplina, ch, id_area) values (429, 'CET1120', 'análise iii', 90.0, 34);
insert into disciplina (id, cod, disciplina, ch, id_area) values (430, 'CET1121', 'cálculo numérico i', 90.0, 34);
insert into disciplina (id, cod, disciplina, ch, id_area) values (431, 'CET1122', 'teoria das probabilidades', 60.0, 32);
insert into disciplina (id, cod, disciplina, ch, id_area) values (432, 'CET1123', 'equações diferencias ordinárias', 90.0, 34);
insert into disciplina (id, cod, disciplina, ch, id_area) values (433, 'CET1124', 'análise complexa i', 90.0, 34);
insert into disciplina (id, cod, disciplina, ch, id_area) values (434, 'CET1125', 'geometria diferencial i', 90.0, 34);
insert into disciplina (id, cod, disciplina, ch, id_area) values (435, 'CET1126', 'inferência estatística', 60.0, 32);
insert into disciplina (id, cod, disciplina, ch, id_area) values (436, 'CET1127', 'topologia geral i', 90.0, 34);
insert into disciplina (id, cod, disciplina, ch, id_area) values (437, 'CET1128', 'trabalho de conclusão de curso i', 60.0, 34);
insert into disciplina (id, cod, disciplina, ch, id_area) values (438, 'CET1129', 'comunicação em matemática ii', 75.0, 34);
insert into disciplina (id, cod, disciplina, ch, id_area) values (439, 'CET1130', 'equações diferenciais parciais i', 90.0, 34);
insert into disciplina (id, cod, disciplina, ch, id_area) values (440, 'CET1131', 'curvas algébricas', 90.0, 34);
insert into disciplina (id, cod, disciplina, ch, id_area) values (441, 'CET1132', 'trabalho de conclusão de curso ii', 60.0, 34);
insert into disciplina (id, cod, disciplina, ch, id_area) values (442, 'CET041', 'programação de computadores', 75.0, 26);
insert into disciplina (id, cod, disciplina, ch, id_area) values (443, 'CET159', 'introdução ao cálculo', 75.0, 34);
insert into disciplina (id, cod, disciplina, ch, id_area) values (444, 'CET285', 'geometria euclidiana plana', 60.0, 34);
insert into disciplina (id, cod, disciplina, ch, id_area) values (445, 'CET286', 'introdução à teoria dos números', 60.0, 34);
insert into disciplina (id, cod, disciplina, ch, id_area) values (446, 'CET287', 'lógica', 45.0, 34);
insert into disciplina (id, cod, disciplina, ch, id_area) values (447, 'CET157', 'álgebra i', 60.0, 34);
insert into disciplina (id, cod, disciplina, ch, id_area) values (448, 'CET161', 'informática aplicada ao cálculo', 60.0, 34);
insert into disciplina (id, cod, disciplina, ch, id_area) values (449, 'CET288', 'álgebra ii', 60.0, 34);
insert into disciplina (id, cod, disciplina, ch, id_area) values (450, 'CET289', 'filosofia da matemática', 60.0, 34);
insert into disciplina (id, cod, disciplina, ch, id_area) values (451, 'CET290', 'álgebra linear ii', 60.0, 34);
insert into disciplina (id, cod, disciplina, ch, id_area) values (452, 'CET291', 'geometria descritiva', 60.0, 34);
insert into disciplina (id, cod, disciplina, ch, id_area) values (453, 'CET292', 'história da matemática', 60.0, 34);
insert into disciplina (id, cod, disciplina, ch, id_area) values (454, 'CET293', 'análise matemática i', 90.0, 34);
insert into disciplina (id, cod, disciplina, ch, id_area) values (455, 'CET294', 'estatística aplicada à educação', 60.0, 32);
insert into disciplina (id, cod, disciplina, ch, id_area) values (456, 'CET295', 'contextos educacionais em educação matemática', 60.0, 34);
insert into disciplina (id, cod, disciplina, ch, id_area) values (457, 'CET296', 'didática da matemática', 60.0, 34);
insert into disciplina (id, cod, disciplina, ch, id_area) values (458, 'CET297', 'funções de uma variável complexa', 60.0, 34);
insert into disciplina (id, cod, disciplina, ch, id_area) values (459, 'CET298', 'cálculo numérico', 60.0, 34);
insert into disciplina (id, cod, disciplina, ch, id_area) values (460, 'CET334', 'desenho geométrico', 60.0, 34);
insert into disciplina (id, cod, disciplina, ch, id_area) values (461, 'CET333', 'metodologia do ensino da matemática', 60.0, 34);
insert into disciplina (id, cod, disciplina, ch, id_area) values (462, 'CET299', 'estágio supervisionado em matemática i', 90.0, 34);
insert into disciplina (id, cod, disciplina, ch, id_area) values (463, 'CET335', 'estágio supervisionado em matemática ii', 90.0, 34);
insert into disciplina (id, cod, disciplina, ch, id_area) values (464, 'CET336', 'pesquisa em ensino de matemática i', 60.0, 34);
insert into disciplina (id, cod, disciplina, ch, id_area) values (465, 'CET338', 'estágio supervisionado em matemática iii', 90.0, 34);
insert into disciplina (id, cod, disciplina, ch, id_area) values (466, 'CET337', 'pesquisa em ensino de matemática ii', 60.0, 34);
insert into disciplina (id, cod, disciplina, ch, id_area) values (467, 'CET339', 'estágio supervisionado em matemática iv', 135.0, 34);
insert into disciplina (id, cod, disciplina, ch, id_area) values (468, 'CET659', 'cálculo i', 90.0, 34);
insert into disciplina (id, cod, disciplina, ch, id_area) values (469, 'CET660', 'cálculo ii', 90.0, 34);
insert into disciplina (id, cod, disciplina, ch, id_area) values (470, 'CET664', 'cálculo iii', 60.0, 34);
insert into disciplina (id, cod, disciplina, ch, id_area) values (471, 'CET665', 'estatistica', 60.0, 32);
insert into disciplina (id, cod, disciplina, ch, id_area) values (472, 'CET661', 'física i', 75.0, 33);
insert into disciplina (id, cod, disciplina, ch, id_area) values (473, 'CET666', 'física ii', 75.0, 33);
insert into disciplina (id, cod, disciplina, ch, id_area) values (474, 'CET669', 'fisica iii', 60.0, 33);
insert into disciplina (id, cod, disciplina, ch, id_area) values (475, 'CET034', 'instrumentação e  segurança  de laboratório', 60.0, 35);
insert into disciplina (id, cod, disciplina, ch, id_area) values (476, 'CET698', 'química geral i', 75.0, 35);
insert into disciplina (id, cod, disciplina, ch, id_area) values (477, 'CET023', 'quimica geral ii', 90.0, 35);
insert into disciplina (id, cod, disciplina, ch, id_area) values (478, 'CET663', 'quimica orgânica i', 60.0, 35);
insert into disciplina (id, cod, disciplina, ch, id_area) values (479, 'CET668', 'quimica orgânica ii', 90.0, 35);
insert into disciplina (id, cod, disciplina, ch, id_area) values (480, 'CET672', 'quimica orgânica iii', 90.0, 35);
insert into disciplina (id, cod, disciplina, ch, id_area) values (481, 'CET676', 'técnicas de análise orgânica', 60.0, 35);
insert into disciplina (id, cod, disciplina, ch, id_area) values (482, 'CET662', 'química inorgânica fundamental', 90.0, 35);
insert into disciplina (id, cod, disciplina, ch, id_area) values (483, 'CET667', 'química inorgânica descritiva', 120.0, 35);
insert into disciplina (id, cod, disciplina, ch, id_area) values (484, 'CET671', 'química de coordenação', 90.0, 35);
insert into disciplina (id, cod, disciplina, ch, id_area) values (485, 'CET059', 'físico-quimica i', 105.0, 35);
insert into disciplina (id, cod, disciplina, ch, id_area) values (486, 'CET674', 'físico-química ii', 120.0, 35);
insert into disciplina (id, cod, disciplina, ch, id_area) values (487, 'CET142', 'química quântica', 60.0, 35);
insert into disciplina (id, cod, disciplina, ch, id_area) values (488, 'CET670', 'química analítica qualitativa', 90.0, 35);
insert into disciplina (id, cod, disciplina, ch, id_area) values (489, 'CET675', 'quimica analitica quantitativa', 120.0, 35);
insert into disciplina (id, cod, disciplina, ch, id_area) values (490, 'CET680', 'química instrumental', 75.0, 35);
insert into disciplina (id, cod, disciplina, ch, id_area) values (491, 'CET677', 'métodos de separação', 60.0, 35);
insert into disciplina (id, cod, disciplina, ch, id_area) values (492, 'CET673', 'bioquímica industrial', 75.0, 35);
insert into disciplina (id, cod, disciplina, ch, id_area) values (493, 'CET679', 'química industrial', 75.0, 35);
insert into disciplina (id, cod, disciplina, ch, id_area) values (494, 'CET682', 'química de alimentos', 75.0, 35);
insert into disciplina (id, cod, disciplina, ch, id_area) values (495, 'CET134', 'química ambiental', 60.0, 35);
insert into disciplina (id, cod, disciplina, ch, id_area) values (496, 'CET143', 'química verde', 60.0, 35);
insert into disciplina (id, cod, disciplina, ch, id_area) values (497, 'CET678', 'metodologia de pesquisa em química', 60.0, 35);
insert into disciplina (id, cod, disciplina, ch, id_area) values (498, 'CET681', 'projeto de pesquisa em química', 60.0, 35);
insert into disciplina (id, cod, disciplina, ch, id_area) values (499, 'CET683', 'tcc', 60.0, 35);
insert into disciplina (id, cod, disciplina, ch, id_area) values (500, 'CET130', 'história da química', 60.0, 35);
insert into disciplina (id, cod, disciplina, ch, id_area) values (501, 'CET022', 'cálculo diferencial e integral i', 60.0, 34);
insert into disciplina (id, cod, disciplina, ch, id_area) values (502, 'CET036', 'cálculo diferencial e integral ii', 60.0, 34);
insert into disciplina (id, cod, disciplina, ch, id_area) values (503, 'CET032', 'geometria analítica', 60.0, 34);
insert into disciplina (id, cod, disciplina, ch, id_area) values (504, 'CET025', 'estatística aplicada a química', 45.0, 34);
insert into disciplina (id, cod, disciplina, ch, id_area) values (505, 'CET054', 'física i para a química', 75.0, 33);
insert into disciplina (id, cod, disciplina, ch, id_area) values (506, 'CET027', 'física ii para a química', 60.0, 33);
insert into disciplina (id, cod, disciplina, ch, id_area) values (507, 'CET033', 'química geral i', 90.0, 35);
insert into disciplina (id, cod, disciplina, ch, id_area) values (508, 'CET037', 'quimica orgânica i', 105.0, 35);
insert into disciplina (id, cod, disciplina, ch, id_area) values (509, 'CET024', 'química inorgânica fundamental', 105.0, 35);
insert into disciplina (id, cod, disciplina, ch, id_area) values (510, 'CET038', 'química inorgânica descritiva', 105.0, 35);
insert into disciplina (id, cod, disciplina, ch, id_area) values (511, 'CET715', 'físico-química ii', 90.0, 35);
insert into disciplina (id, cod, disciplina, ch, id_area) values (512, 'CET060', 'quimica analitica quantitativa', 105.0, 35);
insert into disciplina (id, cod, disciplina, ch, id_area) values (513, 'CET126', 'estágio supervisionado i', 90.0, 35);
insert into disciplina (id, cod, disciplina, ch, id_area) values (514, 'CET129', 'estágio supervisionado ii', 90.0, 35);
insert into disciplina (id, cod, disciplina, ch, id_area) values (515, 'CET135', 'estágio supervisionado  iii', 135.0, 35);
insert into disciplina (id, cod, disciplina, ch, id_area) values (516, 'CET138', 'estágio supervisionado  iv', 90.0, 35);
insert into disciplina (id, cod, disciplina, ch, id_area) values (517, 'CET035', 'informática aplicada a formação', 45.0, 35);
insert into disciplina (id, cod, disciplina, ch, id_area) values (518, 'CET021', 'o professor e o ensino de química', 30.0, 35);
insert into disciplina (id, cod, disciplina, ch, id_area) values (519, 'CET127', 'metodologia e instrumentação para o ensino de química', 60.0, 35);
insert into disciplina (id, cod, disciplina, ch, id_area) values (520, 'CET714', 'metodologia de pesquisa no ensino de quimica', 60.0, 35);
insert into disciplina (id, cod, disciplina, ch, id_area) values (521, 'CET136', 'pesquisa no ensino de química', 60.0, 35);
insert into disciplina (id, cod, disciplina, ch, id_area) values (522, 'CET 137', 'pesquisa no ensino de química ii', 60.0, 35);
insert into disciplina (id, cod, disciplina, ch, id_area) values (523, 'CET103', 'administração e segurança de redes', 60.0, 26);
insert into disciplina (id, cod, disciplina, ch, id_area) values (524, 'CET074', 'álgebra abstrata', 60.0, 34);
insert into disciplina (id, cod, disciplina, ch, id_area) values (525, 'CET638', 'álgebra e geometria analítica', 90.0, 34);
insert into disciplina (id, cod, disciplina, ch, id_area) values (526, 'CET079', 'análise dos sistemas de informação', 60.0, 26);
insert into disciplina (id, cod, disciplina, ch, id_area) values (527, 'CET086', 'análise numérica', 60.0, 34);
insert into disciplina (id, cod, disciplina, ch, id_area) values (528, 'CET064', 'aquisição de conhecimento', 75.0, 26);
insert into disciplina (id, cod, disciplina, ch, id_area) values (529, 'CET090', 'banco de dados i', 60.0, 26);
insert into disciplina (id, cod, disciplina, ch, id_area) values (530, 'CET091', 'banco de dados ii', 60.0, 26);
insert into disciplina (id, cod, disciplina, ch, id_area) values (531, 'CET104', 'banco de dados orientado a objetos', 60.0, 26);
insert into disciplina (id, cod, disciplina, ch, id_area) values (532, 'CET632', 'cálculo aplicado i', 75.0, 34);
insert into disciplina (id, cod, disciplina, ch, id_area) values (533, 'CET639', 'cálculo aplicado ii', 75.0, 34);
insert into disciplina (id, cod, disciplina, ch, id_area) values (534, 'CET075', 'cálculo aplicado iii', 60.0, 34);
insert into disciplina (id, cod, disciplina, ch, id_area) values (535, 'CET058', 'compiladores', 60.0, 26);
insert into disciplina (id, cod, disciplina, ch, id_area) values (536, 'CET114', 'computação bioinspirada', 60.0, 26);
insert into disciplina (id, cod, disciplina, ch, id_area) values (537, 'CET080', 'computação gráfica', 60.0, 26);
insert into disciplina (id, cod, disciplina, ch, id_area) values (538, 'CET105', 'computação quântica', 60.0, 26);
insert into disciplina (id, cod, disciplina, ch, id_area) values (539, 'CET087', 'conceitos de linguagens de programação', 60.0, 26);
insert into disciplina (id, cod, disciplina, ch, id_area) values (540, 'CET062', 'controle de sistemas – tecnologias e dispositivos', 60.0, 26);
insert into disciplina (id, cod, disciplina, ch, id_area) values (541, 'CET106', 'dinâmica de sistemas', 60.0, 26);
insert into disciplina (id, cod, disciplina, ch, id_area) values (542, 'CET637', 'eletrônica', 60.0, 26);
insert into disciplina (id, cod, disciplina, ch, id_area) values (543, 'CET092', 'empreendedor de informática', 60.0, 26);
insert into disciplina (id, cod, disciplina, ch, id_area) values (544, 'CET095', 'engenharia de software', 60.0, 26);
insert into disciplina (id, cod, disciplina, ch, id_area) values (545, 'CET097', 'estágio supervisionado', 450.0, 26);
insert into disciplina (id, cod, disciplina, ch, id_area) values (546, 'CET077', 'estrutura de dados', 60.0, 26);
insert into disciplina (id, cod, disciplina, ch, id_area) values (547, 'CET633', 'física para ciência da computação', 60.0, 33);
insert into disciplina (id, cod, disciplina, ch, id_area) values (548, 'CET640', 'fundamentos matemáticos para computação', 60.0, 26);
insert into disciplina (id, cod, disciplina, ch, id_area) values (549, 'CET068', 'inteligência artificial', 60.0, 26);
insert into disciplina (id, cod, disciplina, ch, id_area) values (550, 'CET096', 'interface homem máquina', 60.0, 26);
insert into disciplina (id, cod, disciplina, ch, id_area) values (551, 'CET124', 'introdução à bioinformática', 60.0, 26);
insert into disciplina (id, cod, disciplina, ch, id_area) values (552, 'CET634', 'introdução à ciência da computação', 60.0, 26);
insert into disciplina (id, cod, disciplina, ch, id_area) values (553, 'CET123', 'introdução à pesquisa operacional', 60.0, 26);
insert into disciplina (id, cod, disciplina, ch, id_area) values (554, 'CET110', 'laboratório e organização de computadores', 60.0, 26);
insert into disciplina (id, cod, disciplina, ch, id_area) values (555, 'CET078', 'linguagem de programação iii', 60.0, 26);
insert into disciplina (id, cod, disciplina, ch, id_area) values (556, 'CET642', 'lógica digital i', 60.0, 26);
insert into disciplina (id, cod, disciplina, ch, id_area) values (557, 'CET065', 'lógica digital ii', 60.0, 26);
insert into disciplina (id, cod, disciplina, ch, id_area) values (558, 'CET636', 'lógica para computação', 60.0, 26);
insert into disciplina (id, cod, disciplina, ch, id_area) values (559, 'CET081', 'organização e arquitetura dos computadores', 60.0, 26);
insert into disciplina (id, cod, disciplina, ch, id_area) values (560, 'CET082', 'organização e recuperação da informação', 60.0, 26);
insert into disciplina (id, cod, disciplina, ch, id_area) values (561, 'CET083', 'probabilidade e estatística', 60.0, 32);
insert into disciplina (id, cod, disciplina, ch, id_area) values (562, 'CET115', 'processamento de imagens', 60.0, 26);
insert into disciplina (id, cod, disciplina, ch, id_area) values (563, 'CET107', 'processamento paralelo', 60.0, 26);
insert into disciplina (id, cod, disciplina, ch, id_area) values (564, 'CET1182', 'programação para aplicações web', 60.0, 26);
insert into disciplina (id, cod, disciplina, ch, id_area) values (565, 'CET084', 'projeto e análise de algoritmos', 60.0, 26);
insert into disciplina (id, cod, disciplina, ch, id_area) values (566, 'CET098', 'rede de computadores i', 60.0, 26);
insert into disciplina (id, cod, disciplina, ch, id_area) values (567, 'CET099', 'rede de computadores ii', 60.0, 26);
insert into disciplina (id, cod, disciplina, ch, id_area) values (568, 'CET100', 'sistemas distribuídos', 60.0, 26);
insert into disciplina (id, cod, disciplina, ch, id_area) values (569, 'CET108', 'sistemas especialistas', 60.0, 26);
insert into disciplina (id, cod, disciplina, ch, id_area) values (570, 'CET101', 'sistemas operacionais', 60.0, 26);
insert into disciplina (id, cod, disciplina, ch, id_area) values (571, 'CET088', 'software básico', 60.0, 26);
insert into disciplina (id, cod, disciplina, ch, id_area) values (572, 'CET109', 'tecnologia de redes à grandes distâncias', 60.0, 26);
insert into disciplina (id, cod, disciplina, ch, id_area) values (573, 'CET125', 'tecnologia e educação', 60.0, 26);
insert into disciplina (id, cod, disciplina, ch, id_area) values (574, 'CET102', 'tecnologia e sociedade', 30.0, 26);
insert into disciplina (id, cod, disciplina, ch, id_area) values (575, 'CET089', 'teoria da computação', 60.0, 26);
insert into disciplina (id, cod, disciplina, ch, id_area) values (576, 'CET113', 'tópicos avançados em algoritmos', 60.0, 26);
insert into disciplina (id, cod, disciplina, ch, id_area) values (577, 'CET111', 'tópicos avançados em computação i', 60.0, 26);
insert into disciplina (id, cod, disciplina, ch, id_area) values (578, 'CET112', 'tópicos avançados em computação ii', 60.0, 26);
insert into disciplina (id, cod, disciplina, ch, id_area) values (579, 'CET322', 'métodos quantitativos aplicados à administração i', 60.0, 34);
insert into disciplina (id, cod, disciplina, ch, id_area) values (580, 'CET496', 'métodos quantitativos aplicado à administração ii', 60.0, 34);
insert into disciplina (id, cod, disciplina, ch, id_area) values (581, 'CET497', 'métodos quantitativos aplicados à administração iii', 60.0, 34);
insert into disciplina (id, cod, disciplina, ch, id_area) values (582, 'CET117', 'introdução à estatística', 60.0, 32);
insert into disciplina (id, cod, disciplina, ch, id_area) values (583, 'CET498', 'estatística aplicada', 60.0, 32);
insert into disciplina (id, cod, disciplina, ch, id_area) values (584, 'CET1234', 'estatistica aplicada a saúde', 60.0, 32);
insert into disciplina (id, cod, disciplina, ch, id_area) values (585, 'CET1201', 'bioestatistica', 75.0, 32);
insert into cargo (id, cargo) values (1, 'adjunto');
insert into cargo (id, cargo) values (2, 'assistente');
insert into cargo (id, cargo) values (3, 'auxiliar');
insert into cargo (id, cargo) values (4, 'auxiliar/substituto');
insert into cargo (id, cargo) values (5, 'pleno');
insert into cargo (id, cargo) values (6, 'substituto');
insert into cargo (id, cargo) values (7, 'titular');
insert into cargo (id, cargo) values (8, 'visitante');
insert into titulo (id, titulo) values (1, 'doutor(a)');
insert into titulo (id, titulo) values (2, 'especialista');
insert into titulo (id, titulo) values (3, 'graduado(a)');
insert into titulo (id, titulo) values (4, 'mestre');
insert into docente (id, nome, dt_inicio, id_cargo, id_titulo, id_area) values (1, 'lúcio figueiredo de rezende', to_date('01/08/2004', 'DD/MM/YYYY'), 2, 1, 23);
insert into docente (id, nome, dt_inicio, id_cargo, id_titulo, id_area) values (2, 'marcelo friederichs landim de souza', to_date('12/12/2009', 'DD/MM/YYYY'), 7, 1, 23);
insert into docente (id, nome, dt_inicio, id_cargo, id_titulo, id_area) values (3, 'antônio henrique figueira louro', to_date('26/01/1999', 'DD/MM/YYYY'), 1, 1, 26);
insert into docente (id, nome, dt_inicio, id_cargo, id_titulo, id_area) values (4, 'aprígio augusto lopes bezerra', to_date('19/10/2013', 'DD/MM/YYYY'), 1, 1, 26);
insert into docente (id, nome, dt_inicio, id_cargo, id_titulo, id_area) values (5, 'césar alberto bravo pariente', to_date('12/06/2010', 'DD/MM/YYYY'), 1, 1, 26);
insert into docente (id, nome, dt_inicio, id_cargo, id_titulo, id_area) values (6, 'dany sanchez dominguez', to_date('02/05/2013', 'DD/MM/YYYY'), 5, 1, 26);
insert into docente (id, nome, dt_inicio, id_cargo, id_titulo, id_area) values (7, 'edgar alexander', to_date('13/12/2008', 'DD/MM/YYYY'), 2, 4, 26);
insert into docente (id, nome, dt_inicio, id_cargo, id_titulo, id_area) values (8, 'esbel tomás valero orellana', to_date('23/09/2002', 'DD/MM/YYYY'), 5, 1, 26);
insert into docente (id, nome, dt_inicio, id_cargo, id_titulo, id_area) values (9, 'felix mas milian', to_date('10/02/2007', 'DD/MM/YYYY'), 5, 1, 26);
insert into docente (id, nome, dt_inicio, id_cargo, id_titulo, id_area) values (10, 'francisco bruno souza oliveira', to_date('08/05/2011', 'DD/MM/YYYY'), 7, 1, 26);
insert into docente (id, nome, dt_inicio, id_cargo, id_titulo, id_area) values (11, 'hamilton josé brumatto', to_date('13/08/2001', 'DD/MM/YYYY'), 2, 4, 26);
insert into docente (id, nome, dt_inicio, id_cargo, id_titulo, id_area) values (12, 'hélder conceição almeida', to_date('09/04/2003', 'DD/MM/YYYY'), 2, 4, 26);
insert into docente (id, nome, dt_inicio, id_cargo, id_titulo, id_area) values (13, 'jauberth weyll abijaude', to_date('07/04/1998', 'DD/MM/YYYY'), 2, 4, 26);
insert into docente (id, nome, dt_inicio, id_cargo, id_titulo, id_area) values (14, 'jorge lima de oliveira filho', to_date('07/03/2009', 'DD/MM/YYYY'), 1, 1, 26);
insert into docente (id, nome, dt_inicio, id_cargo, id_titulo, id_area) values (15, 'leard de oliveira fernandes', to_date('15/05/2000', 'DD/MM/YYYY'), 2, 4, 26);
insert into docente (id, nome, dt_inicio, id_cargo, id_titulo, id_area) values (16, 'lilia marta brandão soussa modesto', to_date('07/01/2000', 'DD/MM/YYYY'), 2, 4, 26);
insert into docente (id, nome, dt_inicio, id_cargo, id_titulo, id_area) values (17, 'luciano ângelo de souza bernardes', to_date('24/09/2002', 'DD/MM/YYYY'), 1, 1, 26);
insert into docente (id, nome, dt_inicio, id_cargo, id_titulo, id_area) values (18, 'marcelo ossamu honda', to_date('09/03/2013', 'DD/MM/YYYY'), 7, 1, 26);
insert into docente (id, nome, dt_inicio, id_cargo, id_titulo, id_area) values (19, 'marta magda dornelles', to_date('26/12/2000', 'DD/MM/YYYY'), 1, 1, 26);
insert into docente (id, nome, dt_inicio, id_cargo, id_titulo, id_area) values (20, 'martha ximena torresdelgado', to_date('06/10/2007', 'DD/MM/YYYY'), 7, 1, 26);
insert into docente (id, nome, dt_inicio, id_cargo, id_titulo, id_area) values (21, 'paulo andré sperandio giacomin', to_date('08/06/2006', 'DD/MM/YYYY'), 1, 1, 26);
insert into docente (id, nome, dt_inicio, id_cargo, id_titulo, id_area) values (22, 'paulo eduardo ambrósio', to_date('05/07/2012', 'DD/MM/YYYY'), 1, 1, 26);
insert into docente (id, nome, dt_inicio, id_cargo, id_titulo, id_area) values (23, 'susana marrero iglesias', to_date('04/06/2008', 'DD/MM/YYYY'), 5, 1, 26);
insert into docente (id, nome, dt_inicio, id_cargo, id_titulo, id_area) values (24, 'sérgio fred ribeiro andrade', to_date('01/12/1997', 'DD/MM/YYYY'), 1, 1, 26);
insert into docente (id, nome, dt_inicio, id_cargo, id_titulo, id_area) values (25, 'tricia souto santos', to_date('12/10/1998', 'DD/MM/YYYY'), 2, 4, 26);
insert into docente (id, nome, dt_inicio, id_cargo, id_titulo, id_area) values (26, 'vânia cordeiro da silva', to_date('24/10/2013', 'DD/MM/YYYY'), 1, 1, 26);
insert into docente (id, nome, dt_inicio, id_cargo, id_titulo, id_area) values (27, 'álvaro vinícius de souza coelho', to_date('02/12/2010', 'DD/MM/YYYY'), 7, 1, 26);
insert into docente (id, nome, dt_inicio, id_cargo, id_titulo, id_area) values (28, 'admilson santa cruz do nascimento', to_date('09/05/2013', 'DD/MM/YYYY'), 6, 2, 27);
insert into docente (id, nome, dt_inicio, id_cargo, id_titulo, id_area) values (29, 'cleverson alves de lima', to_date('10/03/2010', 'DD/MM/YYYY'), 1, 1, 27);
insert into docente (id, nome, dt_inicio, id_cargo, id_titulo, id_area) values (30, 'danilo de santana nunes', to_date('12/12/1999', 'DD/MM/YYYY'), 1, 1, 27);
insert into docente (id, nome, dt_inicio, id_cargo, id_titulo, id_area) values (31, 'joabson lima alves', to_date('12/03/1998', 'DD/MM/YYYY'), 2, 4, 27);
insert into docente (id, nome, dt_inicio, id_cargo, id_titulo, id_area) values (32, 'jonathas sousa reis', to_date('03/10/2002', 'DD/MM/YYYY'), 6, 4, 27);
insert into docente (id, nome, dt_inicio, id_cargo, id_titulo, id_area) values (33, 'josé renato de castro pessoa', to_date('16/11/2001', 'DD/MM/YYYY'), 1, 1, 27);
insert into docente (id, nome, dt_inicio, id_cargo, id_titulo, id_area) values (34, 'lorena lopes novais', to_date('27/01/1998', 'DD/MM/YYYY'), 6, 2, 27);
insert into docente (id, nome, dt_inicio, id_cargo, id_titulo, id_area) values (35, 'manoel camilo moleiro cabrera', to_date('10/07/2009', 'DD/MM/YYYY'), 1, 1, 27);
insert into docente (id, nome, dt_inicio, id_cargo, id_titulo, id_area) values (36, 'marcelo tramontin souza', to_date('13/06/1999', 'DD/MM/YYYY'), 1, 1, 27);
insert into docente (id, nome, dt_inicio, id_cargo, id_titulo, id_area) values (37, 'maria lícia silva de queiroz', to_date('25/06/2001', 'DD/MM/YYYY'), 2, 4, 27);
insert into docente (id, nome, dt_inicio, id_cargo, id_titulo, id_area) values (38, 'ruan carlos de araújo moura', to_date('21/03/1999', 'DD/MM/YYYY'), 2, 1, 27);
insert into docente (id, nome, dt_inicio, id_cargo, id_titulo, id_area) values (39, 'stephanny conceição farias do egito costa', to_date('06/01/2003', 'DD/MM/YYYY'), 2, 4, 27);
insert into docente (id, nome, dt_inicio, id_cargo, id_titulo, id_area) values (40, 'thayse gama de carvalho', to_date('22/10/2005', 'DD/MM/YYYY'), 2, 4, 27);
insert into docente (id, nome, dt_inicio, id_cargo, id_titulo, id_area) values (41, 'adi neves rocha', to_date('10/06/2005', 'DD/MM/YYYY'), 2, 4, 28);
insert into docente (id, nome, dt_inicio, id_cargo, id_titulo, id_area) values (42, 'adjeferson custódio gomes', to_date('23/05/2003', 'DD/MM/YYYY'), 1, 1, 28);
insert into docente (id, nome, dt_inicio, id_cargo, id_titulo, id_area) values (43, 'clécio ribeiro cosenza', to_date('09/02/2007', 'DD/MM/YYYY'), 4, 4, 28);
insert into docente (id, nome, dt_inicio, id_cargo, id_titulo, id_area) values (44, 'fábio alexandre martins monteiro', to_date('04/02/2008', 'DD/MM/YYYY'), 2, 4, 28);
insert into docente (id, nome, dt_inicio, id_cargo, id_titulo, id_area) values (45, 'igor ferreira do prado', to_date('04/02/2002', 'DD/MM/YYYY'), 2, 4, 28);
insert into docente (id, nome, dt_inicio, id_cargo, id_titulo, id_area) values (46, 'lucas sampaio garcia', to_date('04/06/2004', 'DD/MM/YYYY'), 1, 1, 28);
insert into docente (id, nome, dt_inicio, id_cargo, id_titulo, id_area) values (47, 'maruedson pires martins', to_date('18/11/2005', 'DD/MM/YYYY'), 5, 1, 28);
insert into docente (id, nome, dt_inicio, id_cargo, id_titulo, id_area) values (48, 'matheus garcia soares', to_date('10/10/1998', 'DD/MM/YYYY'), 1, 1, 28);
insert into docente (id, nome, dt_inicio, id_cargo, id_titulo, id_area) values (49, 'rafael rodrigues de queiroz freitas', to_date('18/09/2006', 'DD/MM/YYYY'), 1, 1, 28);
insert into docente (id, nome, dt_inicio, id_cargo, id_titulo, id_area) values (50, 'thiago correia vieira', to_date('09/06/2004', 'DD/MM/YYYY'), 1, 1, 28);
insert into docente (id, nome, dt_inicio, id_cargo, id_titulo, id_area) values (51, 'thiago pereira das chagas', to_date('12/01/2013', 'DD/MM/YYYY'), 7, 1, 28);
insert into docente (id, nome, dt_inicio, id_cargo, id_titulo, id_area) values (52, 'andré luis vinagre pereira', to_date('04/11/2006', 'DD/MM/YYYY'), 2, 4, 29);
insert into docente (id, nome, dt_inicio, id_cargo, id_titulo, id_area) values (53, 'danilo maciel barquete', to_date('01/03/2006', 'DD/MM/YYYY'), 5, 1, 29);
insert into docente (id, nome, dt_inicio, id_cargo, id_titulo, id_area) values (54, 'erickson fabiano moura sousa silva', to_date('16/11/2008', 'DD/MM/YYYY'), 2, 4, 29);
insert into docente (id, nome, dt_inicio, id_cargo, id_titulo, id_area) values (55, 'fernando da silva oliveira', to_date('02/02/2000', 'DD/MM/YYYY'), 4, 3, 29);
insert into docente (id, nome, dt_inicio, id_cargo, id_titulo, id_area) values (56, 'josé carlos de camargo', to_date('07/11/2010', 'DD/MM/YYYY'), 1, 1, 29);
insert into docente (id, nome, dt_inicio, id_cargo, id_titulo, id_area) values (57, 'leonardo iusuti de medeiros', to_date('22/10/2003', 'DD/MM/YYYY'), 2, 4, 29);
insert into docente (id, nome, dt_inicio, id_cargo, id_titulo, id_area) values (58, 'nila cecilia de faria lopes medeiros', to_date('08/02/2012', 'DD/MM/YYYY'), 2, 4, 29);
insert into docente (id, nome, dt_inicio, id_cargo, id_titulo, id_area) values (59, 'renato reis monteiro', to_date('01/06/2008', 'DD/MM/YYYY'), 7, 1, 29);
insert into docente (id, nome, dt_inicio, id_cargo, id_titulo, id_area) values (60, 'vaneide gomes', to_date('04/02/1997', 'DD/MM/YYYY'), 1, 1, 29);
insert into docente (id, nome, dt_inicio, id_cargo, id_titulo, id_area) values (61, 'victor hugo martins de almeida ', to_date('09/08/1999', 'DD/MM/YYYY'), 2, 4, 29);
insert into docente (id, nome, dt_inicio, id_cargo, id_titulo, id_area) values (62, 'érica cristina almeida', to_date('26/07/2013', 'DD/MM/YYYY'), 7, 1, 29);
insert into docente (id, nome, dt_inicio, id_cargo, id_titulo, id_area) values (63, 'alex vinícius souza araújo', to_date('11/09/1997', 'DD/MM/YYYY'), 4, 4, 30);
insert into docente (id, nome, dt_inicio, id_cargo, id_titulo, id_area) values (64, 'alexandre do nascimento silva', to_date('17/09/2002', 'DD/MM/YYYY'), 2, 1, 30);
insert into docente (id, nome, dt_inicio, id_cargo, id_titulo, id_area) values (65, 'aline patricia mano', to_date('21/03/2010', 'DD/MM/YYYY'), 1, 1, 30);
insert into docente (id, nome, dt_inicio, id_cargo, id_titulo, id_area) values (66, 'enio antunes rezende', to_date('27/12/1997', 'DD/MM/YYYY'), 7, 1, 30);
insert into docente (id, nome, dt_inicio, id_cargo, id_titulo, id_area) values (67, 'fabiano rodrigues soriano', to_date('15/05/2005', 'DD/MM/YYYY'), 1, 1, 30);
insert into docente (id, nome, dt_inicio, id_cargo, id_titulo, id_area) values (68, 'felipe ungarato ferreira', to_date('24/11/2000', 'DD/MM/YYYY'), 2, 4, 30);
insert into docente (id, nome, dt_inicio, id_cargo, id_titulo, id_area) values (69, 'joão pedro de castro nunes pereira', to_date('14/09/2007', 'DD/MM/YYYY'), 5, 1, 30);
insert into docente (id, nome, dt_inicio, id_cargo, id_titulo, id_area) values (70, 'juliano zaffalon gerber', to_date('14/07/1998', 'DD/MM/YYYY'), 1, 1, 30);
insert into docente (id, nome, dt_inicio, id_cargo, id_titulo, id_area) values (71, 'priscila pereira suzart de carvalho', to_date('25/11/1999', 'DD/MM/YYYY'), 2, 1, 30);
insert into docente (id, nome, dt_inicio, id_cargo, id_titulo, id_area) values (72, 'sara meira moutta', to_date('26/09/2013', 'DD/MM/YYYY'), 2, 4, 30);
insert into docente (id, nome, dt_inicio, id_cargo, id_titulo, id_area) values (73, 'tarcilla silva dos santos', to_date('15/01/2010', 'DD/MM/YYYY'), 6, 4, 30);
insert into docente (id, nome, dt_inicio, id_cargo, id_titulo, id_area) values (74, 'thiago francisco de souza', to_date('04/01/2007', 'DD/MM/YYYY'), 2, 4, 30);
insert into docente (id, nome, dt_inicio, id_cargo, id_titulo, id_area) values (75, 'celso carlino maria fornari júnior', to_date('28/01/2009', 'DD/MM/YYYY'), 5, 1, 31);
insert into docente (id, nome, dt_inicio, id_cargo, id_titulo, id_area) values (76, 'claudia renata borges', to_date('11/07/2000', 'DD/MM/YYYY'), 1, 1, 31);
insert into docente (id, nome, dt_inicio, id_cargo, id_titulo, id_area) values (77, 'elilton rodrigues edwards', to_date('12/04/2003', 'DD/MM/YYYY'), 7, 1, 31);
insert into docente (id, nome, dt_inicio, id_cargo, id_titulo, id_area) values (78, 'elizama aguiar de oliveira', to_date('15/11/2005', 'DD/MM/YYYY'), 1, 1, 31);
insert into docente (id, nome, dt_inicio, id_cargo, id_titulo, id_area) values (79, 'franco dani rico amado', to_date('25/04/2004', 'DD/MM/YYYY'), 5, 1, 31);
insert into docente (id, nome, dt_inicio, id_cargo, id_titulo, id_area) values (80, 'geovana pires araujo lima', to_date('12/09/2000', 'DD/MM/YYYY'), 4, 4, 31);
insert into docente (id, nome, dt_inicio, id_cargo, id_titulo, id_area) values (81, 'janclei pereira coutinho', to_date('24/03/2004', 'DD/MM/YYYY'), 1, 1, 31);
insert into docente (id, nome, dt_inicio, id_cargo, id_titulo, id_area) values (82, 'jéssica barbosa da silva do nascimento', to_date('23/01/2010', 'DD/MM/YYYY'), 2, 4, 31);
insert into docente (id, nome, dt_inicio, id_cargo, id_titulo, id_area) values (83, 'mauro de paula moreira', to_date('15/03/2005', 'DD/MM/YYYY'), 7, 1, 31);
insert into docente (id, nome, dt_inicio, id_cargo, id_titulo, id_area) values (84, 'márcio barbalho dantas bezerra', to_date('07/05/2013', 'DD/MM/YYYY'), 2, 1, 31);
insert into docente (id, nome, dt_inicio, id_cargo, id_titulo, id_area) values (85, 'raimundo alves lima sobrinho', to_date('07/07/2000', 'DD/MM/YYYY'), 2, 1, 31);
insert into docente (id, nome, dt_inicio, id_cargo, id_titulo, id_area) values (86, 'tatiane benvenuti', to_date('11/01/1998', 'DD/MM/YYYY'), 8, 1, 31);
insert into docente (id, nome, dt_inicio, id_cargo, id_titulo, id_area) values (87, 'vera rosa capelossi', to_date('16/02/2002', 'DD/MM/YYYY'), 7, 1, 31);
insert into docente (id, nome, dt_inicio, id_cargo, id_titulo, id_area) values (88, 'ana cristina schilling', to_date('05/10/1999', 'DD/MM/YYYY'), 7, 1, 32);
insert into docente (id, nome, dt_inicio, id_cargo, id_titulo, id_area) values (89, 'enio galinkin jelihovschi', to_date('18/09/2013', 'DD/MM/YYYY'), 5, 1, 32);
insert into docente (id, nome, dt_inicio, id_cargo, id_titulo, id_area) values (90, 'ivan bezerra allaman', to_date('22/02/2005', 'DD/MM/YYYY'), 1, 1, 32);
insert into docente (id, nome, dt_inicio, id_cargo, id_titulo, id_area) values (91, 'jaênes miranda alves', to_date('10/09/1997', 'DD/MM/YYYY'), 5, 1, 32);
insert into docente (id, nome, dt_inicio, id_cargo, id_titulo, id_area) values (92, 'josé cláudio faria', to_date('02/05/2010', 'DD/MM/YYYY'), 5, 1, 32);
insert into docente (id, nome, dt_inicio, id_cargo, id_titulo, id_area) values (93, 'luiz roberto martins pinto', to_date('06/11/2000', 'DD/MM/YYYY'), 5, 1, 32);
insert into docente (id, nome, dt_inicio, id_cargo, id_titulo, id_area) values (94, 'lígia lins souza', to_date('16/02/2003', 'DD/MM/YYYY'), 4, 1, 32);
insert into docente (id, nome, dt_inicio, id_cargo, id_titulo, id_area) values (95, 'marcelo inácio ferreira ferraz', to_date('13/11/2003', 'DD/MM/YYYY'), 7, 1, 32);
insert into docente (id, nome, dt_inicio, id_cargo, id_titulo, id_area) values (96, 'miguel antônio quinteiro ribeiro', to_date('09/10/2005', 'DD/MM/YYYY'), 1, 1, 32);
insert into docente (id, nome, dt_inicio, id_cargo, id_titulo, id_area) values (97, 'sérgio josé ribeiro de oliveira', to_date('24/08/2010', 'DD/MM/YYYY'), 1, 1, 32);
insert into docente (id, nome, dt_inicio, id_cargo, id_titulo, id_area) values (98, 'verônica yumi kataoka', to_date('23/12/2008', 'DD/MM/YYYY'), 7, 1, 32);
insert into docente (id, nome, dt_inicio, id_cargo, id_titulo, id_area) values (99, 'adriano hoth cerqueira', to_date('22/04/2000', 'DD/MM/YYYY'), 5, 1, 33);
insert into docente (id, nome, dt_inicio, id_cargo, id_titulo, id_area) values (100, 'adriano marcus stuchi', to_date('09/02/2011', 'DD/MM/YYYY'), 7, 1, 33);
insert into docente (id, nome, dt_inicio, id_cargo, id_titulo, id_area) values (101, 'agnes maria da fonseca fausto', to_date('08/04/2002', 'DD/MM/YYYY'), 1, 1, 33);
insert into docente (id, nome, dt_inicio, id_cargo, id_titulo, id_area) values (102, 'alejandra kandus', to_date('18/07/2004', 'DD/MM/YYYY'), 7, 1, 33);
insert into docente (id, nome, dt_inicio, id_cargo, id_titulo, id_area) values (103, 'alejandro javier dimarco', to_date('18/10/2007', 'DD/MM/YYYY'), 1, 1, 33);
insert into docente (id, nome, dt_inicio, id_cargo, id_titulo, id_area) values (104, 'alex dos santos miranda', to_date('18/11/2006', 'DD/MM/YYYY'), 1, 1, 33);
insert into docente (id, nome, dt_inicio, id_cargo, id_titulo, id_area) values (105, 'anderson william mol', to_date('14/09/2010', 'DD/MM/YYYY'), 7, 1, 33);
insert into docente (id, nome, dt_inicio, id_cargo, id_titulo, id_area) values (106, 'andré luís batista ribeiro', to_date('09/09/2011', 'DD/MM/YYYY'), 5, 1, 33);
insert into docente (id, nome, dt_inicio, id_cargo, id_titulo, id_area) values (107, 'andréa de azevedo morégula', to_date('23/09/2006', 'DD/MM/YYYY'), 7, 1, 33);
insert into docente (id, nome, dt_inicio, id_cargo, id_titulo, id_area) values (108, 'antônio edsom carvalho filho', to_date('25/04/1998', 'DD/MM/YYYY'), 2, 4, 33);
insert into docente (id, nome, dt_inicio, id_cargo, id_titulo, id_area) values (109, 'antônio jamil mania', to_date('05/02/2012', 'DD/MM/YYYY'), 5, 1, 33);
insert into docente (id, nome, dt_inicio, id_cargo, id_titulo, id_area) values (110, 'arturo rodolfo samana', to_date('21/11/1997', 'DD/MM/YYYY'), 1, 1, 33);
insert into docente (id, nome, dt_inicio, id_cargo, id_titulo, id_area) values (111, 'décio tosta de santana', to_date('13/03/2009', 'DD/MM/YYYY'), 2, 2, 33);
insert into docente (id, nome, dt_inicio, id_cargo, id_titulo, id_area) values (112, 'fabiane alexsandra andrade de jesus', to_date('25/11/1997', 'DD/MM/YYYY'), 1, 1, 33);
insert into docente (id, nome, dt_inicio, id_cargo, id_titulo, id_area) values (113, 'fermin de la caridad garcia velasco', to_date('17/07/2004', 'DD/MM/YYYY'), 5, 1, 33);
insert into docente (id, nome, dt_inicio, id_cargo, id_titulo, id_area) values (114, 'fernando remigio tamariz luna', to_date('26/06/2008', 'DD/MM/YYYY'), 1, 1, 33);
insert into docente (id, nome, dt_inicio, id_cargo, id_titulo, id_area) values (115, 'george kouzo shinomiya', to_date('24/08/2007', 'DD/MM/YYYY'), 7, 1, 33);
insert into docente (id, nome, dt_inicio, id_cargo, id_titulo, id_area) values (116, 'henri michel pierre plana', to_date('24/09/2011', 'DD/MM/YYYY'), 5, 1, 33);
insert into docente (id, nome, dt_inicio, id_cargo, id_titulo, id_area) values (117, 'josé geraldo gonçalves de oliveira', to_date('18/05/2006', 'DD/MM/YYYY'), 7, 1, 33);
insert into docente (id, nome, dt_inicio, id_cargo, id_titulo, id_area) values (118, 'jules batista soares', to_date('01/05/2009', 'DD/MM/YYYY'), 1, 1, 33);
insert into docente (id, nome, dt_inicio, id_cargo, id_titulo, id_area) values (119, 'leandro de oliveira kerber', to_date('18/03/2001', 'DD/MM/YYYY'), 7, 1, 33);
insert into docente (id, nome, dt_inicio, id_cargo, id_titulo, id_area) values (120, 'marcelo bento pisani', to_date('07/08/2005', 'DD/MM/YYYY'), 1, 1, 33);
insert into docente (id, nome, dt_inicio, id_cargo, id_titulo, id_area) values (121, 'marcelo o''donnell krause', to_date('07/04/2002', 'DD/MM/YYYY'), 4, 4, 33);
insert into docente (id, nome, dt_inicio, id_cargo, id_titulo, id_area) values (122, 'maria jaqueline vasconcelos', to_date('23/04/1997', 'DD/MM/YYYY'), 7, 1, 33);
insert into docente (id, nome, dt_inicio, id_cargo, id_titulo, id_area) values (123, 'maxwell roger da purificação siqueira', to_date('18/12/2009', 'DD/MM/YYYY'), 7, 1, 33);
insert into docente (id, nome, dt_inicio, id_cargo, id_titulo, id_area) values (124, 'michel felipe lima de araújo', to_date('21/01/2012', 'DD/MM/YYYY'), 6, 1, 33);
insert into docente (id, nome, dt_inicio, id_cargo, id_titulo, id_area) values (125, 'orlando josé katime santrich', to_date('28/11/2007', 'DD/MM/YYYY'), 8, 1, 33);
insert into docente (id, nome, dt_inicio, id_cargo, id_titulo, id_area) values (126, 'roger magalhães da silva', to_date('20/07/2004', 'DD/MM/YYYY'), 2, 4, 33);
insert into docente (id, nome, dt_inicio, id_cargo, id_titulo, id_area) values (127, 'simoni tormohlen gehlen', to_date('21/10/2011', 'DD/MM/YYYY'), 1, 1, 33);
insert into docente (id, nome, dt_inicio, id_cargo, id_titulo, id_area) values (128, 'zolacir trindade de oliveira junior', to_date('13/02/1998', 'DD/MM/YYYY'), 7, 1, 33);
insert into docente (id, nome, dt_inicio, id_cargo, id_titulo, id_area) values (129, 'afonso henriques', to_date('03/03/2002', 'DD/MM/YYYY'), 5, 1, 34);
insert into docente (id, nome, dt_inicio, id_cargo, id_titulo, id_area) values (130, 'aida carvalho vita', to_date('03/07/2011', 'DD/MM/YYYY'), 7, 1, 34);
insert into docente (id, nome, dt_inicio, id_cargo, id_titulo, id_area) values (131, 'andré malvezzi lopes', to_date('22/02/2002', 'DD/MM/YYYY'), 2, 4, 34);
insert into docente (id, nome, dt_inicio, id_cargo, id_titulo, id_area) values (132, 'calixto john silva viana', to_date('05/09/1998', 'DD/MM/YYYY'), 3, 2, 34);
insert into docente (id, nome, dt_inicio, id_cargo, id_titulo, id_area) values (133, 'carlos luide bião dos reis', to_date('16/12/2009', 'DD/MM/YYYY'), 2, 4, 34);
insert into docente (id, nome, dt_inicio, id_cargo, id_titulo, id_area) values (134, 'claudemir mota da cruz', to_date('03/12/2008', 'DD/MM/YYYY'), 2, 4, 34);
insert into docente (id, nome, dt_inicio, id_cargo, id_titulo, id_area) values (135, 'claudio soriano de souza brandão', to_date('24/02/2011', 'DD/MM/YYYY'), 1, 1, 34);
insert into docente (id, nome, dt_inicio, id_cargo, id_titulo, id_area) values (136, 'cláudia ribeiro santana', to_date('01/03/2002', 'DD/MM/YYYY'), 1, 1, 34);
insert into docente (id, nome, dt_inicio, id_cargo, id_titulo, id_area) values (137, 'cícero alfredo da silva filho', to_date('08/01/2007', 'DD/MM/YYYY'), 7, 1, 34);
insert into docente (id, nome, dt_inicio, id_cargo, id_titulo, id_area) values (138, 'diná da silva correia', to_date('18/07/2009', 'DD/MM/YYYY'), 1, 1, 34);
insert into docente (id, nome, dt_inicio, id_cargo, id_titulo, id_area) values (139, 'eduardo delcides bernardes', to_date('22/06/2011', 'DD/MM/YYYY'), 1, 1, 34);
insert into docente (id, nome, dt_inicio, id_cargo, id_titulo, id_area) values (140, 'eduardo santos de oliveira ', to_date('24/09/2013', 'DD/MM/YYYY'), 3, 2, 34);
insert into docente (id, nome, dt_inicio, id_cargo, id_titulo, id_area) values (141, 'eduardo silva palmeira ', to_date('10/03/2004', 'DD/MM/YYYY'), 7, 1, 34);
insert into docente (id, nome, dt_inicio, id_cargo, id_titulo, id_area) values (142, 'elisângela silva farias', to_date('18/06/2011', 'DD/MM/YYYY'), 2, 4, 34);
insert into docente (id, nome, dt_inicio, id_cargo, id_titulo, id_area) values (143, 'eurivalda ribeiro dos santos santana', to_date('22/12/2005', 'DD/MM/YYYY'), 5, 1, 34);
insert into docente (id, nome, dt_inicio, id_cargo, id_titulo, id_area) values (144, 'fernanda gonçalves de paula', to_date('15/08/2005', 'DD/MM/YYYY'), 7, 1, 34);
insert into docente (id, nome, dt_inicio, id_cargo, id_titulo, id_area) values (145, 'flaviana dos santos silva', to_date('21/11/1998', 'DD/MM/YYYY'), 1, 1, 34);
insert into docente (id, nome, dt_inicio, id_cargo, id_titulo, id_area) values (146, 'geizane lima da silva', to_date('08/07/2006', 'DD/MM/YYYY'), 1, 1, 34);
insert into docente (id, nome, dt_inicio, id_cargo, id_titulo, id_area) values (147, 'geraldo de assis júnior', to_date('23/07/2007', 'DD/MM/YYYY'), 1, 1, 34);
insert into docente (id, nome, dt_inicio, id_cargo, id_titulo, id_area) values (148, 'german ignácio gomero ferrer', to_date('27/05/2000', 'DD/MM/YYYY'), 1, 1, 34);
insert into docente (id, nome, dt_inicio, id_cargo, id_titulo, id_area) values (149, 'gesil sampaio amarante segundo', to_date('25/06/2013', 'DD/MM/YYYY'), 7, 1, 34);
insert into docente (id, nome, dt_inicio, id_cargo, id_titulo, id_area) values (150, 'gildson queiroz de jesus ', to_date('07/03/2010', 'DD/MM/YYYY'), 7, 1, 34);
insert into docente (id, nome, dt_inicio, id_cargo, id_titulo, id_area) values (151, 'jorge henrique de oliveira sales', to_date('17/08/2013', 'DD/MM/YYYY'), 7, 1, 34);
insert into docente (id, nome, dt_inicio, id_cargo, id_titulo, id_area) values (152, 'josé carlos chagas', to_date('09/07/2005', 'DD/MM/YYYY'), 3, 2, 34);
insert into docente (id, nome, dt_inicio, id_cargo, id_titulo, id_area) values (153, 'josé valter alves da silva', to_date('16/04/2006', 'DD/MM/YYYY'), 2, 4, 34);
insert into docente (id, nome, dt_inicio, id_cargo, id_titulo, id_area) values (154, 'jurema lindote botelho peixoto', to_date('23/11/2006', 'DD/MM/YYYY'), 1, 1, 34);
insert into docente (id, nome, dt_inicio, id_cargo, id_titulo, id_area) values (155, 'karina kfouri sartori', to_date('26/06/1997', 'DD/MM/YYYY'), 1, 1, 34);
insert into docente (id, nome, dt_inicio, id_cargo, id_titulo, id_area) values (156, 'larissa brito de oliveira', to_date('28/09/2011', 'DD/MM/YYYY'), 2, 4, 34);
insert into docente (id, nome, dt_inicio, id_cargo, id_titulo, id_area) values (157, 'larissa pinca sarro gomes', to_date('17/11/2002', 'DD/MM/YYYY'), 1, 1, 34);
insert into docente (id, nome, dt_inicio, id_cargo, id_titulo, id_area) values (158, 'liliane xavier neves', to_date('12/02/1999', 'DD/MM/YYYY'), 1, 1, 34);
insert into docente (id, nome, dt_inicio, id_cargo, id_titulo, id_area) values (159, 'luciana cláudia de paula', to_date('22/08/2013', 'DD/MM/YYYY'), 1, 1, 34);
insert into docente (id, nome, dt_inicio, id_cargo, id_titulo, id_area) values (160, 'marcos dos santos ferreira', to_date('03/11/2005', 'DD/MM/YYYY'), 1, 1, 34);
insert into docente (id, nome, dt_inicio, id_cargo, id_titulo, id_area) values (161, 'marcos rogério neves', to_date('22/11/2011', 'DD/MM/YYYY'), 1, 1, 34);
insert into docente (id, nome, dt_inicio, id_cargo, id_titulo, id_area) values (162, 'maria margarete do rosário farias', to_date('08/09/2011', 'DD/MM/YYYY'), 1, 1, 34);
insert into docente (id, nome, dt_inicio, id_cargo, id_titulo, id_area) values (163, 'marlúbia corrêa de paula', to_date('02/12/2002', 'DD/MM/YYYY'), 8, 1, 34);
insert into docente (id, nome, dt_inicio, id_cargo, id_titulo, id_area) values (164, 'mirela vanina de mello', to_date('11/02/2007', 'DD/MM/YYYY'), 7, 1, 34);
insert into docente (id, nome, dt_inicio, id_cargo, id_titulo, id_area) values (165, 'natália rocha pinheiro', to_date('01/12/1997', 'DD/MM/YYYY'), 2, 4, 34);
insert into docente (id, nome, dt_inicio, id_cargo, id_titulo, id_area) values (166, 'nestor felipe castañeda centurion', to_date('24/10/2007', 'DD/MM/YYYY'), 1, 1, 34);
insert into docente (id, nome, dt_inicio, id_cargo, id_titulo, id_area) values (167, 'paulo henrique galão', to_date('02/03/2010', 'DD/MM/YYYY'), 2, 4, 34);
insert into docente (id, nome, dt_inicio, id_cargo, id_titulo, id_area) values (168, 'paulo sérgio da silva', to_date('19/05/1998', 'DD/MM/YYYY'), 2, 4, 34);
insert into docente (id, nome, dt_inicio, id_cargo, id_titulo, id_area) values (169, 'pryscilla dos santos ferreira silva', to_date('19/09/1998', 'DD/MM/YYYY'), 1, 1, 34);
insert into docente (id, nome, dt_inicio, id_cargo, id_titulo, id_area) values (170, 'ricardo martin bentin zacarias', to_date('11/08/2013', 'DD/MM/YYYY'), 1, 1, 34);
insert into docente (id, nome, dt_inicio, id_cargo, id_titulo, id_area) values (171, 'romenique da rocha silva', to_date('08/05/2007', 'DD/MM/YYYY'), 1, 1, 34);
insert into docente (id, nome, dt_inicio, id_cargo, id_titulo, id_area) values (172, 'rosane leite funato', to_date('23/10/2004', 'DD/MM/YYYY'), 2, 4, 34);
insert into docente (id, nome, dt_inicio, id_cargo, id_titulo, id_area) values (173, 'sandra maria pinto magina', to_date('27/11/2005', 'DD/MM/YYYY'), 1, 1, 34);
insert into docente (id, nome, dt_inicio, id_cargo, id_titulo, id_area) values (174, 'sérgio alvarez araujo correia', to_date('04/03/1999', 'DD/MM/YYYY'), 2, 1, 34);
insert into docente (id, nome, dt_inicio, id_cargo, id_titulo, id_area) values (175, 'vera lúcia merlini', to_date('18/01/2012', 'DD/MM/YYYY'), 1, 1, 34);
insert into docente (id, nome, dt_inicio, id_cargo, id_titulo, id_area) values (176, 'vinicius augusto takahashi arakawa', to_date('24/12/1998', 'DD/MM/YYYY'), 7, 1, 34);
insert into docente (id, nome, dt_inicio, id_cargo, id_titulo, id_area) values (177, 'weslem liberato silva', to_date('14/11/2011', 'DD/MM/YYYY'), 7, 1, 34);
insert into docente (id, nome, dt_inicio, id_cargo, id_titulo, id_area) values (178, 'acácia gomes pinho', to_date('24/04/2005', 'DD/MM/YYYY'), 2, 4, 35);
insert into docente (id, nome, dt_inicio, id_cargo, id_titulo, id_area) values (179, 'andrei steveen moreno rodriguez', to_date('11/05/2000', 'DD/MM/YYYY'), 8, 1, 35);
insert into docente (id, nome, dt_inicio, id_cargo, id_titulo, id_area) values (180, 'andré gustavo de araújo fernandes', to_date('03/03/1998', 'DD/MM/YYYY'), 1, 1, 35);
insert into docente (id, nome, dt_inicio, id_cargo, id_titulo, id_area) values (181, 'antônio de santana santos', to_date('04/08/1998', 'DD/MM/YYYY'), 7, 1, 35);
insert into docente (id, nome, dt_inicio, id_cargo, id_titulo, id_area) values (182, 'carla fernanda fávaro', to_date('21/01/2005', 'DD/MM/YYYY'), 7, 1, 35);
insert into docente (id, nome, dt_inicio, id_cargo, id_titulo, id_area) values (183, 'cleyde corrêa roncarati', to_date('01/01/2002', 'DD/MM/YYYY'), 1, 1, 35);
insert into docente (id, nome, dt_inicio, id_cargo, id_titulo, id_area) values (184, 'daniel de castro lima', to_date('10/06/2008', 'DD/MM/YYYY'), 7, 1, 35);
insert into docente (id, nome, dt_inicio, id_cargo, id_titulo, id_area) values (185, 'elisa prestes massena', to_date('13/11/2011', 'DD/MM/YYYY'), 7, 1, 35);
insert into docente (id, nome, dt_inicio, id_cargo, id_titulo, id_area) values (186, 'erik galvão paranhos da silva', to_date('09/02/1998', 'DD/MM/YYYY'), 7, 1, 35);
insert into docente (id, nome, dt_inicio, id_cargo, id_titulo, id_area) values (187, 'fernando cesário rangel', to_date('06/05/2011', 'DD/MM/YYYY'), 1, 1, 35);
insert into docente (id, nome, dt_inicio, id_cargo, id_titulo, id_area) values (188, 'fernando faustino de oliveira', to_date('09/05/1998', 'DD/MM/YYYY'), 7, 1, 35);
insert into docente (id, nome, dt_inicio, id_cargo, id_titulo, id_area) values (189, 'fábio alan carqueija amorim', to_date('12/05/1997', 'DD/MM/YYYY'), 7, 1, 35);
insert into docente (id, nome, dt_inicio, id_cargo, id_titulo, id_area) values (190, 'indman ruana lima queiroz', to_date('25/04/2011', 'DD/MM/YYYY'), 2, 4, 35);
insert into docente (id, nome, dt_inicio, id_cargo, id_titulo, id_area) values (191, 'ivete maria dos santos', to_date('06/07/2003', 'DD/MM/YYYY'), 1, 4, 35);
insert into docente (id, nome, dt_inicio, id_cargo, id_titulo, id_area) values (192, 'ivon pinheiro lobo', to_date('27/06/2010', 'DD/MM/YYYY'), 1, 1, 35);
insert into docente (id, nome, dt_inicio, id_cargo, id_titulo, id_area) values (193, 'julieta rangel de oliveira', to_date('08/02/2007', 'DD/MM/YYYY'), 7, 1, 35);
insert into docente (id, nome, dt_inicio, id_cargo, id_titulo, id_area) values (194, 'luana novaes santos', to_date('21/01/2004', 'DD/MM/YYYY'), 7, 1, 35);
insert into docente (id, nome, dt_inicio, id_cargo, id_titulo, id_area) values (195, 'luiz carlos salay', to_date('27/12/1998', 'DD/MM/YYYY'), 7, 1, 35);
insert into docente (id, nome, dt_inicio, id_cargo, id_titulo, id_area) values (196, 'luiza renata félix de carvalho lima', to_date('27/12/2001', 'DD/MM/YYYY'), 2, 1, 35);
insert into docente (id, nome, dt_inicio, id_cargo, id_titulo, id_area) values (197, 'marcelo franco', to_date('05/07/1997', 'DD/MM/YYYY'), 5, 1, 35);
insert into docente (id, nome, dt_inicio, id_cargo, id_titulo, id_area) values (198, 'maria elvira do rego barros bello', to_date('13/05/2009', 'DD/MM/YYYY'), 1, 1, 35);
insert into docente (id, nome, dt_inicio, id_cargo, id_titulo, id_area) values (199, 'miriam sanae tokumoto', to_date('17/07/2002', 'DD/MM/YYYY'), 1, 1, 35);
insert into docente (id, nome, dt_inicio, id_cargo, id_titulo, id_area) values (200, 'márcio luís oliveira ferreira', to_date('15/04/2011', 'DD/MM/YYYY'), 7, 1, 35);
insert into docente (id, nome, dt_inicio, id_cargo, id_titulo, id_area) values (201, 'neurivaldo josé de guzzi filho', to_date('13/12/2010', 'DD/MM/YYYY'), 7, 1, 35);
insert into docente (id, nome, dt_inicio, id_cargo, id_titulo, id_area) values (202, 'paulo neilson marques dos anjos', to_date('07/02/2012', 'DD/MM/YYYY'), 7, 1, 35);
insert into docente (id, nome, dt_inicio, id_cargo, id_titulo, id_area) values (203, 'raildo mota de jesus', to_date('13/09/2009', 'DD/MM/YYYY'), 5, 1, 35);
insert into docente (id, nome, dt_inicio, id_cargo, id_titulo, id_area) values (204, 'roberto carlos felício', to_date('03/06/2005', 'DD/MM/YYYY'), 5, 1, 35);
insert into docente (id, nome, dt_inicio, id_cargo, id_titulo, id_area) values (205, 'rodrigo luis da silva ribeiro dos santos', to_date('04/07/2004', 'DD/MM/YYYY'), 7, 1, 35);
insert into docente (id, nome, dt_inicio, id_cargo, id_titulo, id_area) values (206, 'rosenira serpa da cruz', to_date('18/10/2000', 'DD/MM/YYYY'), 5, 1, 35);
insert into docente (id, nome, dt_inicio, id_cargo, id_titulo, id_area) values (207, 'rosilene aparecida de oliveira', to_date('24/04/1998', 'DD/MM/YYYY'), 5, 1, 35);
insert into docente (id, nome, dt_inicio, id_cargo, id_titulo, id_area) values (208, 'tânia maria de brito', to_date('20/09/2004', 'DD/MM/YYYY'), 7, 1, 35);
insert into turma (id, turma, id_disciplina, id_semestre, id_curso, id_tipo_aula) values (1, 'T1', 421, 4, 4, 1);
insert into turma (id, turma, id_disciplina, id_semestre, id_curso, id_tipo_aula) values (2, 'T1', 421, 4, 4, 2);
insert into turma (id, turma, id_disciplina, id_semestre, id_curso, id_tipo_aula) values (3, 'T2', 421, 4, 4, 1);
insert into turma (id, turma, id_disciplina, id_semestre, id_curso, id_tipo_aula) values (4, 'T2', 421, 4, 4, 2);
insert into turma (id, turma, id_disciplina, id_semestre, id_curso, id_tipo_aula) values (5, 'T1', 421, 5, 4, 1);
insert into turma (id, turma, id_disciplina, id_semestre, id_curso, id_tipo_aula) values (6, 'T1', 421, 5, 4, 2);
insert into turma (id, turma, id_disciplina, id_semestre, id_curso, id_tipo_aula) values (7, 'T2', 421, 5, 4, 1);
insert into turma (id, turma, id_disciplina, id_semestre, id_curso, id_tipo_aula) values (8, 'T2', 421, 5, 4, 2);
insert into turma (id, turma, id_disciplina, id_semestre, id_curso, id_tipo_aula) values (9, 'T1', 421, 6, 4, 1);
insert into turma (id, turma, id_disciplina, id_semestre, id_curso, id_tipo_aula) values (10, 'T1', 421, 6, 4, 2);
insert into turma (id, turma, id_disciplina, id_semestre, id_curso, id_tipo_aula) values (11, 'T2', 421, 6, 4, 1);
insert into turma (id, turma, id_disciplina, id_semestre, id_curso, id_tipo_aula) values (12, 'T2', 421, 6, 4, 2);
insert into turma (id, turma, id_disciplina, id_semestre, id_curso, id_tipo_aula) values (13, 'T1', 421, 7, 4, 1);
insert into turma (id, turma, id_disciplina, id_semestre, id_curso, id_tipo_aula) values (14, 'T1', 421, 7, 4, 2);
insert into turma (id, turma, id_disciplina, id_semestre, id_curso, id_tipo_aula) values (15, 'T2', 421, 7, 4, 1);
insert into turma (id, turma, id_disciplina, id_semestre, id_curso, id_tipo_aula) values (16, 'T2', 421, 7, 4, 2);
insert into turma (id, turma, id_disciplina, id_semestre, id_curso, id_tipo_aula) values (17, 'T1', 421, 8, 4, 1);
insert into turma (id, turma, id_disciplina, id_semestre, id_curso, id_tipo_aula) values (18, 'T1', 421, 8, 4, 2);
insert into turma (id, turma, id_disciplina, id_semestre, id_curso, id_tipo_aula) values (19, 'T2', 421, 8, 4, 1);
insert into turma (id, turma, id_disciplina, id_semestre, id_curso, id_tipo_aula) values (20, 'T2', 421, 8, 4, 2);
insert into turma (id, turma, id_disciplina, id_semestre, id_curso, id_tipo_aula) values (21, 'T1', 428, 4, 4, 1);
insert into turma (id, turma, id_disciplina, id_semestre, id_curso, id_tipo_aula) values (22, 'T1', 428, 4, 4, 2);
insert into turma (id, turma, id_disciplina, id_semestre, id_curso, id_tipo_aula) values (23, 'T2', 428, 4, 4, 1);
insert into turma (id, turma, id_disciplina, id_semestre, id_curso, id_tipo_aula) values (24, 'T2', 428, 4, 4, 2);
insert into turma (id, turma, id_disciplina, id_semestre, id_curso, id_tipo_aula) values (25, 'T1', 428, 5, 4, 1);
insert into turma (id, turma, id_disciplina, id_semestre, id_curso, id_tipo_aula) values (26, 'T1', 428, 5, 4, 2);
insert into turma (id, turma, id_disciplina, id_semestre, id_curso, id_tipo_aula) values (27, 'T2', 428, 5, 4, 1);
insert into turma (id, turma, id_disciplina, id_semestre, id_curso, id_tipo_aula) values (28, 'T2', 428, 5, 4, 2);
insert into turma (id, turma, id_disciplina, id_semestre, id_curso, id_tipo_aula) values (29, 'T1', 428, 6, 4, 1);
insert into turma (id, turma, id_disciplina, id_semestre, id_curso, id_tipo_aula) values (30, 'T1', 428, 6, 4, 2);
insert into turma (id, turma, id_disciplina, id_semestre, id_curso, id_tipo_aula) values (31, 'T2', 428, 6, 4, 1);
insert into turma (id, turma, id_disciplina, id_semestre, id_curso, id_tipo_aula) values (32, 'T2', 428, 6, 4, 2);
insert into turma (id, turma, id_disciplina, id_semestre, id_curso, id_tipo_aula) values (33, 'T1', 428, 7, 4, 1);
insert into turma (id, turma, id_disciplina, id_semestre, id_curso, id_tipo_aula) values (34, 'T1', 428, 7, 4, 2);
insert into turma (id, turma, id_disciplina, id_semestre, id_curso, id_tipo_aula) values (35, 'T2', 428, 7, 4, 1);
insert into turma (id, turma, id_disciplina, id_semestre, id_curso, id_tipo_aula) values (36, 'T2', 428, 7, 4, 2);
insert into turma (id, turma, id_disciplina, id_semestre, id_curso, id_tipo_aula) values (37, 'T1', 428, 8, 4, 1);
insert into turma (id, turma, id_disciplina, id_semestre, id_curso, id_tipo_aula) values (38, 'T1', 428, 8, 4, 2);
insert into turma (id, turma, id_disciplina, id_semestre, id_curso, id_tipo_aula) values (39, 'T2', 428, 8, 4, 1);
insert into turma (id, turma, id_disciplina, id_semestre, id_curso, id_tipo_aula) values (40, 'T2', 428, 8, 4, 2);
insert into turma (id, turma, id_disciplina, id_semestre, id_curso, id_tipo_aula) values (41, 'T1', 524, 4, 4, 1);
insert into turma (id, turma, id_disciplina, id_semestre, id_curso, id_tipo_aula) values (42, 'T1', 524, 4, 4, 2);
insert into turma (id, turma, id_disciplina, id_semestre, id_curso, id_tipo_aula) values (43, 'T1', 524, 5, 4, 1);
insert into turma (id, turma, id_disciplina, id_semestre, id_curso, id_tipo_aula) values (44, 'T1', 524, 5, 4, 2);
insert into turma (id, turma, id_disciplina, id_semestre, id_curso, id_tipo_aula) values (45, 'T1', 524, 6, 4, 1);
insert into turma (id, turma, id_disciplina, id_semestre, id_curso, id_tipo_aula) values (46, 'T1', 524, 6, 4, 2);
insert into turma (id, turma, id_disciplina, id_semestre, id_curso, id_tipo_aula) values (47, 'T1', 524, 7, 4, 1);
insert into turma (id, turma, id_disciplina, id_semestre, id_curso, id_tipo_aula) values (48, 'T1', 524, 7, 4, 2);
insert into turma (id, turma, id_disciplina, id_semestre, id_curso, id_tipo_aula) values (49, 'T1', 524, 8, 4, 1);
insert into turma (id, turma, id_disciplina, id_semestre, id_curso, id_tipo_aula) values (50, 'T1', 524, 8, 4, 2);
insert into turma (id, turma, id_disciplina, id_semestre, id_curso, id_tipo_aula) values (51, 'T1', 525, 4, 4, 1);
insert into turma (id, turma, id_disciplina, id_semestre, id_curso, id_tipo_aula) values (52, 'T1', 525, 4, 4, 2);
insert into turma (id, turma, id_disciplina, id_semestre, id_curso, id_tipo_aula) values (53, 'T2', 525, 4, 4, 1);
insert into turma (id, turma, id_disciplina, id_semestre, id_curso, id_tipo_aula) values (54, 'T2', 525, 4, 4, 2);
insert into turma (id, turma, id_disciplina, id_semestre, id_curso, id_tipo_aula) values (55, 'T1', 525, 5, 4, 1);
insert into turma (id, turma, id_disciplina, id_semestre, id_curso, id_tipo_aula) values (56, 'T1', 525, 5, 4, 2);
insert into turma (id, turma, id_disciplina, id_semestre, id_curso, id_tipo_aula) values (57, 'T2', 525, 5, 4, 1);
insert into turma (id, turma, id_disciplina, id_semestre, id_curso, id_tipo_aula) values (58, 'T2', 525, 5, 4, 2);
insert into turma (id, turma, id_disciplina, id_semestre, id_curso, id_tipo_aula) values (59, 'T1', 525, 6, 4, 1);
insert into turma (id, turma, id_disciplina, id_semestre, id_curso, id_tipo_aula) values (60, 'T1', 525, 6, 4, 2);
insert into turma (id, turma, id_disciplina, id_semestre, id_curso, id_tipo_aula) values (61, 'T2', 525, 6, 4, 1);
insert into turma (id, turma, id_disciplina, id_semestre, id_curso, id_tipo_aula) values (62, 'T2', 525, 6, 4, 2);
insert into turma (id, turma, id_disciplina, id_semestre, id_curso, id_tipo_aula) values (63, 'T1', 525, 7, 4, 1);
insert into turma (id, turma, id_disciplina, id_semestre, id_curso, id_tipo_aula) values (64, 'T1', 525, 7, 4, 2);
insert into turma (id, turma, id_disciplina, id_semestre, id_curso, id_tipo_aula) values (65, 'T2', 525, 7, 4, 1);
insert into turma (id, turma, id_disciplina, id_semestre, id_curso, id_tipo_aula) values (66, 'T2', 525, 7, 4, 2);
insert into turma (id, turma, id_disciplina, id_semestre, id_curso, id_tipo_aula) values (67, 'T1', 525, 8, 4, 1);
insert into turma (id, turma, id_disciplina, id_semestre, id_curso, id_tipo_aula) values (68, 'T1', 525, 8, 4, 2);
insert into turma (id, turma, id_disciplina, id_semestre, id_curso, id_tipo_aula) values (69, 'T2', 525, 8, 4, 1);
insert into turma (id, turma, id_disciplina, id_semestre, id_curso, id_tipo_aula) values (70, 'T2', 525, 8, 4, 2);
insert into turma (id, turma, id_disciplina, id_semestre, id_curso, id_tipo_aula) values (71, 'T1', 526, 4, 4, 1);
insert into turma (id, turma, id_disciplina, id_semestre, id_curso, id_tipo_aula) values (72, 'T1', 526, 4, 4, 2);
insert into turma (id, turma, id_disciplina, id_semestre, id_curso, id_tipo_aula) values (73, 'T1', 526, 5, 4, 1);
insert into turma (id, turma, id_disciplina, id_semestre, id_curso, id_tipo_aula) values (74, 'T1', 526, 5, 4, 2);
insert into turma (id, turma, id_disciplina, id_semestre, id_curso, id_tipo_aula) values (75, 'T1', 526, 6, 4, 1);
insert into turma (id, turma, id_disciplina, id_semestre, id_curso, id_tipo_aula) values (76, 'T1', 526, 6, 4, 2);
insert into turma (id, turma, id_disciplina, id_semestre, id_curso, id_tipo_aula) values (77, 'T1', 526, 7, 4, 1);
insert into turma (id, turma, id_disciplina, id_semestre, id_curso, id_tipo_aula) values (78, 'T1', 526, 7, 4, 2);
insert into turma (id, turma, id_disciplina, id_semestre, id_curso, id_tipo_aula) values (79, 'T1', 526, 8, 4, 1);
insert into turma (id, turma, id_disciplina, id_semestre, id_curso, id_tipo_aula) values (80, 'T1', 526, 8, 4, 2);
insert into turma (id, turma, id_disciplina, id_semestre, id_curso, id_tipo_aula) values (81, 'T1', 527, 4, 4, 1);
insert into turma (id, turma, id_disciplina, id_semestre, id_curso, id_tipo_aula) values (82, 'T1', 527, 4, 4, 2);
insert into turma (id, turma, id_disciplina, id_semestre, id_curso, id_tipo_aula) values (83, 'T1', 527, 5, 4, 1);
insert into turma (id, turma, id_disciplina, id_semestre, id_curso, id_tipo_aula) values (84, 'T1', 527, 5, 4, 2);
insert into turma (id, turma, id_disciplina, id_semestre, id_curso, id_tipo_aula) values (85, 'T1', 527, 6, 4, 1);
insert into turma (id, turma, id_disciplina, id_semestre, id_curso, id_tipo_aula) values (86, 'T1', 527, 6, 4, 2);
insert into turma (id, turma, id_disciplina, id_semestre, id_curso, id_tipo_aula) values (87, 'T1', 527, 7, 4, 1);
insert into turma (id, turma, id_disciplina, id_semestre, id_curso, id_tipo_aula) values (88, 'T1', 527, 7, 4, 2);
insert into turma (id, turma, id_disciplina, id_semestre, id_curso, id_tipo_aula) values (89, 'T1', 527, 8, 4, 1);
insert into turma (id, turma, id_disciplina, id_semestre, id_curso, id_tipo_aula) values (90, 'T1', 527, 8, 4, 2);
insert into turma (id, turma, id_disciplina, id_semestre, id_curso, id_tipo_aula) values (91, 'T1', 529, 4, 4, 1);
insert into turma (id, turma, id_disciplina, id_semestre, id_curso, id_tipo_aula) values (92, 'T1', 529, 4, 4, 2);
insert into turma (id, turma, id_disciplina, id_semestre, id_curso, id_tipo_aula) values (93, 'T1', 529, 5, 4, 1);
insert into turma (id, turma, id_disciplina, id_semestre, id_curso, id_tipo_aula) values (94, 'T1', 529, 5, 4, 2);
insert into turma (id, turma, id_disciplina, id_semestre, id_curso, id_tipo_aula) values (95, 'T1', 529, 6, 4, 1);
insert into turma (id, turma, id_disciplina, id_semestre, id_curso, id_tipo_aula) values (96, 'T1', 529, 6, 4, 2);
insert into turma (id, turma, id_disciplina, id_semestre, id_curso, id_tipo_aula) values (97, 'T1', 529, 7, 4, 1);
insert into turma (id, turma, id_disciplina, id_semestre, id_curso, id_tipo_aula) values (98, 'T1', 529, 7, 4, 2);
insert into turma (id, turma, id_disciplina, id_semestre, id_curso, id_tipo_aula) values (99, 'T1', 529, 8, 4, 1);
insert into turma (id, turma, id_disciplina, id_semestre, id_curso, id_tipo_aula) values (100, 'T1', 529, 8, 4, 2);
insert into turma (id, turma, id_disciplina, id_semestre, id_curso, id_tipo_aula) values (101, 'T1', 530, 4, 4, 1);
insert into turma (id, turma, id_disciplina, id_semestre, id_curso, id_tipo_aula) values (102, 'T1', 530, 4, 4, 2);
insert into turma (id, turma, id_disciplina, id_semestre, id_curso, id_tipo_aula) values (103, 'T1', 530, 5, 4, 1);
insert into turma (id, turma, id_disciplina, id_semestre, id_curso, id_tipo_aula) values (104, 'T1', 530, 5, 4, 2);
insert into turma (id, turma, id_disciplina, id_semestre, id_curso, id_tipo_aula) values (105, 'T1', 530, 6, 4, 1);
insert into turma (id, turma, id_disciplina, id_semestre, id_curso, id_tipo_aula) values (106, 'T1', 530, 6, 4, 2);
insert into turma (id, turma, id_disciplina, id_semestre, id_curso, id_tipo_aula) values (107, 'T1', 530, 7, 4, 1);
insert into turma (id, turma, id_disciplina, id_semestre, id_curso, id_tipo_aula) values (108, 'T1', 530, 7, 4, 2);
insert into turma (id, turma, id_disciplina, id_semestre, id_curso, id_tipo_aula) values (109, 'T1', 530, 8, 4, 1);
insert into turma (id, turma, id_disciplina, id_semestre, id_curso, id_tipo_aula) values (110, 'T1', 530, 8, 4, 2);
insert into turma (id, turma, id_disciplina, id_semestre, id_curso, id_tipo_aula) values (111, 'T1', 532, 4, 4, 1);
insert into turma (id, turma, id_disciplina, id_semestre, id_curso, id_tipo_aula) values (112, 'T1', 532, 4, 4, 2);
insert into turma (id, turma, id_disciplina, id_semestre, id_curso, id_tipo_aula) values (113, 'T1', 532, 5, 4, 1);
insert into turma (id, turma, id_disciplina, id_semestre, id_curso, id_tipo_aula) values (114, 'T1', 532, 5, 4, 2);
insert into turma (id, turma, id_disciplina, id_semestre, id_curso, id_tipo_aula) values (115, 'T1', 532, 6, 4, 1);
insert into turma (id, turma, id_disciplina, id_semestre, id_curso, id_tipo_aula) values (116, 'T1', 532, 6, 4, 2);
insert into turma (id, turma, id_disciplina, id_semestre, id_curso, id_tipo_aula) values (117, 'T1', 532, 7, 4, 1);
insert into turma (id, turma, id_disciplina, id_semestre, id_curso, id_tipo_aula) values (118, 'T1', 532, 7, 4, 2);
insert into turma (id, turma, id_disciplina, id_semestre, id_curso, id_tipo_aula) values (119, 'T1', 532, 8, 4, 1);
insert into turma (id, turma, id_disciplina, id_semestre, id_curso, id_tipo_aula) values (120, 'T1', 532, 8, 4, 2);
insert into turma (id, turma, id_disciplina, id_semestre, id_curso, id_tipo_aula) values (121, 'T1', 533, 4, 4, 1);
insert into turma (id, turma, id_disciplina, id_semestre, id_curso, id_tipo_aula) values (122, 'T1', 533, 4, 4, 2);
insert into turma (id, turma, id_disciplina, id_semestre, id_curso, id_tipo_aula) values (123, 'T1', 533, 5, 4, 1);
insert into turma (id, turma, id_disciplina, id_semestre, id_curso, id_tipo_aula) values (124, 'T1', 533, 5, 4, 2);
insert into turma (id, turma, id_disciplina, id_semestre, id_curso, id_tipo_aula) values (125, 'T1', 533, 6, 4, 1);
insert into turma (id, turma, id_disciplina, id_semestre, id_curso, id_tipo_aula) values (126, 'T1', 533, 6, 4, 2);
insert into turma (id, turma, id_disciplina, id_semestre, id_curso, id_tipo_aula) values (127, 'T1', 533, 7, 4, 1);
insert into turma (id, turma, id_disciplina, id_semestre, id_curso, id_tipo_aula) values (128, 'T1', 533, 7, 4, 2);
insert into turma (id, turma, id_disciplina, id_semestre, id_curso, id_tipo_aula) values (129, 'T1', 533, 8, 4, 1);
insert into turma (id, turma, id_disciplina, id_semestre, id_curso, id_tipo_aula) values (130, 'T1', 533, 8, 4, 2);
insert into turma (id, turma, id_disciplina, id_semestre, id_curso, id_tipo_aula) values (131, 'T1', 535, 4, 4, 1);
insert into turma (id, turma, id_disciplina, id_semestre, id_curso, id_tipo_aula) values (132, 'T1', 535, 4, 4, 2);
insert into turma (id, turma, id_disciplina, id_semestre, id_curso, id_tipo_aula) values (133, 'T1', 535, 5, 4, 1);
insert into turma (id, turma, id_disciplina, id_semestre, id_curso, id_tipo_aula) values (134, 'T1', 535, 5, 4, 2);
insert into turma (id, turma, id_disciplina, id_semestre, id_curso, id_tipo_aula) values (135, 'T1', 535, 6, 4, 1);
insert into turma (id, turma, id_disciplina, id_semestre, id_curso, id_tipo_aula) values (136, 'T1', 535, 6, 4, 2);
insert into turma (id, turma, id_disciplina, id_semestre, id_curso, id_tipo_aula) values (137, 'T1', 535, 7, 4, 1);
insert into turma (id, turma, id_disciplina, id_semestre, id_curso, id_tipo_aula) values (138, 'T1', 535, 7, 4, 2);
insert into turma (id, turma, id_disciplina, id_semestre, id_curso, id_tipo_aula) values (139, 'T1', 535, 8, 4, 1);
insert into turma (id, turma, id_disciplina, id_semestre, id_curso, id_tipo_aula) values (140, 'T1', 535, 8, 4, 2);
insert into turma (id, turma, id_disciplina, id_semestre, id_curso, id_tipo_aula) values (141, 'T1', 537, 4, 4, 1);
insert into turma (id, turma, id_disciplina, id_semestre, id_curso, id_tipo_aula) values (142, 'T1', 537, 4, 4, 2);
insert into turma (id, turma, id_disciplina, id_semestre, id_curso, id_tipo_aula) values (143, 'T1', 537, 5, 4, 1);
insert into turma (id, turma, id_disciplina, id_semestre, id_curso, id_tipo_aula) values (144, 'T1', 537, 5, 4, 2);
insert into turma (id, turma, id_disciplina, id_semestre, id_curso, id_tipo_aula) values (145, 'T1', 537, 6, 4, 1);
insert into turma (id, turma, id_disciplina, id_semestre, id_curso, id_tipo_aula) values (146, 'T1', 537, 6, 4, 2);
insert into turma (id, turma, id_disciplina, id_semestre, id_curso, id_tipo_aula) values (147, 'T1', 537, 7, 4, 1);
insert into turma (id, turma, id_disciplina, id_semestre, id_curso, id_tipo_aula) values (148, 'T1', 537, 7, 4, 2);
insert into turma (id, turma, id_disciplina, id_semestre, id_curso, id_tipo_aula) values (149, 'T1', 537, 8, 4, 1);
insert into turma (id, turma, id_disciplina, id_semestre, id_curso, id_tipo_aula) values (150, 'T1', 537, 8, 4, 2);
insert into turma (id, turma, id_disciplina, id_semestre, id_curso, id_tipo_aula) values (151, 'T1', 539, 4, 4, 1);
insert into turma (id, turma, id_disciplina, id_semestre, id_curso, id_tipo_aula) values (152, 'T1', 539, 4, 4, 2);
insert into turma (id, turma, id_disciplina, id_semestre, id_curso, id_tipo_aula) values (153, 'T1', 539, 5, 4, 1);
insert into turma (id, turma, id_disciplina, id_semestre, id_curso, id_tipo_aula) values (154, 'T1', 539, 5, 4, 2);
insert into turma (id, turma, id_disciplina, id_semestre, id_curso, id_tipo_aula) values (155, 'T1', 539, 6, 4, 1);
insert into turma (id, turma, id_disciplina, id_semestre, id_curso, id_tipo_aula) values (156, 'T1', 539, 6, 4, 2);
insert into turma (id, turma, id_disciplina, id_semestre, id_curso, id_tipo_aula) values (157, 'T1', 539, 7, 4, 1);
insert into turma (id, turma, id_disciplina, id_semestre, id_curso, id_tipo_aula) values (158, 'T1', 539, 7, 4, 2);
insert into turma (id, turma, id_disciplina, id_semestre, id_curso, id_tipo_aula) values (159, 'T1', 539, 8, 4, 1);
insert into turma (id, turma, id_disciplina, id_semestre, id_curso, id_tipo_aula) values (160, 'T1', 539, 8, 4, 2);
insert into turma (id, turma, id_disciplina, id_semestre, id_curso, id_tipo_aula) values (161, 'T1', 542, 4, 4, 1);
insert into turma (id, turma, id_disciplina, id_semestre, id_curso, id_tipo_aula) values (162, 'T1', 542, 4, 4, 2);
insert into turma (id, turma, id_disciplina, id_semestre, id_curso, id_tipo_aula) values (163, 'T2', 542, 4, 4, 1);
insert into turma (id, turma, id_disciplina, id_semestre, id_curso, id_tipo_aula) values (164, 'T2', 542, 4, 4, 2);
insert into turma (id, turma, id_disciplina, id_semestre, id_curso, id_tipo_aula) values (165, 'T1', 542, 5, 4, 1);
insert into turma (id, turma, id_disciplina, id_semestre, id_curso, id_tipo_aula) values (166, 'T1', 542, 5, 4, 2);
insert into turma (id, turma, id_disciplina, id_semestre, id_curso, id_tipo_aula) values (167, 'T2', 542, 5, 4, 1);
insert into turma (id, turma, id_disciplina, id_semestre, id_curso, id_tipo_aula) values (168, 'T2', 542, 5, 4, 2);
insert into turma (id, turma, id_disciplina, id_semestre, id_curso, id_tipo_aula) values (169, 'T1', 542, 6, 4, 1);
insert into turma (id, turma, id_disciplina, id_semestre, id_curso, id_tipo_aula) values (170, 'T1', 542, 6, 4, 2);
insert into turma (id, turma, id_disciplina, id_semestre, id_curso, id_tipo_aula) values (171, 'T2', 542, 6, 4, 1);
insert into turma (id, turma, id_disciplina, id_semestre, id_curso, id_tipo_aula) values (172, 'T2', 542, 6, 4, 2);
insert into turma (id, turma, id_disciplina, id_semestre, id_curso, id_tipo_aula) values (173, 'T1', 542, 7, 4, 1);
insert into turma (id, turma, id_disciplina, id_semestre, id_curso, id_tipo_aula) values (174, 'T1', 542, 7, 4, 2);
insert into turma (id, turma, id_disciplina, id_semestre, id_curso, id_tipo_aula) values (175, 'T2', 542, 7, 4, 1);
insert into turma (id, turma, id_disciplina, id_semestre, id_curso, id_tipo_aula) values (176, 'T2', 542, 7, 4, 2);
insert into turma (id, turma, id_disciplina, id_semestre, id_curso, id_tipo_aula) values (177, 'T1', 542, 8, 4, 1);
insert into turma (id, turma, id_disciplina, id_semestre, id_curso, id_tipo_aula) values (178, 'T1', 542, 8, 4, 2);
insert into turma (id, turma, id_disciplina, id_semestre, id_curso, id_tipo_aula) values (179, 'T2', 542, 8, 4, 1);
insert into turma (id, turma, id_disciplina, id_semestre, id_curso, id_tipo_aula) values (180, 'T2', 542, 8, 4, 2);
insert into turma (id, turma, id_disciplina, id_semestre, id_curso, id_tipo_aula) values (181, 'T1', 543, 4, 4, 1);
insert into turma (id, turma, id_disciplina, id_semestre, id_curso, id_tipo_aula) values (182, 'T1', 543, 4, 4, 2);
insert into turma (id, turma, id_disciplina, id_semestre, id_curso, id_tipo_aula) values (183, 'T1', 543, 5, 4, 1);
insert into turma (id, turma, id_disciplina, id_semestre, id_curso, id_tipo_aula) values (184, 'T1', 543, 5, 4, 2);
insert into turma (id, turma, id_disciplina, id_semestre, id_curso, id_tipo_aula) values (185, 'T1', 543, 6, 4, 1);
insert into turma (id, turma, id_disciplina, id_semestre, id_curso, id_tipo_aula) values (186, 'T1', 543, 6, 4, 2);
insert into turma (id, turma, id_disciplina, id_semestre, id_curso, id_tipo_aula) values (187, 'T1', 543, 7, 4, 1);
insert into turma (id, turma, id_disciplina, id_semestre, id_curso, id_tipo_aula) values (188, 'T1', 543, 7, 4, 2);
insert into turma (id, turma, id_disciplina, id_semestre, id_curso, id_tipo_aula) values (189, 'T1', 543, 8, 4, 1);
insert into turma (id, turma, id_disciplina, id_semestre, id_curso, id_tipo_aula) values (190, 'T1', 543, 8, 4, 2);
insert into turma (id, turma, id_disciplina, id_semestre, id_curso, id_tipo_aula) values (191, 'T1', 544, 4, 4, 1);
insert into turma (id, turma, id_disciplina, id_semestre, id_curso, id_tipo_aula) values (192, 'T1', 544, 4, 4, 2);
insert into turma (id, turma, id_disciplina, id_semestre, id_curso, id_tipo_aula) values (193, 'T1', 544, 5, 4, 1);
insert into turma (id, turma, id_disciplina, id_semestre, id_curso, id_tipo_aula) values (194, 'T1', 544, 5, 4, 2);
insert into turma (id, turma, id_disciplina, id_semestre, id_curso, id_tipo_aula) values (195, 'T1', 544, 6, 4, 1);
insert into turma (id, turma, id_disciplina, id_semestre, id_curso, id_tipo_aula) values (196, 'T1', 544, 6, 4, 2);
insert into turma (id, turma, id_disciplina, id_semestre, id_curso, id_tipo_aula) values (197, 'T1', 544, 7, 4, 1);
insert into turma (id, turma, id_disciplina, id_semestre, id_curso, id_tipo_aula) values (198, 'T1', 544, 7, 4, 2);
insert into turma (id, turma, id_disciplina, id_semestre, id_curso, id_tipo_aula) values (199, 'T1', 544, 8, 4, 1);
insert into turma (id, turma, id_disciplina, id_semestre, id_curso, id_tipo_aula) values (200, 'T1', 544, 8, 4, 2);
insert into turma (id, turma, id_disciplina, id_semestre, id_curso, id_tipo_aula) values (201, 'T1', 545, 4, 4, 1);
insert into turma (id, turma, id_disciplina, id_semestre, id_curso, id_tipo_aula) values (202, 'T1', 545, 4, 4, 2);
insert into turma (id, turma, id_disciplina, id_semestre, id_curso, id_tipo_aula) values (203, 'T2', 545, 4, 4, 1);
insert into turma (id, turma, id_disciplina, id_semestre, id_curso, id_tipo_aula) values (204, 'T2', 545, 4, 4, 2);
insert into turma (id, turma, id_disciplina, id_semestre, id_curso, id_tipo_aula) values (205, 'T1', 545, 5, 4, 1);
insert into turma (id, turma, id_disciplina, id_semestre, id_curso, id_tipo_aula) values (206, 'T1', 545, 5, 4, 2);
insert into turma (id, turma, id_disciplina, id_semestre, id_curso, id_tipo_aula) values (207, 'T2', 545, 5, 4, 1);
insert into turma (id, turma, id_disciplina, id_semestre, id_curso, id_tipo_aula) values (208, 'T2', 545, 5, 4, 2);
insert into turma (id, turma, id_disciplina, id_semestre, id_curso, id_tipo_aula) values (209, 'T1', 545, 6, 4, 1);
insert into turma (id, turma, id_disciplina, id_semestre, id_curso, id_tipo_aula) values (210, 'T1', 545, 6, 4, 2);
insert into turma (id, turma, id_disciplina, id_semestre, id_curso, id_tipo_aula) values (211, 'T2', 545, 6, 4, 1);
insert into turma (id, turma, id_disciplina, id_semestre, id_curso, id_tipo_aula) values (212, 'T2', 545, 6, 4, 2);
insert into turma (id, turma, id_disciplina, id_semestre, id_curso, id_tipo_aula) values (213, 'T1', 545, 7, 4, 1);
insert into turma (id, turma, id_disciplina, id_semestre, id_curso, id_tipo_aula) values (214, 'T1', 545, 7, 4, 2);
insert into turma (id, turma, id_disciplina, id_semestre, id_curso, id_tipo_aula) values (215, 'T2', 545, 7, 4, 1);
insert into turma (id, turma, id_disciplina, id_semestre, id_curso, id_tipo_aula) values (216, 'T2', 545, 7, 4, 2);
insert into turma (id, turma, id_disciplina, id_semestre, id_curso, id_tipo_aula) values (217, 'T1', 545, 8, 4, 1);
insert into turma (id, turma, id_disciplina, id_semestre, id_curso, id_tipo_aula) values (218, 'T1', 545, 8, 4, 2);
insert into turma (id, turma, id_disciplina, id_semestre, id_curso, id_tipo_aula) values (219, 'T2', 545, 8, 4, 1);
insert into turma (id, turma, id_disciplina, id_semestre, id_curso, id_tipo_aula) values (220, 'T2', 545, 8, 4, 2);
insert into turma (id, turma, id_disciplina, id_semestre, id_curso, id_tipo_aula) values (221, 'T1', 546, 4, 4, 1);
insert into turma (id, turma, id_disciplina, id_semestre, id_curso, id_tipo_aula) values (222, 'T1', 546, 4, 4, 2);
insert into turma (id, turma, id_disciplina, id_semestre, id_curso, id_tipo_aula) values (223, 'T2', 546, 4, 4, 1);
insert into turma (id, turma, id_disciplina, id_semestre, id_curso, id_tipo_aula) values (224, 'T2', 546, 4, 4, 2);
insert into turma (id, turma, id_disciplina, id_semestre, id_curso, id_tipo_aula) values (225, 'T1', 546, 5, 4, 1);
insert into turma (id, turma, id_disciplina, id_semestre, id_curso, id_tipo_aula) values (226, 'T1', 546, 5, 4, 2);
insert into turma (id, turma, id_disciplina, id_semestre, id_curso, id_tipo_aula) values (227, 'T2', 546, 5, 4, 1);
insert into turma (id, turma, id_disciplina, id_semestre, id_curso, id_tipo_aula) values (228, 'T2', 546, 5, 4, 2);
insert into turma (id, turma, id_disciplina, id_semestre, id_curso, id_tipo_aula) values (229, 'T1', 546, 6, 4, 1);
insert into turma (id, turma, id_disciplina, id_semestre, id_curso, id_tipo_aula) values (230, 'T1', 546, 6, 4, 2);
insert into turma (id, turma, id_disciplina, id_semestre, id_curso, id_tipo_aula) values (231, 'T2', 546, 6, 4, 1);
insert into turma (id, turma, id_disciplina, id_semestre, id_curso, id_tipo_aula) values (232, 'T2', 546, 6, 4, 2);
insert into turma (id, turma, id_disciplina, id_semestre, id_curso, id_tipo_aula) values (233, 'T1', 546, 7, 4, 1);
insert into turma (id, turma, id_disciplina, id_semestre, id_curso, id_tipo_aula) values (234, 'T1', 546, 7, 4, 2);
insert into turma (id, turma, id_disciplina, id_semestre, id_curso, id_tipo_aula) values (235, 'T2', 546, 7, 4, 1);
insert into turma (id, turma, id_disciplina, id_semestre, id_curso, id_tipo_aula) values (236, 'T2', 546, 7, 4, 2);
insert into turma (id, turma, id_disciplina, id_semestre, id_curso, id_tipo_aula) values (237, 'T1', 546, 8, 4, 1);
insert into turma (id, turma, id_disciplina, id_semestre, id_curso, id_tipo_aula) values (238, 'T1', 546, 8, 4, 2);
insert into turma (id, turma, id_disciplina, id_semestre, id_curso, id_tipo_aula) values (239, 'T2', 546, 8, 4, 1);
insert into turma (id, turma, id_disciplina, id_semestre, id_curso, id_tipo_aula) values (240, 'T2', 546, 8, 4, 2);
insert into turma (id, turma, id_disciplina, id_semestre, id_curso, id_tipo_aula) values (241, 'T1', 547, 4, 4, 1);
insert into turma (id, turma, id_disciplina, id_semestre, id_curso, id_tipo_aula) values (242, 'T1', 547, 4, 4, 2);
insert into turma (id, turma, id_disciplina, id_semestre, id_curso, id_tipo_aula) values (243, 'T1', 547, 5, 4, 1);
insert into turma (id, turma, id_disciplina, id_semestre, id_curso, id_tipo_aula) values (244, 'T1', 547, 5, 4, 2);
insert into turma (id, turma, id_disciplina, id_semestre, id_curso, id_tipo_aula) values (245, 'T1', 547, 6, 4, 1);
insert into turma (id, turma, id_disciplina, id_semestre, id_curso, id_tipo_aula) values (246, 'T1', 547, 6, 4, 2);
insert into turma (id, turma, id_disciplina, id_semestre, id_curso, id_tipo_aula) values (247, 'T1', 547, 7, 4, 1);
insert into turma (id, turma, id_disciplina, id_semestre, id_curso, id_tipo_aula) values (248, 'T1', 547, 7, 4, 2);
insert into turma (id, turma, id_disciplina, id_semestre, id_curso, id_tipo_aula) values (249, 'T1', 547, 8, 4, 1);
insert into turma (id, turma, id_disciplina, id_semestre, id_curso, id_tipo_aula) values (250, 'T1', 547, 8, 4, 2);
insert into turma (id, turma, id_disciplina, id_semestre, id_curso, id_tipo_aula) values (251, 'T1', 548, 4, 4, 1);
insert into turma (id, turma, id_disciplina, id_semestre, id_curso, id_tipo_aula) values (252, 'T1', 548, 4, 4, 2);
insert into turma (id, turma, id_disciplina, id_semestre, id_curso, id_tipo_aula) values (253, 'T2', 548, 4, 4, 1);
insert into turma (id, turma, id_disciplina, id_semestre, id_curso, id_tipo_aula) values (254, 'T2', 548, 4, 4, 2);
insert into turma (id, turma, id_disciplina, id_semestre, id_curso, id_tipo_aula) values (255, 'T1', 548, 5, 4, 1);
insert into turma (id, turma, id_disciplina, id_semestre, id_curso, id_tipo_aula) values (256, 'T1', 548, 5, 4, 2);
insert into turma (id, turma, id_disciplina, id_semestre, id_curso, id_tipo_aula) values (257, 'T2', 548, 5, 4, 1);
insert into turma (id, turma, id_disciplina, id_semestre, id_curso, id_tipo_aula) values (258, 'T2', 548, 5, 4, 2);
insert into turma (id, turma, id_disciplina, id_semestre, id_curso, id_tipo_aula) values (259, 'T1', 548, 6, 4, 1);
insert into turma (id, turma, id_disciplina, id_semestre, id_curso, id_tipo_aula) values (260, 'T1', 548, 6, 4, 2);
insert into turma (id, turma, id_disciplina, id_semestre, id_curso, id_tipo_aula) values (261, 'T2', 548, 6, 4, 1);
insert into turma (id, turma, id_disciplina, id_semestre, id_curso, id_tipo_aula) values (262, 'T2', 548, 6, 4, 2);
insert into turma (id, turma, id_disciplina, id_semestre, id_curso, id_tipo_aula) values (263, 'T1', 548, 7, 4, 1);
insert into turma (id, turma, id_disciplina, id_semestre, id_curso, id_tipo_aula) values (264, 'T1', 548, 7, 4, 2);
insert into turma (id, turma, id_disciplina, id_semestre, id_curso, id_tipo_aula) values (265, 'T2', 548, 7, 4, 1);
insert into turma (id, turma, id_disciplina, id_semestre, id_curso, id_tipo_aula) values (266, 'T2', 548, 7, 4, 2);
insert into turma (id, turma, id_disciplina, id_semestre, id_curso, id_tipo_aula) values (267, 'T1', 548, 8, 4, 1);
insert into turma (id, turma, id_disciplina, id_semestre, id_curso, id_tipo_aula) values (268, 'T1', 548, 8, 4, 2);
insert into turma (id, turma, id_disciplina, id_semestre, id_curso, id_tipo_aula) values (269, 'T2', 548, 8, 4, 1);
insert into turma (id, turma, id_disciplina, id_semestre, id_curso, id_tipo_aula) values (270, 'T2', 548, 8, 4, 2);
insert into turma (id, turma, id_disciplina, id_semestre, id_curso, id_tipo_aula) values (271, 'T1', 549, 4, 4, 1);
insert into turma (id, turma, id_disciplina, id_semestre, id_curso, id_tipo_aula) values (272, 'T1', 549, 4, 4, 2);
insert into turma (id, turma, id_disciplina, id_semestre, id_curso, id_tipo_aula) values (273, 'T1', 549, 5, 4, 1);
insert into turma (id, turma, id_disciplina, id_semestre, id_curso, id_tipo_aula) values (274, 'T1', 549, 5, 4, 2);
insert into turma (id, turma, id_disciplina, id_semestre, id_curso, id_tipo_aula) values (275, 'T1', 549, 6, 4, 1);
insert into turma (id, turma, id_disciplina, id_semestre, id_curso, id_tipo_aula) values (276, 'T1', 549, 6, 4, 2);
insert into turma (id, turma, id_disciplina, id_semestre, id_curso, id_tipo_aula) values (277, 'T1', 549, 7, 4, 1);
insert into turma (id, turma, id_disciplina, id_semestre, id_curso, id_tipo_aula) values (278, 'T1', 549, 7, 4, 2);
insert into turma (id, turma, id_disciplina, id_semestre, id_curso, id_tipo_aula) values (279, 'T1', 549, 8, 4, 1);
insert into turma (id, turma, id_disciplina, id_semestre, id_curso, id_tipo_aula) values (280, 'T1', 549, 8, 4, 2);
insert into turma (id, turma, id_disciplina, id_semestre, id_curso, id_tipo_aula) values (281, 'T1', 550, 4, 4, 1);
insert into turma (id, turma, id_disciplina, id_semestre, id_curso, id_tipo_aula) values (282, 'T1', 550, 4, 4, 2);
insert into turma (id, turma, id_disciplina, id_semestre, id_curso, id_tipo_aula) values (283, 'T1', 550, 5, 4, 1);
insert into turma (id, turma, id_disciplina, id_semestre, id_curso, id_tipo_aula) values (284, 'T1', 550, 5, 4, 2);
insert into turma (id, turma, id_disciplina, id_semestre, id_curso, id_tipo_aula) values (285, 'T1', 550, 6, 4, 1);
insert into turma (id, turma, id_disciplina, id_semestre, id_curso, id_tipo_aula) values (286, 'T1', 550, 6, 4, 2);
insert into turma (id, turma, id_disciplina, id_semestre, id_curso, id_tipo_aula) values (287, 'T1', 550, 7, 4, 1);
insert into turma (id, turma, id_disciplina, id_semestre, id_curso, id_tipo_aula) values (288, 'T1', 550, 7, 4, 2);
insert into turma (id, turma, id_disciplina, id_semestre, id_curso, id_tipo_aula) values (289, 'T1', 550, 8, 4, 1);
insert into turma (id, turma, id_disciplina, id_semestre, id_curso, id_tipo_aula) values (290, 'T1', 550, 8, 4, 2);
insert into turma (id, turma, id_disciplina, id_semestre, id_curso, id_tipo_aula) values (291, 'T1', 551, 4, 4, 1);
insert into turma (id, turma, id_disciplina, id_semestre, id_curso, id_tipo_aula) values (292, 'T1', 551, 4, 4, 2);
insert into turma (id, turma, id_disciplina, id_semestre, id_curso, id_tipo_aula) values (293, 'T1', 551, 5, 4, 1);
insert into turma (id, turma, id_disciplina, id_semestre, id_curso, id_tipo_aula) values (294, 'T1', 551, 5, 4, 2);
insert into turma (id, turma, id_disciplina, id_semestre, id_curso, id_tipo_aula) values (295, 'T1', 551, 6, 4, 1);
insert into turma (id, turma, id_disciplina, id_semestre, id_curso, id_tipo_aula) values (296, 'T1', 551, 6, 4, 2);
insert into turma (id, turma, id_disciplina, id_semestre, id_curso, id_tipo_aula) values (297, 'T1', 551, 7, 4, 1);
insert into turma (id, turma, id_disciplina, id_semestre, id_curso, id_tipo_aula) values (298, 'T1', 551, 7, 4, 2);
insert into turma (id, turma, id_disciplina, id_semestre, id_curso, id_tipo_aula) values (299, 'T1', 551, 8, 4, 1);
insert into turma (id, turma, id_disciplina, id_semestre, id_curso, id_tipo_aula) values (300, 'T1', 551, 8, 4, 2);
insert into turma (id, turma, id_disciplina, id_semestre, id_curso, id_tipo_aula) values (301, 'T1', 552, 4, 4, 1);
insert into turma (id, turma, id_disciplina, id_semestre, id_curso, id_tipo_aula) values (302, 'T1', 552, 4, 4, 2);
insert into turma (id, turma, id_disciplina, id_semestre, id_curso, id_tipo_aula) values (303, 'T2', 552, 4, 4, 1);
insert into turma (id, turma, id_disciplina, id_semestre, id_curso, id_tipo_aula) values (304, 'T2', 552, 4, 4, 2);
insert into turma (id, turma, id_disciplina, id_semestre, id_curso, id_tipo_aula) values (305, 'T1', 552, 5, 4, 1);
insert into turma (id, turma, id_disciplina, id_semestre, id_curso, id_tipo_aula) values (306, 'T1', 552, 5, 4, 2);
insert into turma (id, turma, id_disciplina, id_semestre, id_curso, id_tipo_aula) values (307, 'T2', 552, 5, 4, 1);
insert into turma (id, turma, id_disciplina, id_semestre, id_curso, id_tipo_aula) values (308, 'T2', 552, 5, 4, 2);
insert into turma (id, turma, id_disciplina, id_semestre, id_curso, id_tipo_aula) values (309, 'T1', 552, 6, 4, 1);
insert into turma (id, turma, id_disciplina, id_semestre, id_curso, id_tipo_aula) values (310, 'T1', 552, 6, 4, 2);
insert into turma (id, turma, id_disciplina, id_semestre, id_curso, id_tipo_aula) values (311, 'T2', 552, 6, 4, 1);
insert into turma (id, turma, id_disciplina, id_semestre, id_curso, id_tipo_aula) values (312, 'T2', 552, 6, 4, 2);
insert into turma (id, turma, id_disciplina, id_semestre, id_curso, id_tipo_aula) values (313, 'T1', 552, 7, 4, 1);
insert into turma (id, turma, id_disciplina, id_semestre, id_curso, id_tipo_aula) values (314, 'T1', 552, 7, 4, 2);
insert into turma (id, turma, id_disciplina, id_semestre, id_curso, id_tipo_aula) values (315, 'T2', 552, 7, 4, 1);
insert into turma (id, turma, id_disciplina, id_semestre, id_curso, id_tipo_aula) values (316, 'T2', 552, 7, 4, 2);
insert into turma (id, turma, id_disciplina, id_semestre, id_curso, id_tipo_aula) values (317, 'T1', 552, 8, 4, 1);
insert into turma (id, turma, id_disciplina, id_semestre, id_curso, id_tipo_aula) values (318, 'T1', 552, 8, 4, 2);
insert into turma (id, turma, id_disciplina, id_semestre, id_curso, id_tipo_aula) values (319, 'T2', 552, 8, 4, 1);
insert into turma (id, turma, id_disciplina, id_semestre, id_curso, id_tipo_aula) values (320, 'T2', 552, 8, 4, 2);
insert into turma (id, turma, id_disciplina, id_semestre, id_curso, id_tipo_aula) values (321, 'T1', 555, 4, 4, 1);
insert into turma (id, turma, id_disciplina, id_semestre, id_curso, id_tipo_aula) values (322, 'T1', 555, 4, 4, 2);
insert into turma (id, turma, id_disciplina, id_semestre, id_curso, id_tipo_aula) values (323, 'T2', 555, 4, 4, 1);
insert into turma (id, turma, id_disciplina, id_semestre, id_curso, id_tipo_aula) values (324, 'T2', 555, 4, 4, 2);
insert into turma (id, turma, id_disciplina, id_semestre, id_curso, id_tipo_aula) values (325, 'T1', 555, 5, 4, 1);
insert into turma (id, turma, id_disciplina, id_semestre, id_curso, id_tipo_aula) values (326, 'T1', 555, 5, 4, 2);
insert into turma (id, turma, id_disciplina, id_semestre, id_curso, id_tipo_aula) values (327, 'T2', 555, 5, 4, 1);
insert into turma (id, turma, id_disciplina, id_semestre, id_curso, id_tipo_aula) values (328, 'T2', 555, 5, 4, 2);
insert into turma (id, turma, id_disciplina, id_semestre, id_curso, id_tipo_aula) values (329, 'T1', 555, 6, 4, 1);
insert into turma (id, turma, id_disciplina, id_semestre, id_curso, id_tipo_aula) values (330, 'T1', 555, 6, 4, 2);
insert into turma (id, turma, id_disciplina, id_semestre, id_curso, id_tipo_aula) values (331, 'T2', 555, 6, 4, 1);
insert into turma (id, turma, id_disciplina, id_semestre, id_curso, id_tipo_aula) values (332, 'T2', 555, 6, 4, 2);
insert into turma (id, turma, id_disciplina, id_semestre, id_curso, id_tipo_aula) values (333, 'T1', 555, 7, 4, 1);
insert into turma (id, turma, id_disciplina, id_semestre, id_curso, id_tipo_aula) values (334, 'T1', 555, 7, 4, 2);
insert into turma (id, turma, id_disciplina, id_semestre, id_curso, id_tipo_aula) values (335, 'T2', 555, 7, 4, 1);
insert into turma (id, turma, id_disciplina, id_semestre, id_curso, id_tipo_aula) values (336, 'T2', 555, 7, 4, 2);
insert into turma (id, turma, id_disciplina, id_semestre, id_curso, id_tipo_aula) values (337, 'T1', 555, 8, 4, 1);
insert into turma (id, turma, id_disciplina, id_semestre, id_curso, id_tipo_aula) values (338, 'T1', 555, 8, 4, 2);
insert into turma (id, turma, id_disciplina, id_semestre, id_curso, id_tipo_aula) values (339, 'T2', 555, 8, 4, 1);
insert into turma (id, turma, id_disciplina, id_semestre, id_curso, id_tipo_aula) values (340, 'T2', 555, 8, 4, 2);
insert into turma (id, turma, id_disciplina, id_semestre, id_curso, id_tipo_aula) values (341, 'T1', 556, 4, 4, 1);
insert into turma (id, turma, id_disciplina, id_semestre, id_curso, id_tipo_aula) values (342, 'T1', 556, 4, 4, 2);
insert into turma (id, turma, id_disciplina, id_semestre, id_curso, id_tipo_aula) values (343, 'T2', 556, 4, 4, 1);
insert into turma (id, turma, id_disciplina, id_semestre, id_curso, id_tipo_aula) values (344, 'T2', 556, 4, 4, 2);
insert into turma (id, turma, id_disciplina, id_semestre, id_curso, id_tipo_aula) values (345, 'T1', 556, 5, 4, 1);
insert into turma (id, turma, id_disciplina, id_semestre, id_curso, id_tipo_aula) values (346, 'T1', 556, 5, 4, 2);
insert into turma (id, turma, id_disciplina, id_semestre, id_curso, id_tipo_aula) values (347, 'T2', 556, 5, 4, 1);
insert into turma (id, turma, id_disciplina, id_semestre, id_curso, id_tipo_aula) values (348, 'T2', 556, 5, 4, 2);
insert into turma (id, turma, id_disciplina, id_semestre, id_curso, id_tipo_aula) values (349, 'T1', 556, 6, 4, 1);
insert into turma (id, turma, id_disciplina, id_semestre, id_curso, id_tipo_aula) values (350, 'T1', 556, 6, 4, 2);
insert into turma (id, turma, id_disciplina, id_semestre, id_curso, id_tipo_aula) values (351, 'T2', 556, 6, 4, 1);
insert into turma (id, turma, id_disciplina, id_semestre, id_curso, id_tipo_aula) values (352, 'T2', 556, 6, 4, 2);
insert into turma (id, turma, id_disciplina, id_semestre, id_curso, id_tipo_aula) values (353, 'T1', 556, 7, 4, 1);
insert into turma (id, turma, id_disciplina, id_semestre, id_curso, id_tipo_aula) values (354, 'T1', 556, 7, 4, 2);
insert into turma (id, turma, id_disciplina, id_semestre, id_curso, id_tipo_aula) values (355, 'T2', 556, 7, 4, 1);
insert into turma (id, turma, id_disciplina, id_semestre, id_curso, id_tipo_aula) values (356, 'T2', 556, 7, 4, 2);
insert into turma (id, turma, id_disciplina, id_semestre, id_curso, id_tipo_aula) values (357, 'T1', 556, 8, 4, 1);
insert into turma (id, turma, id_disciplina, id_semestre, id_curso, id_tipo_aula) values (358, 'T1', 556, 8, 4, 2);
insert into turma (id, turma, id_disciplina, id_semestre, id_curso, id_tipo_aula) values (359, 'T2', 556, 8, 4, 1);
insert into turma (id, turma, id_disciplina, id_semestre, id_curso, id_tipo_aula) values (360, 'T2', 556, 8, 4, 2);
insert into turma (id, turma, id_disciplina, id_semestre, id_curso, id_tipo_aula) values (361, 'T1', 557, 4, 4, 1);
insert into turma (id, turma, id_disciplina, id_semestre, id_curso, id_tipo_aula) values (362, 'T1', 557, 4, 4, 2);
insert into turma (id, turma, id_disciplina, id_semestre, id_curso, id_tipo_aula) values (363, 'T2', 557, 4, 4, 1);
insert into turma (id, turma, id_disciplina, id_semestre, id_curso, id_tipo_aula) values (364, 'T2', 557, 4, 4, 2);
insert into turma (id, turma, id_disciplina, id_semestre, id_curso, id_tipo_aula) values (365, 'T1', 557, 5, 4, 1);
insert into turma (id, turma, id_disciplina, id_semestre, id_curso, id_tipo_aula) values (366, 'T1', 557, 5, 4, 2);
insert into turma (id, turma, id_disciplina, id_semestre, id_curso, id_tipo_aula) values (367, 'T2', 557, 5, 4, 1);
insert into turma (id, turma, id_disciplina, id_semestre, id_curso, id_tipo_aula) values (368, 'T2', 557, 5, 4, 2);
insert into turma (id, turma, id_disciplina, id_semestre, id_curso, id_tipo_aula) values (369, 'T1', 557, 6, 4, 1);
insert into turma (id, turma, id_disciplina, id_semestre, id_curso, id_tipo_aula) values (370, 'T1', 557, 6, 4, 2);
insert into turma (id, turma, id_disciplina, id_semestre, id_curso, id_tipo_aula) values (371, 'T2', 557, 6, 4, 1);
insert into turma (id, turma, id_disciplina, id_semestre, id_curso, id_tipo_aula) values (372, 'T2', 557, 6, 4, 2);
insert into turma (id, turma, id_disciplina, id_semestre, id_curso, id_tipo_aula) values (373, 'T1', 557, 7, 4, 1);
insert into turma (id, turma, id_disciplina, id_semestre, id_curso, id_tipo_aula) values (374, 'T1', 557, 7, 4, 2);
insert into turma (id, turma, id_disciplina, id_semestre, id_curso, id_tipo_aula) values (375, 'T2', 557, 7, 4, 1);
insert into turma (id, turma, id_disciplina, id_semestre, id_curso, id_tipo_aula) values (376, 'T2', 557, 7, 4, 2);
insert into turma (id, turma, id_disciplina, id_semestre, id_curso, id_tipo_aula) values (377, 'T1', 557, 8, 4, 1);
insert into turma (id, turma, id_disciplina, id_semestre, id_curso, id_tipo_aula) values (378, 'T1', 557, 8, 4, 2);
insert into turma (id, turma, id_disciplina, id_semestre, id_curso, id_tipo_aula) values (379, 'T2', 557, 8, 4, 1);
insert into turma (id, turma, id_disciplina, id_semestre, id_curso, id_tipo_aula) values (380, 'T2', 557, 8, 4, 2);
insert into turma (id, turma, id_disciplina, id_semestre, id_curso, id_tipo_aula) values (381, 'T1', 558, 4, 4, 1);
insert into turma (id, turma, id_disciplina, id_semestre, id_curso, id_tipo_aula) values (382, 'T1', 558, 4, 4, 2);
insert into turma (id, turma, id_disciplina, id_semestre, id_curso, id_tipo_aula) values (383, 'T2', 558, 4, 4, 1);
insert into turma (id, turma, id_disciplina, id_semestre, id_curso, id_tipo_aula) values (384, 'T2', 558, 4, 4, 2);
insert into turma (id, turma, id_disciplina, id_semestre, id_curso, id_tipo_aula) values (385, 'T1', 558, 5, 4, 1);
insert into turma (id, turma, id_disciplina, id_semestre, id_curso, id_tipo_aula) values (386, 'T1', 558, 5, 4, 2);
insert into turma (id, turma, id_disciplina, id_semestre, id_curso, id_tipo_aula) values (387, 'T2', 558, 5, 4, 1);
insert into turma (id, turma, id_disciplina, id_semestre, id_curso, id_tipo_aula) values (388, 'T2', 558, 5, 4, 2);
insert into turma (id, turma, id_disciplina, id_semestre, id_curso, id_tipo_aula) values (389, 'T1', 558, 6, 4, 1);
insert into turma (id, turma, id_disciplina, id_semestre, id_curso, id_tipo_aula) values (390, 'T1', 558, 6, 4, 2);
insert into turma (id, turma, id_disciplina, id_semestre, id_curso, id_tipo_aula) values (391, 'T2', 558, 6, 4, 1);
insert into turma (id, turma, id_disciplina, id_semestre, id_curso, id_tipo_aula) values (392, 'T2', 558, 6, 4, 2);
insert into turma (id, turma, id_disciplina, id_semestre, id_curso, id_tipo_aula) values (393, 'T1', 558, 7, 4, 1);
insert into turma (id, turma, id_disciplina, id_semestre, id_curso, id_tipo_aula) values (394, 'T1', 558, 7, 4, 2);
insert into turma (id, turma, id_disciplina, id_semestre, id_curso, id_tipo_aula) values (395, 'T2', 558, 7, 4, 1);
insert into turma (id, turma, id_disciplina, id_semestre, id_curso, id_tipo_aula) values (396, 'T2', 558, 7, 4, 2);
insert into turma (id, turma, id_disciplina, id_semestre, id_curso, id_tipo_aula) values (397, 'T1', 558, 8, 4, 1);
insert into turma (id, turma, id_disciplina, id_semestre, id_curso, id_tipo_aula) values (398, 'T1', 558, 8, 4, 2);
insert into turma (id, turma, id_disciplina, id_semestre, id_curso, id_tipo_aula) values (399, 'T2', 558, 8, 4, 1);
insert into turma (id, turma, id_disciplina, id_semestre, id_curso, id_tipo_aula) values (400, 'T2', 558, 8, 4, 2);
insert into turma (id, turma, id_disciplina, id_semestre, id_curso, id_tipo_aula) values (401, 'T1', 559, 4, 4, 1);
insert into turma (id, turma, id_disciplina, id_semestre, id_curso, id_tipo_aula) values (402, 'T1', 559, 4, 4, 2);
insert into turma (id, turma, id_disciplina, id_semestre, id_curso, id_tipo_aula) values (403, 'T1', 559, 5, 4, 1);
insert into turma (id, turma, id_disciplina, id_semestre, id_curso, id_tipo_aula) values (404, 'T1', 559, 5, 4, 2);
insert into turma (id, turma, id_disciplina, id_semestre, id_curso, id_tipo_aula) values (405, 'T1', 559, 6, 4, 1);
insert into turma (id, turma, id_disciplina, id_semestre, id_curso, id_tipo_aula) values (406, 'T1', 559, 6, 4, 2);
insert into turma (id, turma, id_disciplina, id_semestre, id_curso, id_tipo_aula) values (407, 'T1', 559, 7, 4, 1);
insert into turma (id, turma, id_disciplina, id_semestre, id_curso, id_tipo_aula) values (408, 'T1', 559, 7, 4, 2);
insert into turma (id, turma, id_disciplina, id_semestre, id_curso, id_tipo_aula) values (409, 'T1', 559, 8, 4, 1);
insert into turma (id, turma, id_disciplina, id_semestre, id_curso, id_tipo_aula) values (410, 'T1', 559, 8, 4, 2);
insert into turma (id, turma, id_disciplina, id_semestre, id_curso, id_tipo_aula) values (411, 'T1', 560, 4, 4, 1);
insert into turma (id, turma, id_disciplina, id_semestre, id_curso, id_tipo_aula) values (412, 'T1', 560, 4, 4, 2);
insert into turma (id, turma, id_disciplina, id_semestre, id_curso, id_tipo_aula) values (413, 'T1', 560, 5, 4, 1);
insert into turma (id, turma, id_disciplina, id_semestre, id_curso, id_tipo_aula) values (414, 'T1', 560, 5, 4, 2);
insert into turma (id, turma, id_disciplina, id_semestre, id_curso, id_tipo_aula) values (415, 'T1', 560, 6, 4, 1);
insert into turma (id, turma, id_disciplina, id_semestre, id_curso, id_tipo_aula) values (416, 'T1', 560, 6, 4, 2);
insert into turma (id, turma, id_disciplina, id_semestre, id_curso, id_tipo_aula) values (417, 'T1', 560, 7, 4, 1);
insert into turma (id, turma, id_disciplina, id_semestre, id_curso, id_tipo_aula) values (418, 'T1', 560, 7, 4, 2);
insert into turma (id, turma, id_disciplina, id_semestre, id_curso, id_tipo_aula) values (419, 'T1', 560, 8, 4, 1);
insert into turma (id, turma, id_disciplina, id_semestre, id_curso, id_tipo_aula) values (420, 'T1', 560, 8, 4, 2);
insert into turma (id, turma, id_disciplina, id_semestre, id_curso, id_tipo_aula) values (421, 'T1', 561, 4, 4, 1);
insert into turma (id, turma, id_disciplina, id_semestre, id_curso, id_tipo_aula) values (422, 'T1', 561, 4, 4, 2);
insert into turma (id, turma, id_disciplina, id_semestre, id_curso, id_tipo_aula) values (423, 'T1', 561, 5, 4, 1);
insert into turma (id, turma, id_disciplina, id_semestre, id_curso, id_tipo_aula) values (424, 'T1', 561, 5, 4, 2);
insert into turma (id, turma, id_disciplina, id_semestre, id_curso, id_tipo_aula) values (425, 'T1', 561, 6, 4, 1);
insert into turma (id, turma, id_disciplina, id_semestre, id_curso, id_tipo_aula) values (426, 'T1', 561, 6, 4, 2);
insert into turma (id, turma, id_disciplina, id_semestre, id_curso, id_tipo_aula) values (427, 'T1', 561, 7, 4, 1);
insert into turma (id, turma, id_disciplina, id_semestre, id_curso, id_tipo_aula) values (428, 'T1', 561, 7, 4, 2);
insert into turma (id, turma, id_disciplina, id_semestre, id_curso, id_tipo_aula) values (429, 'T1', 561, 8, 4, 1);
insert into turma (id, turma, id_disciplina, id_semestre, id_curso, id_tipo_aula) values (430, 'T1', 561, 8, 4, 2);
insert into turma (id, turma, id_disciplina, id_semestre, id_curso, id_tipo_aula) values (431, 'T1', 562, 4, 4, 1);
insert into turma (id, turma, id_disciplina, id_semestre, id_curso, id_tipo_aula) values (432, 'T1', 562, 4, 4, 2);
insert into turma (id, turma, id_disciplina, id_semestre, id_curso, id_tipo_aula) values (433, 'T1', 562, 5, 4, 1);
insert into turma (id, turma, id_disciplina, id_semestre, id_curso, id_tipo_aula) values (434, 'T1', 562, 5, 4, 2);
insert into turma (id, turma, id_disciplina, id_semestre, id_curso, id_tipo_aula) values (435, 'T1', 562, 6, 4, 1);
insert into turma (id, turma, id_disciplina, id_semestre, id_curso, id_tipo_aula) values (436, 'T1', 562, 6, 4, 2);
insert into turma (id, turma, id_disciplina, id_semestre, id_curso, id_tipo_aula) values (437, 'T1', 562, 7, 4, 1);
insert into turma (id, turma, id_disciplina, id_semestre, id_curso, id_tipo_aula) values (438, 'T1', 562, 7, 4, 2);
insert into turma (id, turma, id_disciplina, id_semestre, id_curso, id_tipo_aula) values (439, 'T1', 562, 8, 4, 1);
insert into turma (id, turma, id_disciplina, id_semestre, id_curso, id_tipo_aula) values (440, 'T1', 562, 8, 4, 2);
insert into turma (id, turma, id_disciplina, id_semestre, id_curso, id_tipo_aula) values (441, 'T1', 565, 4, 4, 1);
insert into turma (id, turma, id_disciplina, id_semestre, id_curso, id_tipo_aula) values (442, 'T1', 565, 4, 4, 2);
insert into turma (id, turma, id_disciplina, id_semestre, id_curso, id_tipo_aula) values (443, 'T2', 565, 4, 4, 1);
insert into turma (id, turma, id_disciplina, id_semestre, id_curso, id_tipo_aula) values (444, 'T2', 565, 4, 4, 2);
insert into turma (id, turma, id_disciplina, id_semestre, id_curso, id_tipo_aula) values (445, 'T1', 565, 5, 4, 1);
insert into turma (id, turma, id_disciplina, id_semestre, id_curso, id_tipo_aula) values (446, 'T1', 565, 5, 4, 2);
insert into turma (id, turma, id_disciplina, id_semestre, id_curso, id_tipo_aula) values (447, 'T2', 565, 5, 4, 1);
insert into turma (id, turma, id_disciplina, id_semestre, id_curso, id_tipo_aula) values (448, 'T2', 565, 5, 4, 2);
insert into turma (id, turma, id_disciplina, id_semestre, id_curso, id_tipo_aula) values (449, 'T1', 565, 6, 4, 1);
insert into turma (id, turma, id_disciplina, id_semestre, id_curso, id_tipo_aula) values (450, 'T1', 565, 6, 4, 2);
insert into turma (id, turma, id_disciplina, id_semestre, id_curso, id_tipo_aula) values (451, 'T2', 565, 6, 4, 1);
insert into turma (id, turma, id_disciplina, id_semestre, id_curso, id_tipo_aula) values (452, 'T2', 565, 6, 4, 2);
insert into turma (id, turma, id_disciplina, id_semestre, id_curso, id_tipo_aula) values (453, 'T1', 565, 7, 4, 1);
insert into turma (id, turma, id_disciplina, id_semestre, id_curso, id_tipo_aula) values (454, 'T1', 565, 7, 4, 2);
insert into turma (id, turma, id_disciplina, id_semestre, id_curso, id_tipo_aula) values (455, 'T2', 565, 7, 4, 1);
insert into turma (id, turma, id_disciplina, id_semestre, id_curso, id_tipo_aula) values (456, 'T2', 565, 7, 4, 2);
insert into turma (id, turma, id_disciplina, id_semestre, id_curso, id_tipo_aula) values (457, 'T1', 565, 8, 4, 1);
insert into turma (id, turma, id_disciplina, id_semestre, id_curso, id_tipo_aula) values (458, 'T1', 565, 8, 4, 2);
insert into turma (id, turma, id_disciplina, id_semestre, id_curso, id_tipo_aula) values (459, 'T2', 565, 8, 4, 1);
insert into turma (id, turma, id_disciplina, id_semestre, id_curso, id_tipo_aula) values (460, 'T2', 565, 8, 4, 2);
insert into turma (id, turma, id_disciplina, id_semestre, id_curso, id_tipo_aula) values (461, 'T1', 566, 4, 4, 1);
insert into turma (id, turma, id_disciplina, id_semestre, id_curso, id_tipo_aula) values (462, 'T1', 566, 4, 4, 2);
insert into turma (id, turma, id_disciplina, id_semestre, id_curso, id_tipo_aula) values (463, 'T1', 566, 5, 4, 1);
insert into turma (id, turma, id_disciplina, id_semestre, id_curso, id_tipo_aula) values (464, 'T1', 566, 5, 4, 2);
insert into turma (id, turma, id_disciplina, id_semestre, id_curso, id_tipo_aula) values (465, 'T1', 566, 6, 4, 1);
insert into turma (id, turma, id_disciplina, id_semestre, id_curso, id_tipo_aula) values (466, 'T1', 566, 6, 4, 2);
insert into turma (id, turma, id_disciplina, id_semestre, id_curso, id_tipo_aula) values (467, 'T1', 566, 7, 4, 1);
insert into turma (id, turma, id_disciplina, id_semestre, id_curso, id_tipo_aula) values (468, 'T1', 566, 7, 4, 2);
insert into turma (id, turma, id_disciplina, id_semestre, id_curso, id_tipo_aula) values (469, 'T1', 566, 8, 4, 1);
insert into turma (id, turma, id_disciplina, id_semestre, id_curso, id_tipo_aula) values (470, 'T1', 566, 8, 4, 2);
insert into turma (id, turma, id_disciplina, id_semestre, id_curso, id_tipo_aula) values (471, 'T1', 567, 4, 4, 1);
insert into turma (id, turma, id_disciplina, id_semestre, id_curso, id_tipo_aula) values (472, 'T1', 567, 4, 4, 2);
insert into turma (id, turma, id_disciplina, id_semestre, id_curso, id_tipo_aula) values (473, 'T1', 567, 5, 4, 1);
insert into turma (id, turma, id_disciplina, id_semestre, id_curso, id_tipo_aula) values (474, 'T1', 567, 5, 4, 2);
insert into turma (id, turma, id_disciplina, id_semestre, id_curso, id_tipo_aula) values (475, 'T1', 567, 6, 4, 1);
insert into turma (id, turma, id_disciplina, id_semestre, id_curso, id_tipo_aula) values (476, 'T1', 567, 6, 4, 2);
insert into turma (id, turma, id_disciplina, id_semestre, id_curso, id_tipo_aula) values (477, 'T1', 567, 7, 4, 1);
insert into turma (id, turma, id_disciplina, id_semestre, id_curso, id_tipo_aula) values (478, 'T1', 567, 7, 4, 2);
insert into turma (id, turma, id_disciplina, id_semestre, id_curso, id_tipo_aula) values (479, 'T1', 567, 8, 4, 1);
insert into turma (id, turma, id_disciplina, id_semestre, id_curso, id_tipo_aula) values (480, 'T1', 567, 8, 4, 2);
insert into turma (id, turma, id_disciplina, id_semestre, id_curso, id_tipo_aula) values (481, 'T1', 568, 4, 4, 1);
insert into turma (id, turma, id_disciplina, id_semestre, id_curso, id_tipo_aula) values (482, 'T1', 568, 4, 4, 2);
insert into turma (id, turma, id_disciplina, id_semestre, id_curso, id_tipo_aula) values (483, 'T2', 568, 4, 4, 1);
insert into turma (id, turma, id_disciplina, id_semestre, id_curso, id_tipo_aula) values (484, 'T2', 568, 4, 4, 2);
insert into turma (id, turma, id_disciplina, id_semestre, id_curso, id_tipo_aula) values (485, 'T1', 568, 5, 4, 1);
insert into turma (id, turma, id_disciplina, id_semestre, id_curso, id_tipo_aula) values (486, 'T1', 568, 5, 4, 2);
insert into turma (id, turma, id_disciplina, id_semestre, id_curso, id_tipo_aula) values (487, 'T2', 568, 5, 4, 1);
insert into turma (id, turma, id_disciplina, id_semestre, id_curso, id_tipo_aula) values (488, 'T2', 568, 5, 4, 2);
insert into turma (id, turma, id_disciplina, id_semestre, id_curso, id_tipo_aula) values (489, 'T1', 568, 6, 4, 1);
insert into turma (id, turma, id_disciplina, id_semestre, id_curso, id_tipo_aula) values (490, 'T1', 568, 6, 4, 2);
insert into turma (id, turma, id_disciplina, id_semestre, id_curso, id_tipo_aula) values (491, 'T2', 568, 6, 4, 1);
insert into turma (id, turma, id_disciplina, id_semestre, id_curso, id_tipo_aula) values (492, 'T2', 568, 6, 4, 2);
insert into turma (id, turma, id_disciplina, id_semestre, id_curso, id_tipo_aula) values (493, 'T1', 568, 7, 4, 1);
insert into turma (id, turma, id_disciplina, id_semestre, id_curso, id_tipo_aula) values (494, 'T1', 568, 7, 4, 2);
insert into turma (id, turma, id_disciplina, id_semestre, id_curso, id_tipo_aula) values (495, 'T2', 568, 7, 4, 1);
insert into turma (id, turma, id_disciplina, id_semestre, id_curso, id_tipo_aula) values (496, 'T2', 568, 7, 4, 2);
insert into turma (id, turma, id_disciplina, id_semestre, id_curso, id_tipo_aula) values (497, 'T1', 568, 8, 4, 1);
insert into turma (id, turma, id_disciplina, id_semestre, id_curso, id_tipo_aula) values (498, 'T1', 568, 8, 4, 2);
insert into turma (id, turma, id_disciplina, id_semestre, id_curso, id_tipo_aula) values (499, 'T2', 568, 8, 4, 1);
insert into turma (id, turma, id_disciplina, id_semestre, id_curso, id_tipo_aula) values (500, 'T2', 568, 8, 4, 2);
insert into turma (id, turma, id_disciplina, id_semestre, id_curso, id_tipo_aula) values (501, 'T1', 570, 4, 4, 1);
insert into turma (id, turma, id_disciplina, id_semestre, id_curso, id_tipo_aula) values (502, 'T1', 570, 4, 4, 2);
insert into turma (id, turma, id_disciplina, id_semestre, id_curso, id_tipo_aula) values (503, 'T1', 570, 5, 4, 1);
insert into turma (id, turma, id_disciplina, id_semestre, id_curso, id_tipo_aula) values (504, 'T1', 570, 5, 4, 2);
insert into turma (id, turma, id_disciplina, id_semestre, id_curso, id_tipo_aula) values (505, 'T1', 570, 6, 4, 1);
insert into turma (id, turma, id_disciplina, id_semestre, id_curso, id_tipo_aula) values (506, 'T1', 570, 6, 4, 2);
insert into turma (id, turma, id_disciplina, id_semestre, id_curso, id_tipo_aula) values (507, 'T1', 570, 7, 4, 1);
insert into turma (id, turma, id_disciplina, id_semestre, id_curso, id_tipo_aula) values (508, 'T1', 570, 7, 4, 2);
insert into turma (id, turma, id_disciplina, id_semestre, id_curso, id_tipo_aula) values (509, 'T1', 570, 8, 4, 1);
insert into turma (id, turma, id_disciplina, id_semestre, id_curso, id_tipo_aula) values (510, 'T1', 570, 8, 4, 2);
insert into turma (id, turma, id_disciplina, id_semestre, id_curso, id_tipo_aula) values (511, 'T1', 571, 4, 4, 1);
insert into turma (id, turma, id_disciplina, id_semestre, id_curso, id_tipo_aula) values (512, 'T1', 571, 4, 4, 2);
insert into turma (id, turma, id_disciplina, id_semestre, id_curso, id_tipo_aula) values (513, 'T1', 571, 5, 4, 1);
insert into turma (id, turma, id_disciplina, id_semestre, id_curso, id_tipo_aula) values (514, 'T1', 571, 5, 4, 2);
insert into turma (id, turma, id_disciplina, id_semestre, id_curso, id_tipo_aula) values (515, 'T1', 571, 6, 4, 1);
insert into turma (id, turma, id_disciplina, id_semestre, id_curso, id_tipo_aula) values (516, 'T1', 571, 6, 4, 2);
insert into turma (id, turma, id_disciplina, id_semestre, id_curso, id_tipo_aula) values (517, 'T1', 571, 7, 4, 1);
insert into turma (id, turma, id_disciplina, id_semestre, id_curso, id_tipo_aula) values (518, 'T1', 571, 7, 4, 2);
insert into turma (id, turma, id_disciplina, id_semestre, id_curso, id_tipo_aula) values (519, 'T1', 571, 8, 4, 1);
insert into turma (id, turma, id_disciplina, id_semestre, id_curso, id_tipo_aula) values (520, 'T1', 571, 8, 4, 2);
insert into turma (id, turma, id_disciplina, id_semestre, id_curso, id_tipo_aula) values (521, 'T1', 574, 4, 4, 1);
insert into turma (id, turma, id_disciplina, id_semestre, id_curso, id_tipo_aula) values (522, 'T1', 574, 4, 4, 2);
insert into turma (id, turma, id_disciplina, id_semestre, id_curso, id_tipo_aula) values (523, 'T1', 574, 5, 4, 1);
insert into turma (id, turma, id_disciplina, id_semestre, id_curso, id_tipo_aula) values (524, 'T1', 574, 5, 4, 2);
insert into turma (id, turma, id_disciplina, id_semestre, id_curso, id_tipo_aula) values (525, 'T1', 574, 6, 4, 1);
insert into turma (id, turma, id_disciplina, id_semestre, id_curso, id_tipo_aula) values (526, 'T1', 574, 6, 4, 2);
insert into turma (id, turma, id_disciplina, id_semestre, id_curso, id_tipo_aula) values (527, 'T1', 574, 7, 4, 1);
insert into turma (id, turma, id_disciplina, id_semestre, id_curso, id_tipo_aula) values (528, 'T1', 574, 7, 4, 2);
insert into turma (id, turma, id_disciplina, id_semestre, id_curso, id_tipo_aula) values (529, 'T1', 574, 8, 4, 1);
insert into turma (id, turma, id_disciplina, id_semestre, id_curso, id_tipo_aula) values (530, 'T1', 574, 8, 4, 2);
insert into turma (id, turma, id_disciplina, id_semestre, id_curso, id_tipo_aula) values (531, 'T1', 575, 4, 4, 1);
insert into turma (id, turma, id_disciplina, id_semestre, id_curso, id_tipo_aula) values (532, 'T1', 575, 4, 4, 2);
insert into turma (id, turma, id_disciplina, id_semestre, id_curso, id_tipo_aula) values (533, 'T1', 575, 5, 4, 1);
insert into turma (id, turma, id_disciplina, id_semestre, id_curso, id_tipo_aula) values (534, 'T1', 575, 5, 4, 2);
insert into turma (id, turma, id_disciplina, id_semestre, id_curso, id_tipo_aula) values (535, 'T1', 575, 6, 4, 1);
insert into turma (id, turma, id_disciplina, id_semestre, id_curso, id_tipo_aula) values (536, 'T1', 575, 6, 4, 2);
insert into turma (id, turma, id_disciplina, id_semestre, id_curso, id_tipo_aula) values (537, 'T1', 575, 7, 4, 1);
insert into turma (id, turma, id_disciplina, id_semestre, id_curso, id_tipo_aula) values (538, 'T1', 575, 7, 4, 2);
insert into turma (id, turma, id_disciplina, id_semestre, id_curso, id_tipo_aula) values (539, 'T1', 575, 8, 4, 1);
insert into turma (id, turma, id_disciplina, id_semestre, id_curso, id_tipo_aula) values (540, 'T1', 575, 8, 4, 2);
insert into turma (id, turma, id_disciplina, id_semestre, id_curso, id_tipo_aula) values (541, 'T1', 576, 4, 4, 1);
insert into turma (id, turma, id_disciplina, id_semestre, id_curso, id_tipo_aula) values (542, 'T1', 576, 4, 4, 2);
insert into turma (id, turma, id_disciplina, id_semestre, id_curso, id_tipo_aula) values (543, 'T1', 576, 5, 4, 1);
insert into turma (id, turma, id_disciplina, id_semestre, id_curso, id_tipo_aula) values (544, 'T1', 576, 5, 4, 2);
insert into turma (id, turma, id_disciplina, id_semestre, id_curso, id_tipo_aula) values (545, 'T1', 576, 6, 4, 1);
insert into turma (id, turma, id_disciplina, id_semestre, id_curso, id_tipo_aula) values (546, 'T1', 576, 6, 4, 2);
insert into turma (id, turma, id_disciplina, id_semestre, id_curso, id_tipo_aula) values (547, 'T1', 576, 7, 4, 1);
insert into turma (id, turma, id_disciplina, id_semestre, id_curso, id_tipo_aula) values (548, 'T1', 576, 7, 4, 2);
insert into turma (id, turma, id_disciplina, id_semestre, id_curso, id_tipo_aula) values (549, 'T1', 576, 8, 4, 1);
insert into turma (id, turma, id_disciplina, id_semestre, id_curso, id_tipo_aula) values (550, 'T1', 576, 8, 4, 2);
insert into turma (id, turma, id_disciplina, id_semestre, id_curso, id_tipo_aula) values (551, 'T1', 577, 4, 4, 1);
insert into turma (id, turma, id_disciplina, id_semestre, id_curso, id_tipo_aula) values (552, 'T1', 577, 4, 4, 2);
insert into turma (id, turma, id_disciplina, id_semestre, id_curso, id_tipo_aula) values (553, 'T1', 577, 5, 4, 1);
insert into turma (id, turma, id_disciplina, id_semestre, id_curso, id_tipo_aula) values (554, 'T1', 577, 5, 4, 2);
insert into turma (id, turma, id_disciplina, id_semestre, id_curso, id_tipo_aula) values (555, 'T1', 577, 6, 4, 1);
insert into turma (id, turma, id_disciplina, id_semestre, id_curso, id_tipo_aula) values (556, 'T1', 577, 6, 4, 2);
insert into turma (id, turma, id_disciplina, id_semestre, id_curso, id_tipo_aula) values (557, 'T1', 577, 7, 4, 1);
insert into turma (id, turma, id_disciplina, id_semestre, id_curso, id_tipo_aula) values (558, 'T1', 577, 7, 4, 2);
insert into turma (id, turma, id_disciplina, id_semestre, id_curso, id_tipo_aula) values (559, 'T1', 577, 8, 4, 1);
insert into turma (id, turma, id_disciplina, id_semestre, id_curso, id_tipo_aula) values (560, 'T1', 577, 8, 4, 2);
insert into turma (id, turma, id_disciplina, id_semestre, id_curso, id_tipo_aula) values (561, 'T1', 578, 4, 4, 1);
insert into turma (id, turma, id_disciplina, id_semestre, id_curso, id_tipo_aula) values (562, 'T1', 578, 4, 4, 2);
insert into turma (id, turma, id_disciplina, id_semestre, id_curso, id_tipo_aula) values (563, 'T1', 578, 5, 4, 1);
insert into turma (id, turma, id_disciplina, id_semestre, id_curso, id_tipo_aula) values (564, 'T1', 578, 5, 4, 2);
insert into turma (id, turma, id_disciplina, id_semestre, id_curso, id_tipo_aula) values (565, 'T1', 578, 6, 4, 1);
insert into turma (id, turma, id_disciplina, id_semestre, id_curso, id_tipo_aula) values (566, 'T1', 578, 6, 4, 2);
insert into turma (id, turma, id_disciplina, id_semestre, id_curso, id_tipo_aula) values (567, 'T1', 578, 7, 4, 1);
insert into turma (id, turma, id_disciplina, id_semestre, id_curso, id_tipo_aula) values (568, 'T1', 578, 7, 4, 2);
insert into turma (id, turma, id_disciplina, id_semestre, id_curso, id_tipo_aula) values (569, 'T1', 578, 8, 4, 1);
insert into turma (id, turma, id_disciplina, id_semestre, id_curso, id_tipo_aula) values (570, 'T1', 578, 8, 4, 2);
insert into doc_interessado (id_turma, id_docente) values (1, 9);
insert into doc_interessado (id_turma, id_docente) values (2, 9);
insert into doc_interessado (id_turma, id_docente) values (1, 17);
insert into doc_interessado (id_turma, id_docente) values (2, 17);
insert into doc_interessado (id_turma, id_docente) values (1, 11);
insert into doc_interessado (id_turma, id_docente) values (2, 11);
insert into doc_interessado (id_turma, id_docente) values (3, 3);
insert into doc_interessado (id_turma, id_docente) values (4, 3);
insert into doc_interessado (id_turma, id_docente) values (3, 13);
insert into doc_interessado (id_turma, id_docente) values (4, 13);
insert into doc_interessado (id_turma, id_docente) values (3, 17);
insert into doc_interessado (id_turma, id_docente) values (4, 17);
insert into doc_interessado (id_turma, id_docente) values (3, 27);
insert into doc_interessado (id_turma, id_docente) values (4, 27);
insert into doc_interessado (id_turma, id_docente) values (5, 22);
insert into doc_interessado (id_turma, id_docente) values (6, 22);
insert into doc_interessado (id_turma, id_docente) values (5, 24);
insert into doc_interessado (id_turma, id_docente) values (6, 24);
insert into doc_interessado (id_turma, id_docente) values (5, 11);
insert into doc_interessado (id_turma, id_docente) values (6, 11);
insert into doc_interessado (id_turma, id_docente) values (7, 4);
insert into doc_interessado (id_turma, id_docente) values (8, 4);
insert into doc_interessado (id_turma, id_docente) values (7, 12);
insert into doc_interessado (id_turma, id_docente) values (8, 12);
insert into doc_interessado (id_turma, id_docente) values (9, 11);
insert into doc_interessado (id_turma, id_docente) values (10, 11);
insert into doc_interessado (id_turma, id_docente) values (9, 3);
insert into doc_interessado (id_turma, id_docente) values (10, 3);
insert into doc_interessado (id_turma, id_docente) values (9, 21);
insert into doc_interessado (id_turma, id_docente) values (10, 21);
insert into doc_interessado (id_turma, id_docente) values (9, 10);
insert into doc_interessado (id_turma, id_docente) values (10, 10);
insert into doc_interessado (id_turma, id_docente) values (11, 21);
insert into doc_interessado (id_turma, id_docente) values (12, 21);
insert into doc_interessado (id_turma, id_docente) values (11, 12);
insert into doc_interessado (id_turma, id_docente) values (12, 12);
insert into doc_interessado (id_turma, id_docente) values (11, 3);
insert into doc_interessado (id_turma, id_docente) values (12, 3);
insert into doc_interessado (id_turma, id_docente) values (11, 5);
insert into doc_interessado (id_turma, id_docente) values (12, 5);
insert into doc_interessado (id_turma, id_docente) values (13, 13);
insert into doc_interessado (id_turma, id_docente) values (14, 13);
insert into doc_interessado (id_turma, id_docente) values (13, 5);
insert into doc_interessado (id_turma, id_docente) values (14, 5);
insert into doc_interessado (id_turma, id_docente) values (13, 7);
insert into doc_interessado (id_turma, id_docente) values (14, 7);
insert into doc_interessado (id_turma, id_docente) values (15, 3);
insert into doc_interessado (id_turma, id_docente) values (16, 3);
insert into doc_interessado (id_turma, id_docente) values (15, 25);
insert into doc_interessado (id_turma, id_docente) values (16, 25);
insert into doc_interessado (id_turma, id_docente) values (17, 27);
insert into doc_interessado (id_turma, id_docente) values (18, 27);
insert into doc_interessado (id_turma, id_docente) values (17, 14);
insert into doc_interessado (id_turma, id_docente) values (18, 14);
insert into doc_interessado (id_turma, id_docente) values (19, 13);
insert into doc_interessado (id_turma, id_docente) values (20, 13);
insert into doc_interessado (id_turma, id_docente) values (21, 26);
insert into doc_interessado (id_turma, id_docente) values (22, 26);
insert into doc_interessado (id_turma, id_docente) values (21, 21);
insert into doc_interessado (id_turma, id_docente) values (22, 21);
insert into doc_interessado (id_turma, id_docente) values (21, 20);
insert into doc_interessado (id_turma, id_docente) values (22, 20);
insert into doc_interessado (id_turma, id_docente) values (23, 20);
insert into doc_interessado (id_turma, id_docente) values (24, 20);
insert into doc_interessado (id_turma, id_docente) values (23, 18);
insert into doc_interessado (id_turma, id_docente) values (24, 18);
insert into doc_interessado (id_turma, id_docente) values (25, 17);
insert into doc_interessado (id_turma, id_docente) values (26, 17);
insert into doc_interessado (id_turma, id_docente) values (25, 7);
insert into doc_interessado (id_turma, id_docente) values (26, 7);
insert into doc_interessado (id_turma, id_docente) values (27, 15);
insert into doc_interessado (id_turma, id_docente) values (28, 15);
insert into doc_interessado (id_turma, id_docente) values (29, 3);
insert into doc_interessado (id_turma, id_docente) values (30, 3);
insert into doc_interessado (id_turma, id_docente) values (29, 17);
insert into doc_interessado (id_turma, id_docente) values (30, 17);
insert into doc_interessado (id_turma, id_docente) values (31, 8);
insert into doc_interessado (id_turma, id_docente) values (32, 8);
insert into doc_interessado (id_turma, id_docente) values (31, 22);
insert into doc_interessado (id_turma, id_docente) values (32, 22);
insert into doc_interessado (id_turma, id_docente) values (31, 9);
insert into doc_interessado (id_turma, id_docente) values (32, 9);
insert into doc_interessado (id_turma, id_docente) values (33, 3);
insert into doc_interessado (id_turma, id_docente) values (34, 3);
insert into doc_interessado (id_turma, id_docente) values (33, 17);
insert into doc_interessado (id_turma, id_docente) values (34, 17);
insert into doc_interessado (id_turma, id_docente) values (35, 17);
insert into doc_interessado (id_turma, id_docente) values (36, 17);
insert into doc_interessado (id_turma, id_docente) values (35, 10);
insert into doc_interessado (id_turma, id_docente) values (36, 10);
insert into doc_interessado (id_turma, id_docente) values (37, 7);
insert into doc_interessado (id_turma, id_docente) values (38, 7);
insert into doc_interessado (id_turma, id_docente) values (39, 10);
insert into doc_interessado (id_turma, id_docente) values (40, 10);
insert into doc_interessado (id_turma, id_docente) values (39, 21);
insert into doc_interessado (id_turma, id_docente) values (40, 21);
insert into doc_interessado (id_turma, id_docente) values (39, 15);
insert into doc_interessado (id_turma, id_docente) values (40, 15);
insert into doc_interessado (id_turma, id_docente) values (39, 12);
insert into doc_interessado (id_turma, id_docente) values (40, 12);
insert into doc_interessado (id_turma, id_docente) values (41, 14);
insert into doc_interessado (id_turma, id_docente) values (42, 14);
insert into doc_interessado (id_turma, id_docente) values (41, 11);
insert into doc_interessado (id_turma, id_docente) values (42, 11);
insert into doc_interessado (id_turma, id_docente) values (41, 9);
insert into doc_interessado (id_turma, id_docente) values (42, 9);
insert into doc_interessado (id_turma, id_docente) values (43, 6);
insert into doc_interessado (id_turma, id_docente) values (44, 6);
insert into doc_interessado (id_turma, id_docente) values (45, 3);
insert into doc_interessado (id_turma, id_docente) values (46, 3);
insert into doc_interessado (id_turma, id_docente) values (45, 17);
insert into doc_interessado (id_turma, id_docente) values (46, 17);
insert into doc_interessado (id_turma, id_docente) values (45, 20);
insert into doc_interessado (id_turma, id_docente) values (46, 20);
insert into doc_interessado (id_turma, id_docente) values (47, 27);
insert into doc_interessado (id_turma, id_docente) values (48, 27);
insert into doc_interessado (id_turma, id_docente) values (47, 15);
insert into doc_interessado (id_turma, id_docente) values (48, 15);
insert into doc_interessado (id_turma, id_docente) values (47, 7);
insert into doc_interessado (id_turma, id_docente) values (48, 7);
insert into doc_interessado (id_turma, id_docente) values (47, 25);
insert into doc_interessado (id_turma, id_docente) values (48, 25);
insert into doc_interessado (id_turma, id_docente) values (49, 11);
insert into doc_interessado (id_turma, id_docente) values (50, 11);
insert into doc_interessado (id_turma, id_docente) values (51, 6);
insert into doc_interessado (id_turma, id_docente) values (52, 6);
insert into doc_interessado (id_turma, id_docente) values (53, 21);
insert into doc_interessado (id_turma, id_docente) values (54, 21);
insert into doc_interessado (id_turma, id_docente) values (53, 15);
insert into doc_interessado (id_turma, id_docente) values (54, 15);
insert into doc_interessado (id_turma, id_docente) values (53, 12);
insert into doc_interessado (id_turma, id_docente) values (54, 12);
insert into doc_interessado (id_turma, id_docente) values (55, 23);
insert into doc_interessado (id_turma, id_docente) values (56, 23);
insert into doc_interessado (id_turma, id_docente) values (55, 20);
insert into doc_interessado (id_turma, id_docente) values (56, 20);
insert into doc_interessado (id_turma, id_docente) values (57, 23);
insert into doc_interessado (id_turma, id_docente) values (58, 23);
insert into doc_interessado (id_turma, id_docente) values (59, 18);
insert into doc_interessado (id_turma, id_docente) values (60, 18);
insert into doc_interessado (id_turma, id_docente) values (61, 24);
insert into doc_interessado (id_turma, id_docente) values (62, 24);
insert into doc_interessado (id_turma, id_docente) values (61, 27);
insert into doc_interessado (id_turma, id_docente) values (62, 27);
insert into doc_interessado (id_turma, id_docente) values (61, 20);
insert into doc_interessado (id_turma, id_docente) values (62, 20);
insert into doc_interessado (id_turma, id_docente) values (63, 15);
insert into doc_interessado (id_turma, id_docente) values (64, 15);
insert into doc_interessado (id_turma, id_docente) values (63, 27);
insert into doc_interessado (id_turma, id_docente) values (64, 27);
insert into doc_interessado (id_turma, id_docente) values (65, 27);
insert into doc_interessado (id_turma, id_docente) values (66, 27);
insert into doc_interessado (id_turma, id_docente) values (65, 4);
insert into doc_interessado (id_turma, id_docente) values (66, 4);
insert into doc_interessado (id_turma, id_docente) values (65, 11);
insert into doc_interessado (id_turma, id_docente) values (66, 11);
insert into doc_interessado (id_turma, id_docente) values (67, 25);
insert into doc_interessado (id_turma, id_docente) values (68, 25);
insert into doc_interessado (id_turma, id_docente) values (67, 22);
insert into doc_interessado (id_turma, id_docente) values (68, 22);
insert into doc_interessado (id_turma, id_docente) values (67, 25);
insert into doc_interessado (id_turma, id_docente) values (68, 25);
insert into doc_interessado (id_turma, id_docente) values (67, 16);
insert into doc_interessado (id_turma, id_docente) values (68, 16);
insert into doc_interessado (id_turma, id_docente) values (69, 5);
insert into doc_interessado (id_turma, id_docente) values (70, 5);
insert into doc_interessado (id_turma, id_docente) values (69, 24);
insert into doc_interessado (id_turma, id_docente) values (70, 24);
insert into doc_interessado (id_turma, id_docente) values (71, 13);
insert into doc_interessado (id_turma, id_docente) values (72, 13);
insert into doc_interessado (id_turma, id_docente) values (71, 20);
insert into doc_interessado (id_turma, id_docente) values (72, 20);
insert into doc_interessado (id_turma, id_docente) values (71, 15);
insert into doc_interessado (id_turma, id_docente) values (72, 15);
insert into doc_interessado (id_turma, id_docente) values (71, 13);
insert into doc_interessado (id_turma, id_docente) values (72, 13);
insert into doc_interessado (id_turma, id_docente) values (73, 27);
insert into doc_interessado (id_turma, id_docente) values (74, 27);
insert into doc_interessado (id_turma, id_docente) values (75, 11);
insert into doc_interessado (id_turma, id_docente) values (76, 11);
insert into doc_interessado (id_turma, id_docente) values (75, 21);
insert into doc_interessado (id_turma, id_docente) values (76, 21);
insert into doc_interessado (id_turma, id_docente) values (75, 26);
insert into doc_interessado (id_turma, id_docente) values (76, 26);
insert into doc_interessado (id_turma, id_docente) values (75, 20);
insert into doc_interessado (id_turma, id_docente) values (76, 20);
insert into doc_interessado (id_turma, id_docente) values (77, 3);
insert into doc_interessado (id_turma, id_docente) values (78, 3);
insert into doc_interessado (id_turma, id_docente) values (77, 18);
insert into doc_interessado (id_turma, id_docente) values (78, 18);
insert into doc_interessado (id_turma, id_docente) values (77, 21);
insert into doc_interessado (id_turma, id_docente) values (78, 21);
insert into doc_interessado (id_turma, id_docente) values (79, 8);
insert into doc_interessado (id_turma, id_docente) values (80, 8);
insert into doc_interessado (id_turma, id_docente) values (79, 4);
insert into doc_interessado (id_turma, id_docente) values (80, 4);
insert into doc_interessado (id_turma, id_docente) values (81, 19);
insert into doc_interessado (id_turma, id_docente) values (82, 19);
insert into doc_interessado (id_turma, id_docente) values (81, 15);
insert into doc_interessado (id_turma, id_docente) values (82, 15);
insert into doc_interessado (id_turma, id_docente) values (83, 20);
insert into doc_interessado (id_turma, id_docente) values (84, 20);
insert into doc_interessado (id_turma, id_docente) values (83, 3);
insert into doc_interessado (id_turma, id_docente) values (84, 3);
insert into doc_interessado (id_turma, id_docente) values (85, 12);
insert into doc_interessado (id_turma, id_docente) values (86, 12);
insert into doc_interessado (id_turma, id_docente) values (85, 25);
insert into doc_interessado (id_turma, id_docente) values (86, 25);
insert into doc_interessado (id_turma, id_docente) values (87, 9);
insert into doc_interessado (id_turma, id_docente) values (88, 9);
insert into doc_interessado (id_turma, id_docente) values (87, 3);
insert into doc_interessado (id_turma, id_docente) values (88, 3);
insert into doc_interessado (id_turma, id_docente) values (87, 12);
insert into doc_interessado (id_turma, id_docente) values (88, 12);
insert into doc_interessado (id_turma, id_docente) values (89, 11);
insert into doc_interessado (id_turma, id_docente) values (90, 11);
insert into doc_interessado (id_turma, id_docente) values (89, 5);
insert into doc_interessado (id_turma, id_docente) values (90, 5);
insert into doc_interessado (id_turma, id_docente) values (91, 25);
insert into doc_interessado (id_turma, id_docente) values (92, 25);
insert into doc_interessado (id_turma, id_docente) values (91, 26);
insert into doc_interessado (id_turma, id_docente) values (92, 26);
insert into doc_interessado (id_turma, id_docente) values (91, 15);
insert into doc_interessado (id_turma, id_docente) values (92, 15);
insert into doc_interessado (id_turma, id_docente) values (91, 25);
insert into doc_interessado (id_turma, id_docente) values (92, 25);
insert into doc_interessado (id_turma, id_docente) values (93, 23);
insert into doc_interessado (id_turma, id_docente) values (94, 23);
insert into doc_interessado (id_turma, id_docente) values (93, 6);
insert into doc_interessado (id_turma, id_docente) values (94, 6);
insert into doc_interessado (id_turma, id_docente) values (93, 20);
insert into doc_interessado (id_turma, id_docente) values (94, 20);
insert into doc_interessado (id_turma, id_docente) values (93, 13);
insert into doc_interessado (id_turma, id_docente) values (94, 13);
insert into doc_interessado (id_turma, id_docente) values (95, 23);
insert into doc_interessado (id_turma, id_docente) values (96, 23);
insert into doc_interessado (id_turma, id_docente) values (95, 23);
insert into doc_interessado (id_turma, id_docente) values (96, 23);
insert into doc_interessado (id_turma, id_docente) values (95, 21);
insert into doc_interessado (id_turma, id_docente) values (96, 21);
insert into doc_interessado (id_turma, id_docente) values (97, 13);
insert into doc_interessado (id_turma, id_docente) values (98, 13);
insert into doc_interessado (id_turma, id_docente) values (97, 15);
insert into doc_interessado (id_turma, id_docente) values (98, 15);
insert into doc_interessado (id_turma, id_docente) values (97, 19);
insert into doc_interessado (id_turma, id_docente) values (98, 19);
insert into doc_interessado (id_turma, id_docente) values (97, 10);
insert into doc_interessado (id_turma, id_docente) values (98, 10);
insert into doc_interessado (id_turma, id_docente) values (99, 24);
insert into doc_interessado (id_turma, id_docente) values (100, 24);
insert into doc_interessado (id_turma, id_docente) values (99, 10);
insert into doc_interessado (id_turma, id_docente) values (100, 10);
insert into doc_interessado (id_turma, id_docente) values (101, 22);
insert into doc_interessado (id_turma, id_docente) values (102, 22);
insert into doc_interessado (id_turma, id_docente) values (101, 25);
insert into doc_interessado (id_turma, id_docente) values (102, 25);
insert into doc_interessado (id_turma, id_docente) values (101, 14);
insert into doc_interessado (id_turma, id_docente) values (102, 14);
insert into doc_interessado (id_turma, id_docente) values (103, 15);
insert into doc_interessado (id_turma, id_docente) values (104, 15);
insert into doc_interessado (id_turma, id_docente) values (103, 12);
insert into doc_interessado (id_turma, id_docente) values (104, 12);
insert into doc_interessado (id_turma, id_docente) values (105, 21);
insert into doc_interessado (id_turma, id_docente) values (106, 21);
insert into doc_interessado (id_turma, id_docente) values (105, 8);
insert into doc_interessado (id_turma, id_docente) values (106, 8);
insert into doc_interessado (id_turma, id_docente) values (107, 11);
insert into doc_interessado (id_turma, id_docente) values (108, 11);
insert into doc_interessado (id_turma, id_docente) values (107, 22);
insert into doc_interessado (id_turma, id_docente) values (108, 22);
insert into doc_interessado (id_turma, id_docente) values (107, 3);
insert into doc_interessado (id_turma, id_docente) values (108, 3);
insert into doc_interessado (id_turma, id_docente) values (109, 17);
insert into doc_interessado (id_turma, id_docente) values (110, 17);
insert into doc_interessado (id_turma, id_docente) values (109, 5);
insert into doc_interessado (id_turma, id_docente) values (110, 5);
insert into doc_interessado (id_turma, id_docente) values (109, 26);
insert into doc_interessado (id_turma, id_docente) values (110, 26);
insert into doc_interessado (id_turma, id_docente) values (109, 7);
insert into doc_interessado (id_turma, id_docente) values (110, 7);
insert into doc_interessado (id_turma, id_docente) values (111, 4);
insert into doc_interessado (id_turma, id_docente) values (112, 4);
insert into doc_interessado (id_turma, id_docente) values (111, 11);
insert into doc_interessado (id_turma, id_docente) values (112, 11);
insert into doc_interessado (id_turma, id_docente) values (113, 13);
insert into doc_interessado (id_turma, id_docente) values (114, 13);
insert into doc_interessado (id_turma, id_docente) values (115, 20);
insert into doc_interessado (id_turma, id_docente) values (116, 20);
insert into doc_interessado (id_turma, id_docente) values (115, 12);
insert into doc_interessado (id_turma, id_docente) values (116, 12);
insert into doc_interessado (id_turma, id_docente) values (117, 16);
insert into doc_interessado (id_turma, id_docente) values (118, 16);
insert into doc_interessado (id_turma, id_docente) values (117, 18);
insert into doc_interessado (id_turma, id_docente) values (118, 18);
insert into doc_interessado (id_turma, id_docente) values (117, 15);
insert into doc_interessado (id_turma, id_docente) values (118, 15);
insert into doc_interessado (id_turma, id_docente) values (117, 14);
insert into doc_interessado (id_turma, id_docente) values (118, 14);
insert into doc_interessado (id_turma, id_docente) values (119, 25);
insert into doc_interessado (id_turma, id_docente) values (120, 25);
insert into doc_interessado (id_turma, id_docente) values (121, 15);
insert into doc_interessado (id_turma, id_docente) values (122, 15);
insert into doc_interessado (id_turma, id_docente) values (123, 17);
insert into doc_interessado (id_turma, id_docente) values (124, 17);
insert into doc_interessado (id_turma, id_docente) values (123, 8);
insert into doc_interessado (id_turma, id_docente) values (124, 8);
insert into doc_interessado (id_turma, id_docente) values (123, 18);
insert into doc_interessado (id_turma, id_docente) values (124, 18);
insert into doc_interessado (id_turma, id_docente) values (125, 10);
insert into doc_interessado (id_turma, id_docente) values (126, 10);
insert into doc_interessado (id_turma, id_docente) values (127, 21);
insert into doc_interessado (id_turma, id_docente) values (128, 21);
insert into doc_interessado (id_turma, id_docente) values (127, 20);
insert into doc_interessado (id_turma, id_docente) values (128, 20);
insert into doc_interessado (id_turma, id_docente) values (127, 19);
insert into doc_interessado (id_turma, id_docente) values (128, 19);
insert into doc_interessado (id_turma, id_docente) values (129, 24);
insert into doc_interessado (id_turma, id_docente) values (130, 24);
insert into doc_interessado (id_turma, id_docente) values (129, 22);
insert into doc_interessado (id_turma, id_docente) values (130, 22);
insert into doc_interessado (id_turma, id_docente) values (129, 10);
insert into doc_interessado (id_turma, id_docente) values (130, 10);
insert into doc_interessado (id_turma, id_docente) values (131, 3);
insert into doc_interessado (id_turma, id_docente) values (132, 3);
insert into doc_interessado (id_turma, id_docente) values (131, 5);
insert into doc_interessado (id_turma, id_docente) values (132, 5);
insert into doc_interessado (id_turma, id_docente) values (131, 25);
insert into doc_interessado (id_turma, id_docente) values (132, 25);
insert into doc_interessado (id_turma, id_docente) values (131, 5);
insert into doc_interessado (id_turma, id_docente) values (132, 5);
insert into doc_interessado (id_turma, id_docente) values (133, 15);
insert into doc_interessado (id_turma, id_docente) values (134, 15);
insert into doc_interessado (id_turma, id_docente) values (133, 6);
insert into doc_interessado (id_turma, id_docente) values (134, 6);
insert into doc_interessado (id_turma, id_docente) values (135, 8);
insert into doc_interessado (id_turma, id_docente) values (136, 8);
insert into doc_interessado (id_turma, id_docente) values (137, 5);
insert into doc_interessado (id_turma, id_docente) values (138, 5);
insert into doc_interessado (id_turma, id_docente) values (137, 22);
insert into doc_interessado (id_turma, id_docente) values (138, 22);
insert into doc_interessado (id_turma, id_docente) values (139, 23);
insert into doc_interessado (id_turma, id_docente) values (140, 23);
insert into doc_interessado (id_turma, id_docente) values (139, 8);
insert into doc_interessado (id_turma, id_docente) values (140, 8);
insert into doc_interessado (id_turma, id_docente) values (139, 15);
insert into doc_interessado (id_turma, id_docente) values (140, 15);
insert into doc_interessado (id_turma, id_docente) values (141, 20);
insert into doc_interessado (id_turma, id_docente) values (142, 20);
insert into doc_interessado (id_turma, id_docente) values (141, 19);
insert into doc_interessado (id_turma, id_docente) values (142, 19);
insert into doc_interessado (id_turma, id_docente) values (141, 27);
insert into doc_interessado (id_turma, id_docente) values (142, 27);
insert into doc_interessado (id_turma, id_docente) values (143, 10);
insert into doc_interessado (id_turma, id_docente) values (144, 10);
insert into doc_interessado (id_turma, id_docente) values (145, 25);
insert into doc_interessado (id_turma, id_docente) values (146, 25);
insert into doc_interessado (id_turma, id_docente) values (145, 4);
insert into doc_interessado (id_turma, id_docente) values (146, 4);
insert into doc_interessado (id_turma, id_docente) values (145, 19);
insert into doc_interessado (id_turma, id_docente) values (146, 19);
insert into doc_interessado (id_turma, id_docente) values (145, 22);
insert into doc_interessado (id_turma, id_docente) values (146, 22);
insert into doc_interessado (id_turma, id_docente) values (147, 14);
insert into doc_interessado (id_turma, id_docente) values (148, 14);
insert into doc_interessado (id_turma, id_docente) values (147, 22);
insert into doc_interessado (id_turma, id_docente) values (148, 22);
insert into doc_interessado (id_turma, id_docente) values (149, 21);
insert into doc_interessado (id_turma, id_docente) values (150, 21);
insert into doc_interessado (id_turma, id_docente) values (149, 15);
insert into doc_interessado (id_turma, id_docente) values (150, 15);
insert into doc_interessado (id_turma, id_docente) values (149, 16);
insert into doc_interessado (id_turma, id_docente) values (150, 16);
insert into doc_interessado (id_turma, id_docente) values (151, 23);
insert into doc_interessado (id_turma, id_docente) values (152, 23);
insert into doc_interessado (id_turma, id_docente) values (153, 6);
insert into doc_interessado (id_turma, id_docente) values (154, 6);
insert into doc_interessado (id_turma, id_docente) values (153, 3);
insert into doc_interessado (id_turma, id_docente) values (154, 3);
insert into doc_interessado (id_turma, id_docente) values (155, 18);
insert into doc_interessado (id_turma, id_docente) values (156, 18);
insert into doc_interessado (id_turma, id_docente) values (155, 19);
insert into doc_interessado (id_turma, id_docente) values (156, 19);
insert into doc_interessado (id_turma, id_docente) values (155, 8);
insert into doc_interessado (id_turma, id_docente) values (156, 8);
insert into doc_interessado (id_turma, id_docente) values (155, 24);
insert into doc_interessado (id_turma, id_docente) values (156, 24);
insert into doc_interessado (id_turma, id_docente) values (157, 23);
insert into doc_interessado (id_turma, id_docente) values (158, 23);
insert into doc_interessado (id_turma, id_docente) values (157, 11);
insert into doc_interessado (id_turma, id_docente) values (158, 11);
insert into doc_interessado (id_turma, id_docente) values (159, 20);
insert into doc_interessado (id_turma, id_docente) values (160, 20);
insert into doc_interessado (id_turma, id_docente) values (161, 11);
insert into doc_interessado (id_turma, id_docente) values (162, 11);
insert into doc_interessado (id_turma, id_docente) values (161, 14);
insert into doc_interessado (id_turma, id_docente) values (162, 14);
insert into doc_interessado (id_turma, id_docente) values (161, 22);
insert into doc_interessado (id_turma, id_docente) values (162, 22);
insert into doc_interessado (id_turma, id_docente) values (163, 13);
insert into doc_interessado (id_turma, id_docente) values (164, 13);
insert into doc_interessado (id_turma, id_docente) values (165, 19);
insert into doc_interessado (id_turma, id_docente) values (166, 19);
insert into doc_interessado (id_turma, id_docente) values (165, 24);
insert into doc_interessado (id_turma, id_docente) values (166, 24);
insert into doc_interessado (id_turma, id_docente) values (165, 20);
insert into doc_interessado (id_turma, id_docente) values (166, 20);
insert into doc_interessado (id_turma, id_docente) values (167, 13);
insert into doc_interessado (id_turma, id_docente) values (168, 13);
insert into doc_interessado (id_turma, id_docente) values (169, 18);
insert into doc_interessado (id_turma, id_docente) values (170, 18);
insert into doc_interessado (id_turma, id_docente) values (169, 4);
insert into doc_interessado (id_turma, id_docente) values (170, 4);
insert into doc_interessado (id_turma, id_docente) values (171, 24);
insert into doc_interessado (id_turma, id_docente) values (172, 24);
insert into doc_interessado (id_turma, id_docente) values (171, 19);
insert into doc_interessado (id_turma, id_docente) values (172, 19);
insert into doc_interessado (id_turma, id_docente) values (171, 6);
insert into doc_interessado (id_turma, id_docente) values (172, 6);
insert into doc_interessado (id_turma, id_docente) values (173, 16);
insert into doc_interessado (id_turma, id_docente) values (174, 16);
insert into doc_interessado (id_turma, id_docente) values (173, 9);
insert into doc_interessado (id_turma, id_docente) values (174, 9);
insert into doc_interessado (id_turma, id_docente) values (173, 20);
insert into doc_interessado (id_turma, id_docente) values (174, 20);
insert into doc_interessado (id_turma, id_docente) values (175, 11);
insert into doc_interessado (id_turma, id_docente) values (176, 11);
insert into doc_interessado (id_turma, id_docente) values (175, 8);
insert into doc_interessado (id_turma, id_docente) values (176, 8);
insert into doc_interessado (id_turma, id_docente) values (175, 23);
insert into doc_interessado (id_turma, id_docente) values (176, 23);
insert into doc_interessado (id_turma, id_docente) values (177, 9);
insert into doc_interessado (id_turma, id_docente) values (178, 9);
insert into doc_interessado (id_turma, id_docente) values (177, 27);
insert into doc_interessado (id_turma, id_docente) values (178, 27);
insert into doc_interessado (id_turma, id_docente) values (177, 25);
insert into doc_interessado (id_turma, id_docente) values (178, 25);
insert into doc_interessado (id_turma, id_docente) values (177, 8);
insert into doc_interessado (id_turma, id_docente) values (178, 8);
insert into doc_interessado (id_turma, id_docente) values (179, 8);
insert into doc_interessado (id_turma, id_docente) values (180, 8);
insert into doc_interessado (id_turma, id_docente) values (179, 9);
insert into doc_interessado (id_turma, id_docente) values (180, 9);
insert into doc_interessado (id_turma, id_docente) values (179, 17);
insert into doc_interessado (id_turma, id_docente) values (180, 17);
insert into doc_interessado (id_turma, id_docente) values (179, 26);
insert into doc_interessado (id_turma, id_docente) values (180, 26);
insert into doc_interessado (id_turma, id_docente) values (181, 3);
insert into doc_interessado (id_turma, id_docente) values (182, 3);
insert into doc_interessado (id_turma, id_docente) values (181, 20);
insert into doc_interessado (id_turma, id_docente) values (182, 20);
insert into doc_interessado (id_turma, id_docente) values (181, 4);
insert into doc_interessado (id_turma, id_docente) values (182, 4);
insert into doc_interessado (id_turma, id_docente) values (181, 19);
insert into doc_interessado (id_turma, id_docente) values (182, 19);
insert into doc_interessado (id_turma, id_docente) values (183, 12);
insert into doc_interessado (id_turma, id_docente) values (184, 12);
insert into doc_interessado (id_turma, id_docente) values (183, 10);
insert into doc_interessado (id_turma, id_docente) values (184, 10);
insert into doc_interessado (id_turma, id_docente) values (185, 7);
insert into doc_interessado (id_turma, id_docente) values (186, 7);
insert into doc_interessado (id_turma, id_docente) values (185, 17);
insert into doc_interessado (id_turma, id_docente) values (186, 17);
insert into doc_interessado (id_turma, id_docente) values (185, 9);
insert into doc_interessado (id_turma, id_docente) values (186, 9);
insert into doc_interessado (id_turma, id_docente) values (187, 4);
insert into doc_interessado (id_turma, id_docente) values (188, 4);
insert into doc_interessado (id_turma, id_docente) values (189, 27);
insert into doc_interessado (id_turma, id_docente) values (190, 27);
insert into doc_interessado (id_turma, id_docente) values (189, 7);
insert into doc_interessado (id_turma, id_docente) values (190, 7);
insert into doc_interessado (id_turma, id_docente) values (189, 9);
insert into doc_interessado (id_turma, id_docente) values (190, 9);
insert into doc_interessado (id_turma, id_docente) values (191, 15);
insert into doc_interessado (id_turma, id_docente) values (192, 15);
insert into doc_interessado (id_turma, id_docente) values (191, 6);
insert into doc_interessado (id_turma, id_docente) values (192, 6);
insert into doc_interessado (id_turma, id_docente) values (191, 15);
insert into doc_interessado (id_turma, id_docente) values (192, 15);
insert into doc_interessado (id_turma, id_docente) values (191, 18);
insert into doc_interessado (id_turma, id_docente) values (192, 18);
insert into doc_interessado (id_turma, id_docente) values (193, 24);
insert into doc_interessado (id_turma, id_docente) values (194, 24);
insert into doc_interessado (id_turma, id_docente) values (193, 8);
insert into doc_interessado (id_turma, id_docente) values (194, 8);
insert into doc_interessado (id_turma, id_docente) values (195, 12);
insert into doc_interessado (id_turma, id_docente) values (196, 12);
insert into doc_interessado (id_turma, id_docente) values (195, 13);
insert into doc_interessado (id_turma, id_docente) values (196, 13);
insert into doc_interessado (id_turma, id_docente) values (197, 23);
insert into doc_interessado (id_turma, id_docente) values (198, 23);
insert into doc_interessado (id_turma, id_docente) values (197, 7);
insert into doc_interessado (id_turma, id_docente) values (198, 7);
insert into doc_interessado (id_turma, id_docente) values (197, 13);
insert into doc_interessado (id_turma, id_docente) values (198, 13);
insert into doc_interessado (id_turma, id_docente) values (197, 18);
insert into doc_interessado (id_turma, id_docente) values (198, 18);
insert into doc_interessado (id_turma, id_docente) values (199, 3);
insert into doc_interessado (id_turma, id_docente) values (200, 3);
insert into doc_interessado (id_turma, id_docente) values (199, 22);
insert into doc_interessado (id_turma, id_docente) values (200, 22);
insert into doc_interessado (id_turma, id_docente) values (199, 9);
insert into doc_interessado (id_turma, id_docente) values (200, 9);
insert into doc_interessado (id_turma, id_docente) values (199, 17);
insert into doc_interessado (id_turma, id_docente) values (200, 17);
insert into doc_interessado (id_turma, id_docente) values (201, 10);
insert into doc_interessado (id_turma, id_docente) values (202, 10);
insert into doc_interessado (id_turma, id_docente) values (203, 3);
insert into doc_interessado (id_turma, id_docente) values (204, 3);
insert into doc_interessado (id_turma, id_docente) values (203, 21);
insert into doc_interessado (id_turma, id_docente) values (204, 21);
insert into doc_interessado (id_turma, id_docente) values (203, 23);
insert into doc_interessado (id_turma, id_docente) values (204, 23);
insert into doc_interessado (id_turma, id_docente) values (205, 12);
insert into doc_interessado (id_turma, id_docente) values (206, 12);
insert into doc_interessado (id_turma, id_docente) values (205, 24);
insert into doc_interessado (id_turma, id_docente) values (206, 24);
insert into doc_interessado (id_turma, id_docente) values (205, 25);
insert into doc_interessado (id_turma, id_docente) values (206, 25);
insert into doc_interessado (id_turma, id_docente) values (207, 9);
insert into doc_interessado (id_turma, id_docente) values (208, 9);
insert into doc_interessado (id_turma, id_docente) values (207, 9);
insert into doc_interessado (id_turma, id_docente) values (208, 9);
insert into doc_interessado (id_turma, id_docente) values (207, 7);
insert into doc_interessado (id_turma, id_docente) values (208, 7);
insert into doc_interessado (id_turma, id_docente) values (209, 11);
insert into doc_interessado (id_turma, id_docente) values (210, 11);
insert into doc_interessado (id_turma, id_docente) values (209, 18);
insert into doc_interessado (id_turma, id_docente) values (210, 18);
insert into doc_interessado (id_turma, id_docente) values (209, 22);
insert into doc_interessado (id_turma, id_docente) values (210, 22);
insert into doc_interessado (id_turma, id_docente) values (211, 11);
insert into doc_interessado (id_turma, id_docente) values (212, 11);
insert into doc_interessado (id_turma, id_docente) values (211, 13);
insert into doc_interessado (id_turma, id_docente) values (212, 13);
insert into doc_interessado (id_turma, id_docente) values (211, 6);
insert into doc_interessado (id_turma, id_docente) values (212, 6);
insert into doc_interessado (id_turma, id_docente) values (213, 8);
insert into doc_interessado (id_turma, id_docente) values (214, 8);
insert into doc_interessado (id_turma, id_docente) values (213, 12);
insert into doc_interessado (id_turma, id_docente) values (214, 12);
insert into doc_interessado (id_turma, id_docente) values (213, 22);
insert into doc_interessado (id_turma, id_docente) values (214, 22);
insert into doc_interessado (id_turma, id_docente) values (215, 21);
insert into doc_interessado (id_turma, id_docente) values (216, 21);
insert into doc_interessado (id_turma, id_docente) values (215, 10);
insert into doc_interessado (id_turma, id_docente) values (216, 10);
insert into doc_interessado (id_turma, id_docente) values (217, 24);
insert into doc_interessado (id_turma, id_docente) values (218, 24);
insert into doc_interessado (id_turma, id_docente) values (217, 27);
insert into doc_interessado (id_turma, id_docente) values (218, 27);
insert into doc_interessado (id_turma, id_docente) values (217, 17);
insert into doc_interessado (id_turma, id_docente) values (218, 17);
insert into doc_interessado (id_turma, id_docente) values (217, 6);
insert into doc_interessado (id_turma, id_docente) values (218, 6);
insert into doc_interessado (id_turma, id_docente) values (219, 9);
insert into doc_interessado (id_turma, id_docente) values (220, 9);
insert into doc_interessado (id_turma, id_docente) values (221, 10);
insert into doc_interessado (id_turma, id_docente) values (222, 10);
insert into doc_interessado (id_turma, id_docente) values (221, 27);
insert into doc_interessado (id_turma, id_docente) values (222, 27);
insert into doc_interessado (id_turma, id_docente) values (223, 6);
insert into doc_interessado (id_turma, id_docente) values (224, 6);
insert into doc_interessado (id_turma, id_docente) values (225, 4);
insert into doc_interessado (id_turma, id_docente) values (226, 4);
insert into doc_interessado (id_turma, id_docente) values (227, 8);
insert into doc_interessado (id_turma, id_docente) values (228, 8);
insert into doc_interessado (id_turma, id_docente) values (227, 5);
insert into doc_interessado (id_turma, id_docente) values (228, 5);
insert into doc_interessado (id_turma, id_docente) values (229, 9);
insert into doc_interessado (id_turma, id_docente) values (230, 9);
insert into doc_interessado (id_turma, id_docente) values (229, 13);
insert into doc_interessado (id_turma, id_docente) values (230, 13);
insert into doc_interessado (id_turma, id_docente) values (229, 3);
insert into doc_interessado (id_turma, id_docente) values (230, 3);
insert into doc_interessado (id_turma, id_docente) values (229, 11);
insert into doc_interessado (id_turma, id_docente) values (230, 11);
insert into doc_interessado (id_turma, id_docente) values (231, 7);
insert into doc_interessado (id_turma, id_docente) values (232, 7);
insert into doc_interessado (id_turma, id_docente) values (231, 5);
insert into doc_interessado (id_turma, id_docente) values (232, 5);
insert into doc_interessado (id_turma, id_docente) values (231, 6);
insert into doc_interessado (id_turma, id_docente) values (232, 6);
insert into doc_interessado (id_turma, id_docente) values (231, 24);
insert into doc_interessado (id_turma, id_docente) values (232, 24);
insert into doc_interessado (id_turma, id_docente) values (233, 13);
insert into doc_interessado (id_turma, id_docente) values (234, 13);
insert into doc_interessado (id_turma, id_docente) values (233, 22);
insert into doc_interessado (id_turma, id_docente) values (234, 22);
insert into doc_interessado (id_turma, id_docente) values (235, 21);
insert into doc_interessado (id_turma, id_docente) values (236, 21);
insert into doc_interessado (id_turma, id_docente) values (235, 10);
insert into doc_interessado (id_turma, id_docente) values (236, 10);
insert into doc_interessado (id_turma, id_docente) values (235, 11);
insert into doc_interessado (id_turma, id_docente) values (236, 11);
insert into doc_interessado (id_turma, id_docente) values (237, 7);
insert into doc_interessado (id_turma, id_docente) values (238, 7);
insert into doc_interessado (id_turma, id_docente) values (237, 10);
insert into doc_interessado (id_turma, id_docente) values (238, 10);
insert into doc_interessado (id_turma, id_docente) values (237, 12);
insert into doc_interessado (id_turma, id_docente) values (238, 12);
insert into doc_interessado (id_turma, id_docente) values (237, 8);
insert into doc_interessado (id_turma, id_docente) values (238, 8);
insert into doc_interessado (id_turma, id_docente) values (239, 14);
insert into doc_interessado (id_turma, id_docente) values (240, 14);
insert into doc_interessado (id_turma, id_docente) values (239, 6);
insert into doc_interessado (id_turma, id_docente) values (240, 6);
insert into doc_interessado (id_turma, id_docente) values (239, 13);
insert into doc_interessado (id_turma, id_docente) values (240, 13);
insert into doc_interessado (id_turma, id_docente) values (239, 14);
insert into doc_interessado (id_turma, id_docente) values (240, 14);
insert into doc_interessado (id_turma, id_docente) values (241, 14);
insert into doc_interessado (id_turma, id_docente) values (242, 14);
insert into doc_interessado (id_turma, id_docente) values (243, 4);
insert into doc_interessado (id_turma, id_docente) values (244, 4);
insert into doc_interessado (id_turma, id_docente) values (243, 4);
insert into doc_interessado (id_turma, id_docente) values (244, 4);
insert into doc_interessado (id_turma, id_docente) values (243, 3);
insert into doc_interessado (id_turma, id_docente) values (244, 3);
insert into doc_interessado (id_turma, id_docente) values (245, 13);
insert into doc_interessado (id_turma, id_docente) values (246, 13);
insert into doc_interessado (id_turma, id_docente) values (247, 18);
insert into doc_interessado (id_turma, id_docente) values (248, 18);
insert into doc_interessado (id_turma, id_docente) values (247, 24);
insert into doc_interessado (id_turma, id_docente) values (248, 24);
insert into doc_interessado (id_turma, id_docente) values (249, 20);
insert into doc_interessado (id_turma, id_docente) values (250, 20);
insert into doc_interessado (id_turma, id_docente) values (249, 7);
insert into doc_interessado (id_turma, id_docente) values (250, 7);
insert into doc_interessado (id_turma, id_docente) values (249, 20);
insert into doc_interessado (id_turma, id_docente) values (250, 20);
insert into doc_interessado (id_turma, id_docente) values (251, 26);
insert into doc_interessado (id_turma, id_docente) values (252, 26);
insert into doc_interessado (id_turma, id_docente) values (253, 7);
insert into doc_interessado (id_turma, id_docente) values (254, 7);
insert into doc_interessado (id_turma, id_docente) values (253, 4);
insert into doc_interessado (id_turma, id_docente) values (254, 4);
insert into doc_interessado (id_turma, id_docente) values (253, 27);
insert into doc_interessado (id_turma, id_docente) values (254, 27);
insert into doc_interessado (id_turma, id_docente) values (255, 21);
insert into doc_interessado (id_turma, id_docente) values (256, 21);
insert into doc_interessado (id_turma, id_docente) values (255, 24);
insert into doc_interessado (id_turma, id_docente) values (256, 24);
insert into doc_interessado (id_turma, id_docente) values (255, 18);
insert into doc_interessado (id_turma, id_docente) values (256, 18);
insert into doc_interessado (id_turma, id_docente) values (257, 11);
insert into doc_interessado (id_turma, id_docente) values (258, 11);
insert into doc_interessado (id_turma, id_docente) values (257, 15);
insert into doc_interessado (id_turma, id_docente) values (258, 15);
insert into doc_interessado (id_turma, id_docente) values (259, 18);
insert into doc_interessado (id_turma, id_docente) values (260, 18);
insert into doc_interessado (id_turma, id_docente) values (261, 19);
insert into doc_interessado (id_turma, id_docente) values (262, 19);
insert into doc_interessado (id_turma, id_docente) values (261, 18);
insert into doc_interessado (id_turma, id_docente) values (262, 18);
insert into doc_interessado (id_turma, id_docente) values (263, 12);
insert into doc_interessado (id_turma, id_docente) values (264, 12);
insert into doc_interessado (id_turma, id_docente) values (263, 21);
insert into doc_interessado (id_turma, id_docente) values (264, 21);
insert into doc_interessado (id_turma, id_docente) values (263, 5);
insert into doc_interessado (id_turma, id_docente) values (264, 5);
insert into doc_interessado (id_turma, id_docente) values (263, 3);
insert into doc_interessado (id_turma, id_docente) values (264, 3);
insert into doc_interessado (id_turma, id_docente) values (265, 19);
insert into doc_interessado (id_turma, id_docente) values (266, 19);
insert into doc_interessado (id_turma, id_docente) values (265, 13);
insert into doc_interessado (id_turma, id_docente) values (266, 13);
insert into doc_interessado (id_turma, id_docente) values (265, 8);
insert into doc_interessado (id_turma, id_docente) values (266, 8);
insert into doc_interessado (id_turma, id_docente) values (267, 15);
insert into doc_interessado (id_turma, id_docente) values (268, 15);
insert into doc_interessado (id_turma, id_docente) values (267, 19);
insert into doc_interessado (id_turma, id_docente) values (268, 19);
insert into doc_interessado (id_turma, id_docente) values (267, 3);
insert into doc_interessado (id_turma, id_docente) values (268, 3);
insert into doc_interessado (id_turma, id_docente) values (269, 16);
insert into doc_interessado (id_turma, id_docente) values (270, 16);
insert into doc_interessado (id_turma, id_docente) values (269, 20);
insert into doc_interessado (id_turma, id_docente) values (270, 20);
insert into doc_interessado (id_turma, id_docente) values (271, 13);
insert into doc_interessado (id_turma, id_docente) values (272, 13);
insert into doc_interessado (id_turma, id_docente) values (271, 18);
insert into doc_interessado (id_turma, id_docente) values (272, 18);
insert into doc_interessado (id_turma, id_docente) values (273, 8);
insert into doc_interessado (id_turma, id_docente) values (274, 8);
insert into doc_interessado (id_turma, id_docente) values (273, 15);
insert into doc_interessado (id_turma, id_docente) values (274, 15);
insert into doc_interessado (id_turma, id_docente) values (273, 7);
insert into doc_interessado (id_turma, id_docente) values (274, 7);
insert into doc_interessado (id_turma, id_docente) values (275, 26);
insert into doc_interessado (id_turma, id_docente) values (276, 26);
insert into doc_interessado (id_turma, id_docente) values (275, 4);
insert into doc_interessado (id_turma, id_docente) values (276, 4);
insert into doc_interessado (id_turma, id_docente) values (275, 24);
insert into doc_interessado (id_turma, id_docente) values (276, 24);
insert into doc_interessado (id_turma, id_docente) values (277, 24);
insert into doc_interessado (id_turma, id_docente) values (278, 24);
insert into doc_interessado (id_turma, id_docente) values (279, 17);
insert into doc_interessado (id_turma, id_docente) values (280, 17);
insert into doc_interessado (id_turma, id_docente) values (279, 8);
insert into doc_interessado (id_turma, id_docente) values (280, 8);
insert into doc_interessado (id_turma, id_docente) values (281, 5);
insert into doc_interessado (id_turma, id_docente) values (282, 5);
insert into doc_interessado (id_turma, id_docente) values (281, 23);
insert into doc_interessado (id_turma, id_docente) values (282, 23);
insert into doc_interessado (id_turma, id_docente) values (283, 9);
insert into doc_interessado (id_turma, id_docente) values (284, 9);
insert into doc_interessado (id_turma, id_docente) values (285, 9);
insert into doc_interessado (id_turma, id_docente) values (286, 9);
insert into doc_interessado (id_turma, id_docente) values (287, 25);
insert into doc_interessado (id_turma, id_docente) values (288, 25);
insert into doc_interessado (id_turma, id_docente) values (287, 14);
insert into doc_interessado (id_turma, id_docente) values (288, 14);
insert into doc_interessado (id_turma, id_docente) values (289, 8);
insert into doc_interessado (id_turma, id_docente) values (290, 8);
insert into doc_interessado (id_turma, id_docente) values (289, 9);
insert into doc_interessado (id_turma, id_docente) values (290, 9);
insert into doc_interessado (id_turma, id_docente) values (289, 16);
insert into doc_interessado (id_turma, id_docente) values (290, 16);
insert into doc_interessado (id_turma, id_docente) values (291, 12);
insert into doc_interessado (id_turma, id_docente) values (292, 12);
insert into doc_interessado (id_turma, id_docente) values (291, 17);
insert into doc_interessado (id_turma, id_docente) values (292, 17);
insert into doc_interessado (id_turma, id_docente) values (291, 18);
insert into doc_interessado (id_turma, id_docente) values (292, 18);
insert into doc_interessado (id_turma, id_docente) values (293, 11);
insert into doc_interessado (id_turma, id_docente) values (294, 11);
insert into doc_interessado (id_turma, id_docente) values (293, 16);
insert into doc_interessado (id_turma, id_docente) values (294, 16);
insert into doc_interessado (id_turma, id_docente) values (295, 7);
insert into doc_interessado (id_turma, id_docente) values (296, 7);
insert into doc_interessado (id_turma, id_docente) values (295, 23);
insert into doc_interessado (id_turma, id_docente) values (296, 23);
insert into doc_interessado (id_turma, id_docente) values (295, 13);
insert into doc_interessado (id_turma, id_docente) values (296, 13);
insert into doc_interessado (id_turma, id_docente) values (295, 6);
insert into doc_interessado (id_turma, id_docente) values (296, 6);
insert into doc_interessado (id_turma, id_docente) values (297, 4);
insert into doc_interessado (id_turma, id_docente) values (298, 4);
insert into doc_interessado (id_turma, id_docente) values (297, 27);
insert into doc_interessado (id_turma, id_docente) values (298, 27);
insert into doc_interessado (id_turma, id_docente) values (299, 27);
insert into doc_interessado (id_turma, id_docente) values (300, 27);
insert into doc_interessado (id_turma, id_docente) values (299, 12);
insert into doc_interessado (id_turma, id_docente) values (300, 12);
insert into doc_interessado (id_turma, id_docente) values (299, 21);
insert into doc_interessado (id_turma, id_docente) values (300, 21);
insert into doc_interessado (id_turma, id_docente) values (299, 19);
insert into doc_interessado (id_turma, id_docente) values (300, 19);
insert into doc_interessado (id_turma, id_docente) values (301, 17);
insert into doc_interessado (id_turma, id_docente) values (302, 17);
insert into doc_interessado (id_turma, id_docente) values (303, 16);
insert into doc_interessado (id_turma, id_docente) values (304, 16);
insert into doc_interessado (id_turma, id_docente) values (305, 7);
insert into doc_interessado (id_turma, id_docente) values (306, 7);
insert into doc_interessado (id_turma, id_docente) values (307, 21);
insert into doc_interessado (id_turma, id_docente) values (308, 21);
insert into doc_interessado (id_turma, id_docente) values (307, 12);
insert into doc_interessado (id_turma, id_docente) values (308, 12);
insert into doc_interessado (id_turma, id_docente) values (307, 7);
insert into doc_interessado (id_turma, id_docente) values (308, 7);
insert into doc_interessado (id_turma, id_docente) values (309, 15);
insert into doc_interessado (id_turma, id_docente) values (310, 15);
insert into doc_interessado (id_turma, id_docente) values (309, 7);
insert into doc_interessado (id_turma, id_docente) values (310, 7);
insert into doc_interessado (id_turma, id_docente) values (309, 12);
insert into doc_interessado (id_turma, id_docente) values (310, 12);
insert into doc_interessado (id_turma, id_docente) values (311, 9);
insert into doc_interessado (id_turma, id_docente) values (312, 9);
insert into doc_interessado (id_turma, id_docente) values (313, 5);
insert into doc_interessado (id_turma, id_docente) values (314, 5);
insert into doc_interessado (id_turma, id_docente) values (315, 17);
insert into doc_interessado (id_turma, id_docente) values (316, 17);
insert into doc_interessado (id_turma, id_docente) values (315, 7);
insert into doc_interessado (id_turma, id_docente) values (316, 7);
insert into doc_interessado (id_turma, id_docente) values (317, 16);
insert into doc_interessado (id_turma, id_docente) values (318, 16);
insert into doc_interessado (id_turma, id_docente) values (317, 14);
insert into doc_interessado (id_turma, id_docente) values (318, 14);
insert into doc_interessado (id_turma, id_docente) values (319, 5);
insert into doc_interessado (id_turma, id_docente) values (320, 5);
insert into doc_interessado (id_turma, id_docente) values (319, 19);
insert into doc_interessado (id_turma, id_docente) values (320, 19);
insert into doc_interessado (id_turma, id_docente) values (321, 3);
insert into doc_interessado (id_turma, id_docente) values (322, 3);
insert into doc_interessado (id_turma, id_docente) values (321, 21);
insert into doc_interessado (id_turma, id_docente) values (322, 21);
insert into doc_interessado (id_turma, id_docente) values (323, 19);
insert into doc_interessado (id_turma, id_docente) values (324, 19);
insert into doc_interessado (id_turma, id_docente) values (323, 24);
insert into doc_interessado (id_turma, id_docente) values (324, 24);
insert into doc_interessado (id_turma, id_docente) values (323, 24);
insert into doc_interessado (id_turma, id_docente) values (324, 24);
insert into doc_interessado (id_turma, id_docente) values (323, 8);
insert into doc_interessado (id_turma, id_docente) values (324, 8);
insert into doc_interessado (id_turma, id_docente) values (325, 26);
insert into doc_interessado (id_turma, id_docente) values (326, 26);
insert into doc_interessado (id_turma, id_docente) values (325, 5);
insert into doc_interessado (id_turma, id_docente) values (326, 5);
insert into doc_interessado (id_turma, id_docente) values (325, 21);
insert into doc_interessado (id_turma, id_docente) values (326, 21);
insert into doc_interessado (id_turma, id_docente) values (327, 23);
insert into doc_interessado (id_turma, id_docente) values (328, 23);
insert into doc_interessado (id_turma, id_docente) values (327, 11);
insert into doc_interessado (id_turma, id_docente) values (328, 11);
insert into doc_interessado (id_turma, id_docente) values (327, 19);
insert into doc_interessado (id_turma, id_docente) values (328, 19);
insert into doc_interessado (id_turma, id_docente) values (329, 25);
insert into doc_interessado (id_turma, id_docente) values (330, 25);
insert into doc_interessado (id_turma, id_docente) values (329, 6);
insert into doc_interessado (id_turma, id_docente) values (330, 6);
insert into doc_interessado (id_turma, id_docente) values (329, 13);
insert into doc_interessado (id_turma, id_docente) values (330, 13);
insert into doc_interessado (id_turma, id_docente) values (329, 27);
insert into doc_interessado (id_turma, id_docente) values (330, 27);
insert into doc_interessado (id_turma, id_docente) values (331, 17);
insert into doc_interessado (id_turma, id_docente) values (332, 17);
insert into doc_interessado (id_turma, id_docente) values (331, 26);
insert into doc_interessado (id_turma, id_docente) values (332, 26);
insert into doc_interessado (id_turma, id_docente) values (333, 17);
insert into doc_interessado (id_turma, id_docente) values (334, 17);
insert into doc_interessado (id_turma, id_docente) values (333, 10);
insert into doc_interessado (id_turma, id_docente) values (334, 10);
insert into doc_interessado (id_turma, id_docente) values (333, 17);
insert into doc_interessado (id_turma, id_docente) values (334, 17);
insert into doc_interessado (id_turma, id_docente) values (335, 16);
insert into doc_interessado (id_turma, id_docente) values (336, 16);
insert into doc_interessado (id_turma, id_docente) values (335, 16);
insert into doc_interessado (id_turma, id_docente) values (336, 16);
insert into doc_interessado (id_turma, id_docente) values (337, 3);
insert into doc_interessado (id_turma, id_docente) values (338, 3);
insert into doc_interessado (id_turma, id_docente) values (339, 24);
insert into doc_interessado (id_turma, id_docente) values (340, 24);
insert into doc_interessado (id_turma, id_docente) values (339, 11);
insert into doc_interessado (id_turma, id_docente) values (340, 11);
insert into doc_interessado (id_turma, id_docente) values (339, 8);
insert into doc_interessado (id_turma, id_docente) values (340, 8);
insert into doc_interessado (id_turma, id_docente) values (341, 26);
insert into doc_interessado (id_turma, id_docente) values (342, 26);
insert into doc_interessado (id_turma, id_docente) values (341, 14);
insert into doc_interessado (id_turma, id_docente) values (342, 14);
insert into doc_interessado (id_turma, id_docente) values (343, 6);
insert into doc_interessado (id_turma, id_docente) values (344, 6);
insert into doc_interessado (id_turma, id_docente) values (343, 25);
insert into doc_interessado (id_turma, id_docente) values (344, 25);
insert into doc_interessado (id_turma, id_docente) values (345, 17);
insert into doc_interessado (id_turma, id_docente) values (346, 17);
insert into doc_interessado (id_turma, id_docente) values (345, 13);
insert into doc_interessado (id_turma, id_docente) values (346, 13);
insert into doc_interessado (id_turma, id_docente) values (347, 13);
insert into doc_interessado (id_turma, id_docente) values (348, 13);
insert into doc_interessado (id_turma, id_docente) values (347, 23);
insert into doc_interessado (id_turma, id_docente) values (348, 23);
insert into doc_interessado (id_turma, id_docente) values (347, 17);
insert into doc_interessado (id_turma, id_docente) values (348, 17);
insert into doc_interessado (id_turma, id_docente) values (349, 16);
insert into doc_interessado (id_turma, id_docente) values (350, 16);
insert into doc_interessado (id_turma, id_docente) values (351, 4);
insert into doc_interessado (id_turma, id_docente) values (352, 4);
insert into doc_interessado (id_turma, id_docente) values (351, 5);
insert into doc_interessado (id_turma, id_docente) values (352, 5);
insert into doc_interessado (id_turma, id_docente) values (351, 19);
insert into doc_interessado (id_turma, id_docente) values (352, 19);
insert into doc_interessado (id_turma, id_docente) values (353, 13);
insert into doc_interessado (id_turma, id_docente) values (354, 13);
insert into doc_interessado (id_turma, id_docente) values (353, 27);
insert into doc_interessado (id_turma, id_docente) values (354, 27);
insert into doc_interessado (id_turma, id_docente) values (353, 3);
insert into doc_interessado (id_turma, id_docente) values (354, 3);
insert into doc_interessado (id_turma, id_docente) values (355, 16);
insert into doc_interessado (id_turma, id_docente) values (356, 16);
insert into doc_interessado (id_turma, id_docente) values (355, 5);
insert into doc_interessado (id_turma, id_docente) values (356, 5);
insert into doc_interessado (id_turma, id_docente) values (357, 12);
insert into doc_interessado (id_turma, id_docente) values (358, 12);
insert into doc_interessado (id_turma, id_docente) values (359, 17);
insert into doc_interessado (id_turma, id_docente) values (360, 17);
insert into doc_interessado (id_turma, id_docente) values (361, 25);
insert into doc_interessado (id_turma, id_docente) values (362, 25);
insert into doc_interessado (id_turma, id_docente) values (361, 22);
insert into doc_interessado (id_turma, id_docente) values (362, 22);
insert into doc_interessado (id_turma, id_docente) values (363, 17);
insert into doc_interessado (id_turma, id_docente) values (364, 17);
insert into doc_interessado (id_turma, id_docente) values (363, 4);
insert into doc_interessado (id_turma, id_docente) values (364, 4);
insert into doc_interessado (id_turma, id_docente) values (363, 16);
insert into doc_interessado (id_turma, id_docente) values (364, 16);
insert into doc_interessado (id_turma, id_docente) values (365, 11);
insert into doc_interessado (id_turma, id_docente) values (366, 11);
insert into doc_interessado (id_turma, id_docente) values (367, 27);
insert into doc_interessado (id_turma, id_docente) values (368, 27);
insert into doc_interessado (id_turma, id_docente) values (369, 7);
insert into doc_interessado (id_turma, id_docente) values (370, 7);
insert into doc_interessado (id_turma, id_docente) values (369, 10);
insert into doc_interessado (id_turma, id_docente) values (370, 10);
insert into doc_interessado (id_turma, id_docente) values (369, 18);
insert into doc_interessado (id_turma, id_docente) values (370, 18);
insert into doc_interessado (id_turma, id_docente) values (371, 4);
insert into doc_interessado (id_turma, id_docente) values (372, 4);
insert into doc_interessado (id_turma, id_docente) values (371, 16);
insert into doc_interessado (id_turma, id_docente) values (372, 16);
insert into doc_interessado (id_turma, id_docente) values (371, 24);
insert into doc_interessado (id_turma, id_docente) values (372, 24);
insert into doc_interessado (id_turma, id_docente) values (373, 20);
insert into doc_interessado (id_turma, id_docente) values (374, 20);
insert into doc_interessado (id_turma, id_docente) values (375, 9);
insert into doc_interessado (id_turma, id_docente) values (376, 9);
insert into doc_interessado (id_turma, id_docente) values (375, 7);
insert into doc_interessado (id_turma, id_docente) values (376, 7);
insert into doc_interessado (id_turma, id_docente) values (377, 7);
insert into doc_interessado (id_turma, id_docente) values (378, 7);
insert into doc_interessado (id_turma, id_docente) values (377, 12);
insert into doc_interessado (id_turma, id_docente) values (378, 12);
insert into doc_interessado (id_turma, id_docente) values (377, 20);
insert into doc_interessado (id_turma, id_docente) values (378, 20);
insert into doc_interessado (id_turma, id_docente) values (379, 17);
insert into doc_interessado (id_turma, id_docente) values (380, 17);
insert into doc_interessado (id_turma, id_docente) values (381, 10);
insert into doc_interessado (id_turma, id_docente) values (382, 10);
insert into doc_interessado (id_turma, id_docente) values (381, 11);
insert into doc_interessado (id_turma, id_docente) values (382, 11);
insert into doc_interessado (id_turma, id_docente) values (381, 5);
insert into doc_interessado (id_turma, id_docente) values (382, 5);
insert into doc_interessado (id_turma, id_docente) values (381, 10);
insert into doc_interessado (id_turma, id_docente) values (382, 10);
insert into doc_interessado (id_turma, id_docente) values (383, 13);
insert into doc_interessado (id_turma, id_docente) values (384, 13);
insert into doc_interessado (id_turma, id_docente) values (383, 26);
insert into doc_interessado (id_turma, id_docente) values (384, 26);
insert into doc_interessado (id_turma, id_docente) values (385, 10);
insert into doc_interessado (id_turma, id_docente) values (386, 10);
insert into doc_interessado (id_turma, id_docente) values (385, 17);
insert into doc_interessado (id_turma, id_docente) values (386, 17);
insert into doc_interessado (id_turma, id_docente) values (385, 22);
insert into doc_interessado (id_turma, id_docente) values (386, 22);
insert into doc_interessado (id_turma, id_docente) values (385, 12);
insert into doc_interessado (id_turma, id_docente) values (386, 12);
insert into doc_interessado (id_turma, id_docente) values (387, 18);
insert into doc_interessado (id_turma, id_docente) values (388, 18);
insert into doc_interessado (id_turma, id_docente) values (387, 24);
insert into doc_interessado (id_turma, id_docente) values (388, 24);
insert into doc_interessado (id_turma, id_docente) values (387, 24);
insert into doc_interessado (id_turma, id_docente) values (388, 24);
insert into doc_interessado (id_turma, id_docente) values (387, 6);
insert into doc_interessado (id_turma, id_docente) values (388, 6);
insert into doc_interessado (id_turma, id_docente) values (389, 7);
insert into doc_interessado (id_turma, id_docente) values (390, 7);
insert into doc_interessado (id_turma, id_docente) values (391, 17);
insert into doc_interessado (id_turma, id_docente) values (392, 17);
insert into doc_interessado (id_turma, id_docente) values (391, 18);
insert into doc_interessado (id_turma, id_docente) values (392, 18);
insert into doc_interessado (id_turma, id_docente) values (393, 15);
insert into doc_interessado (id_turma, id_docente) values (394, 15);
insert into doc_interessado (id_turma, id_docente) values (393, 15);
insert into doc_interessado (id_turma, id_docente) values (394, 15);
insert into doc_interessado (id_turma, id_docente) values (395, 9);
insert into doc_interessado (id_turma, id_docente) values (396, 9);
insert into doc_interessado (id_turma, id_docente) values (395, 14);
insert into doc_interessado (id_turma, id_docente) values (396, 14);
insert into doc_interessado (id_turma, id_docente) values (395, 11);
insert into doc_interessado (id_turma, id_docente) values (396, 11);
insert into doc_interessado (id_turma, id_docente) values (397, 27);
insert into doc_interessado (id_turma, id_docente) values (398, 27);
insert into doc_interessado (id_turma, id_docente) values (397, 21);
insert into doc_interessado (id_turma, id_docente) values (398, 21);
insert into doc_interessado (id_turma, id_docente) values (397, 12);
insert into doc_interessado (id_turma, id_docente) values (398, 12);
insert into doc_interessado (id_turma, id_docente) values (399, 18);
insert into doc_interessado (id_turma, id_docente) values (400, 18);
insert into doc_interessado (id_turma, id_docente) values (399, 19);
insert into doc_interessado (id_turma, id_docente) values (400, 19);
insert into doc_interessado (id_turma, id_docente) values (399, 7);
insert into doc_interessado (id_turma, id_docente) values (400, 7);
insert into doc_interessado (id_turma, id_docente) values (399, 5);
insert into doc_interessado (id_turma, id_docente) values (400, 5);
insert into doc_interessado (id_turma, id_docente) values (401, 8);
insert into doc_interessado (id_turma, id_docente) values (402, 8);
insert into doc_interessado (id_turma, id_docente) values (403, 27);
insert into doc_interessado (id_turma, id_docente) values (404, 27);
insert into doc_interessado (id_turma, id_docente) values (403, 27);
insert into doc_interessado (id_turma, id_docente) values (404, 27);
insert into doc_interessado (id_turma, id_docente) values (403, 14);
insert into doc_interessado (id_turma, id_docente) values (404, 14);
insert into doc_interessado (id_turma, id_docente) values (405, 22);
insert into doc_interessado (id_turma, id_docente) values (406, 22);
insert into doc_interessado (id_turma, id_docente) values (405, 4);
insert into doc_interessado (id_turma, id_docente) values (406, 4);
insert into doc_interessado (id_turma, id_docente) values (405, 5);
insert into doc_interessado (id_turma, id_docente) values (406, 5);
insert into doc_interessado (id_turma, id_docente) values (405, 14);
insert into doc_interessado (id_turma, id_docente) values (406, 14);
insert into doc_interessado (id_turma, id_docente) values (407, 6);
insert into doc_interessado (id_turma, id_docente) values (408, 6);
insert into doc_interessado (id_turma, id_docente) values (409, 25);
insert into doc_interessado (id_turma, id_docente) values (410, 25);
insert into doc_interessado (id_turma, id_docente) values (411, 25);
insert into doc_interessado (id_turma, id_docente) values (412, 25);
insert into doc_interessado (id_turma, id_docente) values (413, 23);
insert into doc_interessado (id_turma, id_docente) values (414, 23);
insert into doc_interessado (id_turma, id_docente) values (413, 10);
insert into doc_interessado (id_turma, id_docente) values (414, 10);
insert into doc_interessado (id_turma, id_docente) values (415, 9);
insert into doc_interessado (id_turma, id_docente) values (416, 9);
insert into doc_interessado (id_turma, id_docente) values (415, 9);
insert into doc_interessado (id_turma, id_docente) values (416, 9);
insert into doc_interessado (id_turma, id_docente) values (415, 26);
insert into doc_interessado (id_turma, id_docente) values (416, 26);
insert into doc_interessado (id_turma, id_docente) values (417, 10);
insert into doc_interessado (id_turma, id_docente) values (418, 10);
insert into doc_interessado (id_turma, id_docente) values (419, 16);
insert into doc_interessado (id_turma, id_docente) values (420, 16);
insert into doc_interessado (id_turma, id_docente) values (419, 14);
insert into doc_interessado (id_turma, id_docente) values (420, 14);
insert into doc_interessado (id_turma, id_docente) values (419, 17);
insert into doc_interessado (id_turma, id_docente) values (420, 17);
insert into doc_interessado (id_turma, id_docente) values (419, 25);
insert into doc_interessado (id_turma, id_docente) values (420, 25);
insert into doc_interessado (id_turma, id_docente) values (421, 26);
insert into doc_interessado (id_turma, id_docente) values (422, 26);
insert into doc_interessado (id_turma, id_docente) values (421, 25);
insert into doc_interessado (id_turma, id_docente) values (422, 25);
insert into doc_interessado (id_turma, id_docente) values (421, 11);
insert into doc_interessado (id_turma, id_docente) values (422, 11);
insert into doc_interessado (id_turma, id_docente) values (421, 26);
insert into doc_interessado (id_turma, id_docente) values (422, 26);
insert into doc_interessado (id_turma, id_docente) values (423, 26);
insert into doc_interessado (id_turma, id_docente) values (424, 26);
insert into doc_interessado (id_turma, id_docente) values (423, 26);
insert into doc_interessado (id_turma, id_docente) values (424, 26);
insert into doc_interessado (id_turma, id_docente) values (423, 4);
insert into doc_interessado (id_turma, id_docente) values (424, 4);
insert into doc_interessado (id_turma, id_docente) values (425, 22);
insert into doc_interessado (id_turma, id_docente) values (426, 22);
insert into doc_interessado (id_turma, id_docente) values (425, 21);
insert into doc_interessado (id_turma, id_docente) values (426, 21);
insert into doc_interessado (id_turma, id_docente) values (425, 22);
insert into doc_interessado (id_turma, id_docente) values (426, 22);
insert into doc_interessado (id_turma, id_docente) values (427, 12);
insert into doc_interessado (id_turma, id_docente) values (428, 12);
insert into doc_interessado (id_turma, id_docente) values (429, 24);
insert into doc_interessado (id_turma, id_docente) values (430, 24);
insert into doc_interessado (id_turma, id_docente) values (429, 16);
insert into doc_interessado (id_turma, id_docente) values (430, 16);
insert into doc_interessado (id_turma, id_docente) values (429, 17);
insert into doc_interessado (id_turma, id_docente) values (430, 17);
insert into doc_interessado (id_turma, id_docente) values (431, 19);
insert into doc_interessado (id_turma, id_docente) values (432, 19);
insert into doc_interessado (id_turma, id_docente) values (431, 21);
insert into doc_interessado (id_turma, id_docente) values (432, 21);
insert into doc_interessado (id_turma, id_docente) values (431, 8);
insert into doc_interessado (id_turma, id_docente) values (432, 8);
insert into doc_interessado (id_turma, id_docente) values (431, 18);
insert into doc_interessado (id_turma, id_docente) values (432, 18);
insert into doc_interessado (id_turma, id_docente) values (433, 3);
insert into doc_interessado (id_turma, id_docente) values (434, 3);
insert into doc_interessado (id_turma, id_docente) values (433, 18);
insert into doc_interessado (id_turma, id_docente) values (434, 18);
insert into doc_interessado (id_turma, id_docente) values (435, 18);
insert into doc_interessado (id_turma, id_docente) values (436, 18);
insert into doc_interessado (id_turma, id_docente) values (435, 18);
insert into doc_interessado (id_turma, id_docente) values (436, 18);
insert into doc_interessado (id_turma, id_docente) values (435, 7);
insert into doc_interessado (id_turma, id_docente) values (436, 7);
insert into doc_interessado (id_turma, id_docente) values (435, 6);
insert into doc_interessado (id_turma, id_docente) values (436, 6);
insert into doc_interessado (id_turma, id_docente) values (437, 24);
insert into doc_interessado (id_turma, id_docente) values (438, 24);
insert into doc_interessado (id_turma, id_docente) values (437, 18);
insert into doc_interessado (id_turma, id_docente) values (438, 18);
insert into doc_interessado (id_turma, id_docente) values (437, 3);
insert into doc_interessado (id_turma, id_docente) values (438, 3);
insert into doc_interessado (id_turma, id_docente) values (439, 10);
insert into doc_interessado (id_turma, id_docente) values (440, 10);
insert into doc_interessado (id_turma, id_docente) values (441, 5);
insert into doc_interessado (id_turma, id_docente) values (442, 5);
insert into doc_interessado (id_turma, id_docente) values (443, 14);
insert into doc_interessado (id_turma, id_docente) values (444, 14);
insert into doc_interessado (id_turma, id_docente) values (443, 8);
insert into doc_interessado (id_turma, id_docente) values (444, 8);
insert into doc_interessado (id_turma, id_docente) values (445, 6);
insert into doc_interessado (id_turma, id_docente) values (446, 6);
insert into doc_interessado (id_turma, id_docente) values (445, 26);
insert into doc_interessado (id_turma, id_docente) values (446, 26);
insert into doc_interessado (id_turma, id_docente) values (445, 23);
insert into doc_interessado (id_turma, id_docente) values (446, 23);
insert into doc_interessado (id_turma, id_docente) values (447, 12);
insert into doc_interessado (id_turma, id_docente) values (448, 12);
insert into doc_interessado (id_turma, id_docente) values (449, 18);
insert into doc_interessado (id_turma, id_docente) values (450, 18);
insert into doc_interessado (id_turma, id_docente) values (451, 26);
insert into doc_interessado (id_turma, id_docente) values (452, 26);
insert into doc_interessado (id_turma, id_docente) values (451, 25);
insert into doc_interessado (id_turma, id_docente) values (452, 25);
insert into doc_interessado (id_turma, id_docente) values (451, 15);
insert into doc_interessado (id_turma, id_docente) values (452, 15);
insert into doc_interessado (id_turma, id_docente) values (453, 7);
insert into doc_interessado (id_turma, id_docente) values (454, 7);
insert into doc_interessado (id_turma, id_docente) values (453, 25);
insert into doc_interessado (id_turma, id_docente) values (454, 25);
insert into doc_interessado (id_turma, id_docente) values (453, 27);
insert into doc_interessado (id_turma, id_docente) values (454, 27);
insert into doc_interessado (id_turma, id_docente) values (455, 6);
insert into doc_interessado (id_turma, id_docente) values (456, 6);
insert into doc_interessado (id_turma, id_docente) values (457, 24);
insert into doc_interessado (id_turma, id_docente) values (458, 24);
insert into doc_interessado (id_turma, id_docente) values (457, 22);
insert into doc_interessado (id_turma, id_docente) values (458, 22);
insert into doc_interessado (id_turma, id_docente) values (459, 11);
insert into doc_interessado (id_turma, id_docente) values (460, 11);
insert into doc_interessado (id_turma, id_docente) values (459, 19);
insert into doc_interessado (id_turma, id_docente) values (460, 19);
insert into doc_interessado (id_turma, id_docente) values (461, 27);
insert into doc_interessado (id_turma, id_docente) values (462, 27);
insert into doc_interessado (id_turma, id_docente) values (463, 6);
insert into doc_interessado (id_turma, id_docente) values (464, 6);
insert into doc_interessado (id_turma, id_docente) values (463, 16);
insert into doc_interessado (id_turma, id_docente) values (464, 16);
insert into doc_interessado (id_turma, id_docente) values (463, 13);
insert into doc_interessado (id_turma, id_docente) values (464, 13);
insert into doc_interessado (id_turma, id_docente) values (465, 9);
insert into doc_interessado (id_turma, id_docente) values (466, 9);
insert into doc_interessado (id_turma, id_docente) values (467, 13);
insert into doc_interessado (id_turma, id_docente) values (468, 13);
insert into doc_interessado (id_turma, id_docente) values (467, 16);
insert into doc_interessado (id_turma, id_docente) values (468, 16);
insert into doc_interessado (id_turma, id_docente) values (467, 19);
insert into doc_interessado (id_turma, id_docente) values (468, 19);
insert into doc_interessado (id_turma, id_docente) values (467, 23);
insert into doc_interessado (id_turma, id_docente) values (468, 23);
insert into doc_interessado (id_turma, id_docente) values (469, 5);
insert into doc_interessado (id_turma, id_docente) values (470, 5);
insert into doc_interessado (id_turma, id_docente) values (469, 9);
insert into doc_interessado (id_turma, id_docente) values (470, 9);
insert into doc_interessado (id_turma, id_docente) values (469, 17);
insert into doc_interessado (id_turma, id_docente) values (470, 17);
insert into doc_interessado (id_turma, id_docente) values (471, 11);
insert into doc_interessado (id_turma, id_docente) values (472, 11);
insert into doc_interessado (id_turma, id_docente) values (471, 4);
insert into doc_interessado (id_turma, id_docente) values (472, 4);
insert into doc_interessado (id_turma, id_docente) values (471, 24);
insert into doc_interessado (id_turma, id_docente) values (472, 24);
insert into doc_interessado (id_turma, id_docente) values (473, 27);
insert into doc_interessado (id_turma, id_docente) values (474, 27);
insert into doc_interessado (id_turma, id_docente) values (475, 6);
insert into doc_interessado (id_turma, id_docente) values (476, 6);
insert into doc_interessado (id_turma, id_docente) values (475, 17);
insert into doc_interessado (id_turma, id_docente) values (476, 17);
insert into doc_interessado (id_turma, id_docente) values (477, 26);
insert into doc_interessado (id_turma, id_docente) values (478, 26);
insert into doc_interessado (id_turma, id_docente) values (477, 6);
insert into doc_interessado (id_turma, id_docente) values (478, 6);
insert into doc_interessado (id_turma, id_docente) values (479, 4);
insert into doc_interessado (id_turma, id_docente) values (480, 4);
insert into doc_interessado (id_turma, id_docente) values (479, 11);
insert into doc_interessado (id_turma, id_docente) values (480, 11);
insert into doc_interessado (id_turma, id_docente) values (479, 25);
insert into doc_interessado (id_turma, id_docente) values (480, 25);
insert into doc_interessado (id_turma, id_docente) values (481, 15);
insert into doc_interessado (id_turma, id_docente) values (482, 15);
insert into doc_interessado (id_turma, id_docente) values (481, 5);
insert into doc_interessado (id_turma, id_docente) values (482, 5);
insert into doc_interessado (id_turma, id_docente) values (481, 27);
insert into doc_interessado (id_turma, id_docente) values (482, 27);
insert into doc_interessado (id_turma, id_docente) values (483, 10);
insert into doc_interessado (id_turma, id_docente) values (484, 10);
insert into doc_interessado (id_turma, id_docente) values (485, 13);
insert into doc_interessado (id_turma, id_docente) values (486, 13);
insert into doc_interessado (id_turma, id_docente) values (485, 19);
insert into doc_interessado (id_turma, id_docente) values (486, 19);
insert into doc_interessado (id_turma, id_docente) values (485, 26);
insert into doc_interessado (id_turma, id_docente) values (486, 26);
insert into doc_interessado (id_turma, id_docente) values (485, 20);
insert into doc_interessado (id_turma, id_docente) values (486, 20);
insert into doc_interessado (id_turma, id_docente) values (487, 13);
insert into doc_interessado (id_turma, id_docente) values (488, 13);
insert into doc_interessado (id_turma, id_docente) values (487, 5);
insert into doc_interessado (id_turma, id_docente) values (488, 5);
insert into doc_interessado (id_turma, id_docente) values (487, 27);
insert into doc_interessado (id_turma, id_docente) values (488, 27);
insert into doc_interessado (id_turma, id_docente) values (487, 17);
insert into doc_interessado (id_turma, id_docente) values (488, 17);
insert into doc_interessado (id_turma, id_docente) values (489, 19);
insert into doc_interessado (id_turma, id_docente) values (490, 19);
insert into doc_interessado (id_turma, id_docente) values (489, 11);
insert into doc_interessado (id_turma, id_docente) values (490, 11);
insert into doc_interessado (id_turma, id_docente) values (491, 23);
insert into doc_interessado (id_turma, id_docente) values (492, 23);
insert into doc_interessado (id_turma, id_docente) values (491, 9);
insert into doc_interessado (id_turma, id_docente) values (492, 9);
insert into doc_interessado (id_turma, id_docente) values (491, 27);
insert into doc_interessado (id_turma, id_docente) values (492, 27);
insert into doc_interessado (id_turma, id_docente) values (491, 13);
insert into doc_interessado (id_turma, id_docente) values (492, 13);
insert into doc_interessado (id_turma, id_docente) values (493, 3);
insert into doc_interessado (id_turma, id_docente) values (494, 3);
insert into doc_interessado (id_turma, id_docente) values (493, 21);
insert into doc_interessado (id_turma, id_docente) values (494, 21);
insert into doc_interessado (id_turma, id_docente) values (495, 7);
insert into doc_interessado (id_turma, id_docente) values (496, 7);
insert into doc_interessado (id_turma, id_docente) values (495, 3);
insert into doc_interessado (id_turma, id_docente) values (496, 3);
insert into doc_interessado (id_turma, id_docente) values (495, 17);
insert into doc_interessado (id_turma, id_docente) values (496, 17);
insert into doc_interessado (id_turma, id_docente) values (495, 18);
insert into doc_interessado (id_turma, id_docente) values (496, 18);
insert into doc_interessado (id_turma, id_docente) values (497, 22);
insert into doc_interessado (id_turma, id_docente) values (498, 22);
insert into doc_interessado (id_turma, id_docente) values (497, 12);
insert into doc_interessado (id_turma, id_docente) values (498, 12);
insert into doc_interessado (id_turma, id_docente) values (497, 17);
insert into doc_interessado (id_turma, id_docente) values (498, 17);
insert into doc_interessado (id_turma, id_docente) values (499, 27);
insert into doc_interessado (id_turma, id_docente) values (500, 27);
insert into doc_interessado (id_turma, id_docente) values (499, 8);
insert into doc_interessado (id_turma, id_docente) values (500, 8);
insert into doc_interessado (id_turma, id_docente) values (501, 17);
insert into doc_interessado (id_turma, id_docente) values (502, 17);
insert into doc_interessado (id_turma, id_docente) values (501, 4);
insert into doc_interessado (id_turma, id_docente) values (502, 4);
insert into doc_interessado (id_turma, id_docente) values (501, 19);
insert into doc_interessado (id_turma, id_docente) values (502, 19);
insert into doc_interessado (id_turma, id_docente) values (503, 4);
insert into doc_interessado (id_turma, id_docente) values (504, 4);
insert into doc_interessado (id_turma, id_docente) values (503, 13);
insert into doc_interessado (id_turma, id_docente) values (504, 13);
insert into doc_interessado (id_turma, id_docente) values (505, 14);
insert into doc_interessado (id_turma, id_docente) values (506, 14);
insert into doc_interessado (id_turma, id_docente) values (505, 9);
insert into doc_interessado (id_turma, id_docente) values (506, 9);
insert into doc_interessado (id_turma, id_docente) values (505, 7);
insert into doc_interessado (id_turma, id_docente) values (506, 7);
insert into doc_interessado (id_turma, id_docente) values (507, 23);
insert into doc_interessado (id_turma, id_docente) values (508, 23);
insert into doc_interessado (id_turma, id_docente) values (507, 15);
insert into doc_interessado (id_turma, id_docente) values (508, 15);
insert into doc_interessado (id_turma, id_docente) values (509, 17);
insert into doc_interessado (id_turma, id_docente) values (510, 17);
insert into doc_interessado (id_turma, id_docente) values (509, 8);
insert into doc_interessado (id_turma, id_docente) values (510, 8);
insert into doc_interessado (id_turma, id_docente) values (509, 15);
insert into doc_interessado (id_turma, id_docente) values (510, 15);
insert into doc_interessado (id_turma, id_docente) values (511, 15);
insert into doc_interessado (id_turma, id_docente) values (512, 15);
insert into doc_interessado (id_turma, id_docente) values (511, 23);
insert into doc_interessado (id_turma, id_docente) values (512, 23);
insert into doc_interessado (id_turma, id_docente) values (513, 7);
insert into doc_interessado (id_turma, id_docente) values (514, 7);
insert into doc_interessado (id_turma, id_docente) values (515, 11);
insert into doc_interessado (id_turma, id_docente) values (516, 11);
insert into doc_interessado (id_turma, id_docente) values (515, 6);
insert into doc_interessado (id_turma, id_docente) values (516, 6);
insert into doc_interessado (id_turma, id_docente) values (517, 26);
insert into doc_interessado (id_turma, id_docente) values (518, 26);
insert into doc_interessado (id_turma, id_docente) values (519, 4);
insert into doc_interessado (id_turma, id_docente) values (520, 4);
insert into doc_interessado (id_turma, id_docente) values (519, 22);
insert into doc_interessado (id_turma, id_docente) values (520, 22);
insert into doc_interessado (id_turma, id_docente) values (519, 16);
insert into doc_interessado (id_turma, id_docente) values (520, 16);
insert into doc_interessado (id_turma, id_docente) values (521, 22);
insert into doc_interessado (id_turma, id_docente) values (522, 22);
insert into doc_interessado (id_turma, id_docente) values (523, 20);
insert into doc_interessado (id_turma, id_docente) values (524, 20);
insert into doc_interessado (id_turma, id_docente) values (523, 19);
insert into doc_interessado (id_turma, id_docente) values (524, 19);
insert into doc_interessado (id_turma, id_docente) values (525, 17);
insert into doc_interessado (id_turma, id_docente) values (526, 17);
insert into doc_interessado (id_turma, id_docente) values (525, 4);
insert into doc_interessado (id_turma, id_docente) values (526, 4);
insert into doc_interessado (id_turma, id_docente) values (525, 20);
insert into doc_interessado (id_turma, id_docente) values (526, 20);
insert into doc_interessado (id_turma, id_docente) values (525, 16);
insert into doc_interessado (id_turma, id_docente) values (526, 16);
insert into doc_interessado (id_turma, id_docente) values (527, 20);
insert into doc_interessado (id_turma, id_docente) values (528, 20);
insert into doc_interessado (id_turma, id_docente) values (527, 6);
insert into doc_interessado (id_turma, id_docente) values (528, 6);
insert into doc_interessado (id_turma, id_docente) values (529, 18);
insert into doc_interessado (id_turma, id_docente) values (530, 18);
insert into doc_interessado (id_turma, id_docente) values (529, 18);
insert into doc_interessado (id_turma, id_docente) values (530, 18);
insert into doc_interessado (id_turma, id_docente) values (529, 20);
insert into doc_interessado (id_turma, id_docente) values (530, 20);
insert into doc_interessado (id_turma, id_docente) values (531, 7);
insert into doc_interessado (id_turma, id_docente) values (532, 7);
insert into doc_interessado (id_turma, id_docente) values (533, 5);
insert into doc_interessado (id_turma, id_docente) values (534, 5);
insert into doc_interessado (id_turma, id_docente) values (533, 9);
insert into doc_interessado (id_turma, id_docente) values (534, 9);
insert into doc_interessado (id_turma, id_docente) values (533, 19);
insert into doc_interessado (id_turma, id_docente) values (534, 19);
insert into doc_interessado (id_turma, id_docente) values (533, 8);
insert into doc_interessado (id_turma, id_docente) values (534, 8);
insert into doc_interessado (id_turma, id_docente) values (535, 3);
insert into doc_interessado (id_turma, id_docente) values (536, 3);
insert into doc_interessado (id_turma, id_docente) values (535, 11);
insert into doc_interessado (id_turma, id_docente) values (536, 11);
insert into doc_interessado (id_turma, id_docente) values (535, 6);
insert into doc_interessado (id_turma, id_docente) values (536, 6);
insert into doc_interessado (id_turma, id_docente) values (537, 4);
insert into doc_interessado (id_turma, id_docente) values (538, 4);
insert into doc_interessado (id_turma, id_docente) values (539, 16);
insert into doc_interessado (id_turma, id_docente) values (540, 16);
insert into doc_interessado (id_turma, id_docente) values (539, 17);
insert into doc_interessado (id_turma, id_docente) values (540, 17);
insert into doc_interessado (id_turma, id_docente) values (541, 22);
insert into doc_interessado (id_turma, id_docente) values (542, 22);
insert into doc_interessado (id_turma, id_docente) values (541, 9);
insert into doc_interessado (id_turma, id_docente) values (542, 9);
insert into doc_interessado (id_turma, id_docente) values (543, 13);
insert into doc_interessado (id_turma, id_docente) values (544, 13);
insert into doc_interessado (id_turma, id_docente) values (543, 23);
insert into doc_interessado (id_turma, id_docente) values (544, 23);
insert into doc_interessado (id_turma, id_docente) values (543, 6);
insert into doc_interessado (id_turma, id_docente) values (544, 6);
insert into doc_interessado (id_turma, id_docente) values (543, 19);
insert into doc_interessado (id_turma, id_docente) values (544, 19);
insert into doc_interessado (id_turma, id_docente) values (545, 23);
insert into doc_interessado (id_turma, id_docente) values (546, 23);
insert into doc_interessado (id_turma, id_docente) values (545, 4);
insert into doc_interessado (id_turma, id_docente) values (546, 4);
insert into doc_interessado (id_turma, id_docente) values (547, 20);
insert into doc_interessado (id_turma, id_docente) values (548, 20);
insert into doc_interessado (id_turma, id_docente) values (547, 22);
insert into doc_interessado (id_turma, id_docente) values (548, 22);
insert into doc_interessado (id_turma, id_docente) values (549, 27);
insert into doc_interessado (id_turma, id_docente) values (550, 27);
insert into doc_interessado (id_turma, id_docente) values (549, 14);
insert into doc_interessado (id_turma, id_docente) values (550, 14);
insert into doc_interessado (id_turma, id_docente) values (551, 14);
insert into doc_interessado (id_turma, id_docente) values (552, 14);
insert into doc_interessado (id_turma, id_docente) values (551, 5);
insert into doc_interessado (id_turma, id_docente) values (552, 5);
insert into doc_interessado (id_turma, id_docente) values (553, 5);
insert into doc_interessado (id_turma, id_docente) values (554, 5);
insert into doc_interessado (id_turma, id_docente) values (553, 24);
insert into doc_interessado (id_turma, id_docente) values (554, 24);
insert into doc_interessado (id_turma, id_docente) values (555, 13);
insert into doc_interessado (id_turma, id_docente) values (556, 13);
insert into doc_interessado (id_turma, id_docente) values (555, 7);
insert into doc_interessado (id_turma, id_docente) values (556, 7);
insert into doc_interessado (id_turma, id_docente) values (555, 18);
insert into doc_interessado (id_turma, id_docente) values (556, 18);
insert into doc_interessado (id_turma, id_docente) values (557, 10);
insert into doc_interessado (id_turma, id_docente) values (558, 10);
insert into doc_interessado (id_turma, id_docente) values (557, 8);
insert into doc_interessado (id_turma, id_docente) values (558, 8);
insert into doc_interessado (id_turma, id_docente) values (559, 14);
insert into doc_interessado (id_turma, id_docente) values (560, 14);
insert into doc_interessado (id_turma, id_docente) values (561, 18);
insert into doc_interessado (id_turma, id_docente) values (562, 18);
insert into doc_interessado (id_turma, id_docente) values (561, 8);
insert into doc_interessado (id_turma, id_docente) values (562, 8);
insert into doc_interessado (id_turma, id_docente) values (561, 10);
insert into doc_interessado (id_turma, id_docente) values (562, 10);
insert into doc_interessado (id_turma, id_docente) values (563, 22);
insert into doc_interessado (id_turma, id_docente) values (564, 22);
insert into doc_interessado (id_turma, id_docente) values (565, 15);
insert into doc_interessado (id_turma, id_docente) values (566, 15);
insert into doc_interessado (id_turma, id_docente) values (565, 7);
insert into doc_interessado (id_turma, id_docente) values (566, 7);
insert into doc_interessado (id_turma, id_docente) values (567, 24);
insert into doc_interessado (id_turma, id_docente) values (568, 24);
insert into doc_interessado (id_turma, id_docente) values (567, 13);
insert into doc_interessado (id_turma, id_docente) values (568, 13);
insert into doc_interessado (id_turma, id_docente) values (567, 20);
insert into doc_interessado (id_turma, id_docente) values (568, 20);
insert into doc_interessado (id_turma, id_docente) values (567, 23);
insert into doc_interessado (id_turma, id_docente) values (568, 23);
insert into doc_interessado (id_turma, id_docente) values (569, 11);
insert into doc_interessado (id_turma, id_docente) values (570, 11);
insert into doc_interessado (id_turma, id_docente) values (569, 7);
insert into doc_interessado (id_turma, id_docente) values (570, 7);
insert into doc_interessado (id_turma, id_docente) values (569, 4);
insert into doc_interessado (id_turma, id_docente) values (570, 4);
insert into doc_interessado (id_turma, id_docente) values (569, 24);
insert into doc_interessado (id_turma, id_docente) values (570, 24);
insert into doc_indicado (id_turma, id_docente) values (1, 19);
insert into doc_indicado (id_turma, id_docente) values (2, 19);
insert into doc_indicado (id_turma, id_docente) values (3, 18);
insert into doc_indicado (id_turma, id_docente) values (4, 18);
insert into doc_indicado (id_turma, id_docente) values (5, 13);
insert into doc_indicado (id_turma, id_docente) values (6, 13);
insert into doc_indicado (id_turma, id_docente) values (7, 21);
insert into doc_indicado (id_turma, id_docente) values (8, 21);
insert into doc_indicado (id_turma, id_docente) values (9, 11);
insert into doc_indicado (id_turma, id_docente) values (10, 11);
insert into doc_indicado (id_turma, id_docente) values (11, 3);
insert into doc_indicado (id_turma, id_docente) values (12, 3);
insert into doc_indicado (id_turma, id_docente) values (13, 13);
insert into doc_indicado (id_turma, id_docente) values (14, 13);
insert into doc_indicado (id_turma, id_docente) values (15, 4);
insert into doc_indicado (id_turma, id_docente) values (16, 4);
insert into doc_indicado (id_turma, id_docente) values (17, 19);
insert into doc_indicado (id_turma, id_docente) values (18, 19);
insert into doc_indicado (id_turma, id_docente) values (19, 6);
insert into doc_indicado (id_turma, id_docente) values (20, 6);
insert into doc_indicado (id_turma, id_docente) values (21, 25);
insert into doc_indicado (id_turma, id_docente) values (22, 25);
insert into doc_indicado (id_turma, id_docente) values (23, 5);
insert into doc_indicado (id_turma, id_docente) values (24, 5);
insert into doc_indicado (id_turma, id_docente) values (25, 3);
insert into doc_indicado (id_turma, id_docente) values (26, 3);
insert into doc_indicado (id_turma, id_docente) values (27, 11);
insert into doc_indicado (id_turma, id_docente) values (28, 11);
insert into doc_indicado (id_turma, id_docente) values (29, 19);
insert into doc_indicado (id_turma, id_docente) values (30, 19);
insert into doc_indicado (id_turma, id_docente) values (31, 17);
insert into doc_indicado (id_turma, id_docente) values (32, 17);
insert into doc_indicado (id_turma, id_docente) values (33, 17);
insert into doc_indicado (id_turma, id_docente) values (34, 17);
insert into doc_indicado (id_turma, id_docente) values (35, 19);
insert into doc_indicado (id_turma, id_docente) values (36, 19);
insert into doc_indicado (id_turma, id_docente) values (37, 9);
insert into doc_indicado (id_turma, id_docente) values (38, 9);
insert into doc_indicado (id_turma, id_docente) values (39, 15);
insert into doc_indicado (id_turma, id_docente) values (40, 15);
insert into doc_indicado (id_turma, id_docente) values (41, 10);
insert into doc_indicado (id_turma, id_docente) values (42, 10);
insert into doc_indicado (id_turma, id_docente) values (43, 14);
insert into doc_indicado (id_turma, id_docente) values (44, 14);
insert into doc_indicado (id_turma, id_docente) values (45, 13);
insert into doc_indicado (id_turma, id_docente) values (46, 13);
insert into doc_indicado (id_turma, id_docente) values (47, 22);
insert into doc_indicado (id_turma, id_docente) values (48, 22);
insert into doc_indicado (id_turma, id_docente) values (49, 27);
insert into doc_indicado (id_turma, id_docente) values (50, 27);
insert into doc_indicado (id_turma, id_docente) values (51, 18);
insert into doc_indicado (id_turma, id_docente) values (52, 18);
insert into doc_indicado (id_turma, id_docente) values (53, 16);
insert into doc_indicado (id_turma, id_docente) values (54, 16);
insert into doc_indicado (id_turma, id_docente) values (55, 12);
insert into doc_indicado (id_turma, id_docente) values (56, 12);
insert into doc_indicado (id_turma, id_docente) values (57, 26);
insert into doc_indicado (id_turma, id_docente) values (58, 26);
insert into doc_indicado (id_turma, id_docente) values (59, 12);
insert into doc_indicado (id_turma, id_docente) values (60, 12);
insert into doc_indicado (id_turma, id_docente) values (61, 27);
insert into doc_indicado (id_turma, id_docente) values (62, 27);
insert into doc_indicado (id_turma, id_docente) values (63, 22);
insert into doc_indicado (id_turma, id_docente) values (64, 22);
insert into doc_indicado (id_turma, id_docente) values (65, 5);
insert into doc_indicado (id_turma, id_docente) values (66, 5);
insert into doc_indicado (id_turma, id_docente) values (67, 26);
insert into doc_indicado (id_turma, id_docente) values (68, 26);
insert into doc_indicado (id_turma, id_docente) values (69, 16);
insert into doc_indicado (id_turma, id_docente) values (70, 16);
insert into doc_indicado (id_turma, id_docente) values (71, 13);
insert into doc_indicado (id_turma, id_docente) values (72, 13);
insert into doc_indicado (id_turma, id_docente) values (73, 12);
insert into doc_indicado (id_turma, id_docente) values (74, 12);
insert into doc_indicado (id_turma, id_docente) values (75, 9);
insert into doc_indicado (id_turma, id_docente) values (76, 9);
insert into doc_indicado (id_turma, id_docente) values (77, 27);
insert into doc_indicado (id_turma, id_docente) values (78, 27);
insert into doc_indicado (id_turma, id_docente) values (79, 25);
insert into doc_indicado (id_turma, id_docente) values (80, 25);
insert into doc_indicado (id_turma, id_docente) values (81, 19);
insert into doc_indicado (id_turma, id_docente) values (82, 19);
insert into doc_indicado (id_turma, id_docente) values (83, 23);
insert into doc_indicado (id_turma, id_docente) values (84, 23);
insert into doc_indicado (id_turma, id_docente) values (85, 18);
insert into doc_indicado (id_turma, id_docente) values (86, 18);
insert into doc_indicado (id_turma, id_docente) values (87, 3);
insert into doc_indicado (id_turma, id_docente) values (88, 3);
insert into doc_indicado (id_turma, id_docente) values (89, 21);
insert into doc_indicado (id_turma, id_docente) values (90, 21);
insert into doc_indicado (id_turma, id_docente) values (91, 13);
insert into doc_indicado (id_turma, id_docente) values (92, 13);
insert into doc_indicado (id_turma, id_docente) values (93, 26);
insert into doc_indicado (id_turma, id_docente) values (94, 26);
insert into doc_indicado (id_turma, id_docente) values (95, 18);
insert into doc_indicado (id_turma, id_docente) values (96, 18);
insert into doc_indicado (id_turma, id_docente) values (97, 8);
insert into doc_indicado (id_turma, id_docente) values (98, 8);
insert into doc_indicado (id_turma, id_docente) values (99, 6);
insert into doc_indicado (id_turma, id_docente) values (100, 6);
insert into doc_indicado (id_turma, id_docente) values (101, 20);
insert into doc_indicado (id_turma, id_docente) values (102, 20);
insert into doc_indicado (id_turma, id_docente) values (103, 14);
insert into doc_indicado (id_turma, id_docente) values (104, 14);
insert into doc_indicado (id_turma, id_docente) values (105, 11);
insert into doc_indicado (id_turma, id_docente) values (106, 11);
insert into doc_indicado (id_turma, id_docente) values (107, 7);
insert into doc_indicado (id_turma, id_docente) values (108, 7);
insert into doc_indicado (id_turma, id_docente) values (109, 20);
insert into doc_indicado (id_turma, id_docente) values (110, 20);
insert into doc_indicado (id_turma, id_docente) values (111, 4);
insert into doc_indicado (id_turma, id_docente) values (112, 4);
insert into doc_indicado (id_turma, id_docente) values (113, 27);
insert into doc_indicado (id_turma, id_docente) values (114, 27);
insert into doc_indicado (id_turma, id_docente) values (115, 19);
insert into doc_indicado (id_turma, id_docente) values (116, 19);
insert into doc_indicado (id_turma, id_docente) values (117, 18);
insert into doc_indicado (id_turma, id_docente) values (118, 18);
insert into doc_indicado (id_turma, id_docente) values (119, 13);
insert into doc_indicado (id_turma, id_docente) values (120, 13);
insert into doc_indicado (id_turma, id_docente) values (121, 21);
insert into doc_indicado (id_turma, id_docente) values (122, 21);
insert into doc_indicado (id_turma, id_docente) values (123, 11);
insert into doc_indicado (id_turma, id_docente) values (124, 11);
insert into doc_indicado (id_turma, id_docente) values (125, 3);
insert into doc_indicado (id_turma, id_docente) values (126, 3);
insert into doc_indicado (id_turma, id_docente) values (127, 13);
insert into doc_indicado (id_turma, id_docente) values (128, 13);
insert into doc_indicado (id_turma, id_docente) values (129, 4);
insert into doc_indicado (id_turma, id_docente) values (130, 4);
insert into doc_indicado (id_turma, id_docente) values (131, 19);
insert into doc_indicado (id_turma, id_docente) values (132, 19);
insert into doc_indicado (id_turma, id_docente) values (133, 6);
insert into doc_indicado (id_turma, id_docente) values (134, 6);
insert into doc_indicado (id_turma, id_docente) values (135, 25);
insert into doc_indicado (id_turma, id_docente) values (136, 25);
insert into doc_indicado (id_turma, id_docente) values (137, 5);
insert into doc_indicado (id_turma, id_docente) values (138, 5);
insert into doc_indicado (id_turma, id_docente) values (139, 3);
insert into doc_indicado (id_turma, id_docente) values (140, 3);
insert into doc_indicado (id_turma, id_docente) values (141, 11);
insert into doc_indicado (id_turma, id_docente) values (142, 11);
insert into doc_indicado (id_turma, id_docente) values (143, 19);
insert into doc_indicado (id_turma, id_docente) values (144, 19);
insert into doc_indicado (id_turma, id_docente) values (145, 17);
insert into doc_indicado (id_turma, id_docente) values (146, 17);
insert into doc_indicado (id_turma, id_docente) values (147, 17);
insert into doc_indicado (id_turma, id_docente) values (148, 17);
insert into doc_indicado (id_turma, id_docente) values (149, 19);
insert into doc_indicado (id_turma, id_docente) values (150, 19);
insert into doc_indicado (id_turma, id_docente) values (151, 9);
insert into doc_indicado (id_turma, id_docente) values (152, 9);
insert into doc_indicado (id_turma, id_docente) values (153, 15);
insert into doc_indicado (id_turma, id_docente) values (154, 15);
insert into doc_indicado (id_turma, id_docente) values (155, 10);
insert into doc_indicado (id_turma, id_docente) values (156, 10);
insert into doc_indicado (id_turma, id_docente) values (157, 14);
insert into doc_indicado (id_turma, id_docente) values (158, 14);
insert into doc_indicado (id_turma, id_docente) values (159, 13);
insert into doc_indicado (id_turma, id_docente) values (160, 13);
insert into doc_indicado (id_turma, id_docente) values (161, 22);
insert into doc_indicado (id_turma, id_docente) values (162, 22);
insert into doc_indicado (id_turma, id_docente) values (163, 27);
insert into doc_indicado (id_turma, id_docente) values (164, 27);
insert into doc_indicado (id_turma, id_docente) values (165, 18);
insert into doc_indicado (id_turma, id_docente) values (166, 18);
insert into doc_indicado (id_turma, id_docente) values (167, 16);
insert into doc_indicado (id_turma, id_docente) values (168, 16);
insert into doc_indicado (id_turma, id_docente) values (169, 12);
insert into doc_indicado (id_turma, id_docente) values (170, 12);
insert into doc_indicado (id_turma, id_docente) values (171, 26);
insert into doc_indicado (id_turma, id_docente) values (172, 26);
insert into doc_indicado (id_turma, id_docente) values (173, 12);
insert into doc_indicado (id_turma, id_docente) values (174, 12);
insert into doc_indicado (id_turma, id_docente) values (175, 27);
insert into doc_indicado (id_turma, id_docente) values (176, 27);
insert into doc_indicado (id_turma, id_docente) values (177, 22);
insert into doc_indicado (id_turma, id_docente) values (178, 22);
insert into doc_indicado (id_turma, id_docente) values (179, 5);
insert into doc_indicado (id_turma, id_docente) values (180, 5);
insert into doc_indicado (id_turma, id_docente) values (181, 26);
insert into doc_indicado (id_turma, id_docente) values (182, 26);
insert into doc_indicado (id_turma, id_docente) values (183, 16);
insert into doc_indicado (id_turma, id_docente) values (184, 16);
insert into doc_indicado (id_turma, id_docente) values (185, 13);
insert into doc_indicado (id_turma, id_docente) values (186, 13);
insert into doc_indicado (id_turma, id_docente) values (187, 12);
insert into doc_indicado (id_turma, id_docente) values (188, 12);
insert into doc_indicado (id_turma, id_docente) values (189, 9);
insert into doc_indicado (id_turma, id_docente) values (190, 9);
insert into doc_indicado (id_turma, id_docente) values (191, 27);
insert into doc_indicado (id_turma, id_docente) values (192, 27);
insert into doc_indicado (id_turma, id_docente) values (193, 25);
insert into doc_indicado (id_turma, id_docente) values (194, 25);
insert into doc_indicado (id_turma, id_docente) values (195, 19);
insert into doc_indicado (id_turma, id_docente) values (196, 19);
insert into doc_indicado (id_turma, id_docente) values (197, 23);
insert into doc_indicado (id_turma, id_docente) values (198, 23);
insert into doc_indicado (id_turma, id_docente) values (199, 18);
insert into doc_indicado (id_turma, id_docente) values (200, 18);
insert into doc_indicado (id_turma, id_docente) values (201, 3);
insert into doc_indicado (id_turma, id_docente) values (202, 3);
insert into doc_indicado (id_turma, id_docente) values (203, 21);
insert into doc_indicado (id_turma, id_docente) values (204, 21);
insert into doc_indicado (id_turma, id_docente) values (205, 13);
insert into doc_indicado (id_turma, id_docente) values (206, 13);
insert into doc_indicado (id_turma, id_docente) values (207, 26);
insert into doc_indicado (id_turma, id_docente) values (208, 26);
insert into doc_indicado (id_turma, id_docente) values (209, 18);
insert into doc_indicado (id_turma, id_docente) values (210, 18);
insert into doc_indicado (id_turma, id_docente) values (211, 8);
insert into doc_indicado (id_turma, id_docente) values (212, 8);
insert into doc_indicado (id_turma, id_docente) values (213, 6);
insert into doc_indicado (id_turma, id_docente) values (214, 6);
insert into doc_indicado (id_turma, id_docente) values (215, 20);
insert into doc_indicado (id_turma, id_docente) values (216, 20);
insert into doc_indicado (id_turma, id_docente) values (217, 14);
insert into doc_indicado (id_turma, id_docente) values (218, 14);
insert into doc_indicado (id_turma, id_docente) values (219, 11);
insert into doc_indicado (id_turma, id_docente) values (220, 11);
insert into doc_indicado (id_turma, id_docente) values (221, 7);
insert into doc_indicado (id_turma, id_docente) values (222, 7);
insert into doc_indicado (id_turma, id_docente) values (223, 20);
insert into doc_indicado (id_turma, id_docente) values (224, 20);
insert into doc_indicado (id_turma, id_docente) values (225, 4);
insert into doc_indicado (id_turma, id_docente) values (226, 4);
insert into doc_indicado (id_turma, id_docente) values (227, 27);
insert into doc_indicado (id_turma, id_docente) values (228, 27);
insert into doc_indicado (id_turma, id_docente) values (229, 19);
insert into doc_indicado (id_turma, id_docente) values (230, 19);
insert into doc_indicado (id_turma, id_docente) values (231, 18);
insert into doc_indicado (id_turma, id_docente) values (232, 18);
insert into doc_indicado (id_turma, id_docente) values (233, 13);
insert into doc_indicado (id_turma, id_docente) values (234, 13);
insert into doc_indicado (id_turma, id_docente) values (235, 21);
insert into doc_indicado (id_turma, id_docente) values (236, 21);
insert into doc_indicado (id_turma, id_docente) values (237, 11);
insert into doc_indicado (id_turma, id_docente) values (238, 11);
insert into doc_indicado (id_turma, id_docente) values (239, 3);
insert into doc_indicado (id_turma, id_docente) values (240, 3);
insert into doc_indicado (id_turma, id_docente) values (241, 13);
insert into doc_indicado (id_turma, id_docente) values (242, 13);
insert into doc_indicado (id_turma, id_docente) values (243, 4);
insert into doc_indicado (id_turma, id_docente) values (244, 4);
insert into doc_indicado (id_turma, id_docente) values (245, 19);
insert into doc_indicado (id_turma, id_docente) values (246, 19);
insert into doc_indicado (id_turma, id_docente) values (247, 6);
insert into doc_indicado (id_turma, id_docente) values (248, 6);
insert into doc_indicado (id_turma, id_docente) values (249, 25);
insert into doc_indicado (id_turma, id_docente) values (250, 25);
insert into doc_indicado (id_turma, id_docente) values (251, 5);
insert into doc_indicado (id_turma, id_docente) values (252, 5);
insert into doc_indicado (id_turma, id_docente) values (253, 3);
insert into doc_indicado (id_turma, id_docente) values (254, 3);
insert into doc_indicado (id_turma, id_docente) values (255, 11);
insert into doc_indicado (id_turma, id_docente) values (256, 11);
insert into doc_indicado (id_turma, id_docente) values (257, 19);
insert into doc_indicado (id_turma, id_docente) values (258, 19);
insert into doc_indicado (id_turma, id_docente) values (259, 17);
insert into doc_indicado (id_turma, id_docente) values (260, 17);
insert into doc_indicado (id_turma, id_docente) values (261, 17);
insert into doc_indicado (id_turma, id_docente) values (262, 17);
insert into doc_indicado (id_turma, id_docente) values (263, 19);
insert into doc_indicado (id_turma, id_docente) values (264, 19);
insert into doc_indicado (id_turma, id_docente) values (265, 9);
insert into doc_indicado (id_turma, id_docente) values (266, 9);
insert into doc_indicado (id_turma, id_docente) values (267, 15);
insert into doc_indicado (id_turma, id_docente) values (268, 15);
insert into doc_indicado (id_turma, id_docente) values (269, 10);
insert into doc_indicado (id_turma, id_docente) values (270, 10);
insert into doc_indicado (id_turma, id_docente) values (271, 14);
insert into doc_indicado (id_turma, id_docente) values (272, 14);
insert into doc_indicado (id_turma, id_docente) values (273, 13);
insert into doc_indicado (id_turma, id_docente) values (274, 13);
insert into doc_indicado (id_turma, id_docente) values (275, 22);
insert into doc_indicado (id_turma, id_docente) values (276, 22);
insert into doc_indicado (id_turma, id_docente) values (277, 27);
insert into doc_indicado (id_turma, id_docente) values (278, 27);
insert into doc_indicado (id_turma, id_docente) values (279, 18);
insert into doc_indicado (id_turma, id_docente) values (280, 18);
insert into doc_indicado (id_turma, id_docente) values (281, 16);
insert into doc_indicado (id_turma, id_docente) values (282, 16);
insert into doc_indicado (id_turma, id_docente) values (283, 12);
insert into doc_indicado (id_turma, id_docente) values (284, 12);
insert into doc_indicado (id_turma, id_docente) values (285, 26);
insert into doc_indicado (id_turma, id_docente) values (286, 26);
insert into doc_indicado (id_turma, id_docente) values (287, 12);
insert into doc_indicado (id_turma, id_docente) values (288, 12);
insert into doc_indicado (id_turma, id_docente) values (289, 27);
insert into doc_indicado (id_turma, id_docente) values (290, 27);
insert into doc_indicado (id_turma, id_docente) values (291, 22);
insert into doc_indicado (id_turma, id_docente) values (292, 22);
insert into doc_indicado (id_turma, id_docente) values (293, 5);
insert into doc_indicado (id_turma, id_docente) values (294, 5);
insert into doc_indicado (id_turma, id_docente) values (295, 26);
insert into doc_indicado (id_turma, id_docente) values (296, 26);
insert into doc_indicado (id_turma, id_docente) values (297, 16);
insert into doc_indicado (id_turma, id_docente) values (298, 16);
insert into doc_indicado (id_turma, id_docente) values (299, 13);
insert into doc_indicado (id_turma, id_docente) values (300, 13);
insert into doc_indicado (id_turma, id_docente) values (301, 12);
insert into doc_indicado (id_turma, id_docente) values (302, 12);
insert into doc_indicado (id_turma, id_docente) values (303, 9);
insert into doc_indicado (id_turma, id_docente) values (304, 9);
insert into doc_indicado (id_turma, id_docente) values (305, 27);
insert into doc_indicado (id_turma, id_docente) values (306, 27);
insert into doc_indicado (id_turma, id_docente) values (307, 25);
insert into doc_indicado (id_turma, id_docente) values (308, 25);
insert into doc_indicado (id_turma, id_docente) values (309, 19);
insert into doc_indicado (id_turma, id_docente) values (310, 19);
insert into doc_indicado (id_turma, id_docente) values (311, 23);
insert into doc_indicado (id_turma, id_docente) values (312, 23);
insert into doc_indicado (id_turma, id_docente) values (313, 18);
insert into doc_indicado (id_turma, id_docente) values (314, 18);
insert into doc_indicado (id_turma, id_docente) values (315, 3);
insert into doc_indicado (id_turma, id_docente) values (316, 3);
insert into doc_indicado (id_turma, id_docente) values (317, 21);
insert into doc_indicado (id_turma, id_docente) values (318, 21);
insert into doc_indicado (id_turma, id_docente) values (319, 13);
insert into doc_indicado (id_turma, id_docente) values (320, 13);
insert into doc_indicado (id_turma, id_docente) values (321, 26);
insert into doc_indicado (id_turma, id_docente) values (322, 26);
insert into doc_indicado (id_turma, id_docente) values (323, 18);
insert into doc_indicado (id_turma, id_docente) values (324, 18);
insert into doc_indicado (id_turma, id_docente) values (325, 8);
insert into doc_indicado (id_turma, id_docente) values (326, 8);
insert into doc_indicado (id_turma, id_docente) values (327, 6);
insert into doc_indicado (id_turma, id_docente) values (328, 6);
insert into doc_indicado (id_turma, id_docente) values (329, 20);
insert into doc_indicado (id_turma, id_docente) values (330, 20);
insert into doc_indicado (id_turma, id_docente) values (331, 14);
insert into doc_indicado (id_turma, id_docente) values (332, 14);
insert into doc_indicado (id_turma, id_docente) values (333, 11);
insert into doc_indicado (id_turma, id_docente) values (334, 11);
insert into doc_indicado (id_turma, id_docente) values (335, 7);
insert into doc_indicado (id_turma, id_docente) values (336, 7);
insert into doc_indicado (id_turma, id_docente) values (337, 20);
insert into doc_indicado (id_turma, id_docente) values (338, 20);
insert into doc_indicado (id_turma, id_docente) values (339, 4);
insert into doc_indicado (id_turma, id_docente) values (340, 4);
insert into doc_indicado (id_turma, id_docente) values (341, 27);
insert into doc_indicado (id_turma, id_docente) values (342, 27);
insert into doc_indicado (id_turma, id_docente) values (343, 19);
insert into doc_indicado (id_turma, id_docente) values (344, 19);
insert into doc_indicado (id_turma, id_docente) values (345, 18);
insert into doc_indicado (id_turma, id_docente) values (346, 18);
insert into doc_indicado (id_turma, id_docente) values (347, 13);
insert into doc_indicado (id_turma, id_docente) values (348, 13);
insert into doc_indicado (id_turma, id_docente) values (349, 21);
insert into doc_indicado (id_turma, id_docente) values (350, 21);
insert into doc_indicado (id_turma, id_docente) values (351, 11);
insert into doc_indicado (id_turma, id_docente) values (352, 11);
insert into doc_indicado (id_turma, id_docente) values (353, 3);
insert into doc_indicado (id_turma, id_docente) values (354, 3);
insert into doc_indicado (id_turma, id_docente) values (355, 13);
insert into doc_indicado (id_turma, id_docente) values (356, 13);
insert into doc_indicado (id_turma, id_docente) values (357, 4);
insert into doc_indicado (id_turma, id_docente) values (358, 4);
insert into doc_indicado (id_turma, id_docente) values (359, 19);
insert into doc_indicado (id_turma, id_docente) values (360, 19);
insert into doc_indicado (id_turma, id_docente) values (361, 6);
insert into doc_indicado (id_turma, id_docente) values (362, 6);
insert into doc_indicado (id_turma, id_docente) values (363, 25);
insert into doc_indicado (id_turma, id_docente) values (364, 25);
insert into doc_indicado (id_turma, id_docente) values (365, 5);
insert into doc_indicado (id_turma, id_docente) values (366, 5);
insert into doc_indicado (id_turma, id_docente) values (367, 3);
insert into doc_indicado (id_turma, id_docente) values (368, 3);
insert into doc_indicado (id_turma, id_docente) values (369, 11);
insert into doc_indicado (id_turma, id_docente) values (370, 11);
insert into doc_indicado (id_turma, id_docente) values (371, 19);
insert into doc_indicado (id_turma, id_docente) values (372, 19);
insert into doc_indicado (id_turma, id_docente) values (373, 17);
insert into doc_indicado (id_turma, id_docente) values (374, 17);
insert into doc_indicado (id_turma, id_docente) values (375, 17);
insert into doc_indicado (id_turma, id_docente) values (376, 17);
insert into doc_indicado (id_turma, id_docente) values (377, 19);
insert into doc_indicado (id_turma, id_docente) values (378, 19);
insert into doc_indicado (id_turma, id_docente) values (379, 9);
insert into doc_indicado (id_turma, id_docente) values (380, 9);
insert into doc_indicado (id_turma, id_docente) values (381, 15);
insert into doc_indicado (id_turma, id_docente) values (382, 15);
insert into doc_indicado (id_turma, id_docente) values (383, 10);
insert into doc_indicado (id_turma, id_docente) values (384, 10);
insert into doc_indicado (id_turma, id_docente) values (385, 14);
insert into doc_indicado (id_turma, id_docente) values (386, 14);
insert into doc_indicado (id_turma, id_docente) values (387, 13);
insert into doc_indicado (id_turma, id_docente) values (388, 13);
insert into doc_indicado (id_turma, id_docente) values (389, 22);
insert into doc_indicado (id_turma, id_docente) values (390, 22);
insert into doc_indicado (id_turma, id_docente) values (391, 27);
insert into doc_indicado (id_turma, id_docente) values (392, 27);
insert into doc_indicado (id_turma, id_docente) values (393, 18);
insert into doc_indicado (id_turma, id_docente) values (394, 18);
insert into doc_indicado (id_turma, id_docente) values (395, 16);
insert into doc_indicado (id_turma, id_docente) values (396, 16);
insert into doc_indicado (id_turma, id_docente) values (397, 12);
insert into doc_indicado (id_turma, id_docente) values (398, 12);
insert into doc_indicado (id_turma, id_docente) values (399, 26);
insert into doc_indicado (id_turma, id_docente) values (400, 26);
insert into doc_indicado (id_turma, id_docente) values (401, 12);
insert into doc_indicado (id_turma, id_docente) values (402, 12);
insert into doc_indicado (id_turma, id_docente) values (403, 27);
insert into doc_indicado (id_turma, id_docente) values (404, 27);
insert into doc_indicado (id_turma, id_docente) values (405, 22);
insert into doc_indicado (id_turma, id_docente) values (406, 22);
insert into doc_indicado (id_turma, id_docente) values (407, 5);
insert into doc_indicado (id_turma, id_docente) values (408, 5);
insert into doc_indicado (id_turma, id_docente) values (409, 26);
insert into doc_indicado (id_turma, id_docente) values (410, 26);
insert into doc_indicado (id_turma, id_docente) values (411, 16);
insert into doc_indicado (id_turma, id_docente) values (412, 16);
insert into doc_indicado (id_turma, id_docente) values (413, 13);
insert into doc_indicado (id_turma, id_docente) values (414, 13);
insert into doc_indicado (id_turma, id_docente) values (415, 12);
insert into doc_indicado (id_turma, id_docente) values (416, 12);
insert into doc_indicado (id_turma, id_docente) values (417, 9);
insert into doc_indicado (id_turma, id_docente) values (418, 9);
insert into doc_indicado (id_turma, id_docente) values (419, 27);
insert into doc_indicado (id_turma, id_docente) values (420, 27);
insert into doc_indicado (id_turma, id_docente) values (421, 25);
insert into doc_indicado (id_turma, id_docente) values (422, 25);
insert into doc_indicado (id_turma, id_docente) values (423, 19);
insert into doc_indicado (id_turma, id_docente) values (424, 19);
insert into doc_indicado (id_turma, id_docente) values (425, 23);
insert into doc_indicado (id_turma, id_docente) values (426, 23);
insert into doc_indicado (id_turma, id_docente) values (427, 18);
insert into doc_indicado (id_turma, id_docente) values (428, 18);
insert into doc_indicado (id_turma, id_docente) values (429, 3);
insert into doc_indicado (id_turma, id_docente) values (430, 3);
insert into doc_indicado (id_turma, id_docente) values (431, 21);
insert into doc_indicado (id_turma, id_docente) values (432, 21);
insert into doc_indicado (id_turma, id_docente) values (433, 13);
insert into doc_indicado (id_turma, id_docente) values (434, 13);
insert into doc_indicado (id_turma, id_docente) values (435, 26);
insert into doc_indicado (id_turma, id_docente) values (436, 26);
insert into doc_indicado (id_turma, id_docente) values (437, 18);
insert into doc_indicado (id_turma, id_docente) values (438, 18);
insert into doc_indicado (id_turma, id_docente) values (439, 8);
insert into doc_indicado (id_turma, id_docente) values (440, 8);
insert into doc_indicado (id_turma, id_docente) values (441, 6);
insert into doc_indicado (id_turma, id_docente) values (442, 6);
insert into doc_indicado (id_turma, id_docente) values (443, 20);
insert into doc_indicado (id_turma, id_docente) values (444, 20);
insert into doc_indicado (id_turma, id_docente) values (445, 14);
insert into doc_indicado (id_turma, id_docente) values (446, 14);
insert into doc_indicado (id_turma, id_docente) values (447, 11);
insert into doc_indicado (id_turma, id_docente) values (448, 11);
insert into doc_indicado (id_turma, id_docente) values (449, 7);
insert into doc_indicado (id_turma, id_docente) values (450, 7);
insert into doc_indicado (id_turma, id_docente) values (451, 20);
insert into doc_indicado (id_turma, id_docente) values (452, 20);
insert into doc_indicado (id_turma, id_docente) values (453, 4);
insert into doc_indicado (id_turma, id_docente) values (454, 4);
insert into doc_indicado (id_turma, id_docente) values (455, 27);
insert into doc_indicado (id_turma, id_docente) values (456, 27);
insert into doc_indicado (id_turma, id_docente) values (457, 19);
insert into doc_indicado (id_turma, id_docente) values (458, 19);
insert into doc_indicado (id_turma, id_docente) values (459, 18);
insert into doc_indicado (id_turma, id_docente) values (460, 18);
insert into doc_indicado (id_turma, id_docente) values (461, 13);
insert into doc_indicado (id_turma, id_docente) values (462, 13);
insert into doc_indicado (id_turma, id_docente) values (463, 21);
insert into doc_indicado (id_turma, id_docente) values (464, 21);
insert into doc_indicado (id_turma, id_docente) values (465, 11);
insert into doc_indicado (id_turma, id_docente) values (466, 11);
insert into doc_indicado (id_turma, id_docente) values (467, 3);
insert into doc_indicado (id_turma, id_docente) values (468, 3);
insert into doc_indicado (id_turma, id_docente) values (469, 13);
insert into doc_indicado (id_turma, id_docente) values (470, 13);
insert into doc_indicado (id_turma, id_docente) values (471, 4);
insert into doc_indicado (id_turma, id_docente) values (472, 4);
insert into doc_indicado (id_turma, id_docente) values (473, 19);
insert into doc_indicado (id_turma, id_docente) values (474, 19);
insert into doc_indicado (id_turma, id_docente) values (475, 6);
insert into doc_indicado (id_turma, id_docente) values (476, 6);
insert into doc_indicado (id_turma, id_docente) values (477, 25);
insert into doc_indicado (id_turma, id_docente) values (478, 25);
insert into doc_indicado (id_turma, id_docente) values (479, 5);
insert into doc_indicado (id_turma, id_docente) values (480, 5);
insert into doc_indicado (id_turma, id_docente) values (481, 3);
insert into doc_indicado (id_turma, id_docente) values (482, 3);
insert into doc_indicado (id_turma, id_docente) values (483, 11);
insert into doc_indicado (id_turma, id_docente) values (484, 11);
insert into doc_indicado (id_turma, id_docente) values (485, 19);
insert into doc_indicado (id_turma, id_docente) values (486, 19);
insert into doc_indicado (id_turma, id_docente) values (487, 17);
insert into doc_indicado (id_turma, id_docente) values (488, 17);
insert into doc_indicado (id_turma, id_docente) values (489, 17);
insert into doc_indicado (id_turma, id_docente) values (490, 17);
insert into doc_indicado (id_turma, id_docente) values (491, 19);
insert into doc_indicado (id_turma, id_docente) values (492, 19);
insert into doc_indicado (id_turma, id_docente) values (493, 9);
insert into doc_indicado (id_turma, id_docente) values (494, 9);
insert into doc_indicado (id_turma, id_docente) values (495, 15);
insert into doc_indicado (id_turma, id_docente) values (496, 15);
insert into doc_indicado (id_turma, id_docente) values (497, 10);
insert into doc_indicado (id_turma, id_docente) values (498, 10);
insert into doc_indicado (id_turma, id_docente) values (499, 14);
insert into doc_indicado (id_turma, id_docente) values (500, 14);
insert into doc_indicado (id_turma, id_docente) values (501, 13);
insert into doc_indicado (id_turma, id_docente) values (502, 13);
insert into doc_indicado (id_turma, id_docente) values (503, 22);
insert into doc_indicado (id_turma, id_docente) values (504, 22);
insert into doc_indicado (id_turma, id_docente) values (505, 27);
insert into doc_indicado (id_turma, id_docente) values (506, 27);
insert into doc_indicado (id_turma, id_docente) values (507, 18);
insert into doc_indicado (id_turma, id_docente) values (508, 18);
insert into doc_indicado (id_turma, id_docente) values (509, 16);
insert into doc_indicado (id_turma, id_docente) values (510, 16);
insert into doc_indicado (id_turma, id_docente) values (511, 12);
insert into doc_indicado (id_turma, id_docente) values (512, 12);
insert into doc_indicado (id_turma, id_docente) values (513, 26);
insert into doc_indicado (id_turma, id_docente) values (514, 26);
insert into doc_indicado (id_turma, id_docente) values (515, 12);
insert into doc_indicado (id_turma, id_docente) values (516, 12);
insert into doc_indicado (id_turma, id_docente) values (517, 27);
insert into doc_indicado (id_turma, id_docente) values (518, 27);
insert into doc_indicado (id_turma, id_docente) values (519, 22);
insert into doc_indicado (id_turma, id_docente) values (520, 22);
insert into doc_indicado (id_turma, id_docente) values (521, 5);
insert into doc_indicado (id_turma, id_docente) values (522, 5);
insert into doc_indicado (id_turma, id_docente) values (523, 26);
insert into doc_indicado (id_turma, id_docente) values (524, 26);
insert into doc_indicado (id_turma, id_docente) values (525, 16);
insert into doc_indicado (id_turma, id_docente) values (526, 16);
insert into doc_indicado (id_turma, id_docente) values (527, 13);
insert into doc_indicado (id_turma, id_docente) values (528, 13);
insert into doc_indicado (id_turma, id_docente) values (529, 12);
insert into doc_indicado (id_turma, id_docente) values (530, 12);
insert into doc_indicado (id_turma, id_docente) values (531, 9);
insert into doc_indicado (id_turma, id_docente) values (532, 9);
insert into doc_indicado (id_turma, id_docente) values (533, 27);
insert into doc_indicado (id_turma, id_docente) values (534, 27);
insert into doc_indicado (id_turma, id_docente) values (535, 25);
insert into doc_indicado (id_turma, id_docente) values (536, 25);
insert into doc_indicado (id_turma, id_docente) values (537, 19);
insert into doc_indicado (id_turma, id_docente) values (538, 19);
insert into doc_indicado (id_turma, id_docente) values (539, 23);
insert into doc_indicado (id_turma, id_docente) values (540, 23);
insert into doc_indicado (id_turma, id_docente) values (541, 18);
insert into doc_indicado (id_turma, id_docente) values (542, 18);
insert into doc_indicado (id_turma, id_docente) values (543, 3);
insert into doc_indicado (id_turma, id_docente) values (544, 3);
insert into doc_indicado (id_turma, id_docente) values (545, 21);
insert into doc_indicado (id_turma, id_docente) values (546, 21);
insert into doc_indicado (id_turma, id_docente) values (547, 13);
insert into doc_indicado (id_turma, id_docente) values (548, 13);
insert into doc_indicado (id_turma, id_docente) values (549, 26);
insert into doc_indicado (id_turma, id_docente) values (550, 26);
insert into doc_indicado (id_turma, id_docente) values (551, 18);
insert into doc_indicado (id_turma, id_docente) values (552, 18);
insert into doc_indicado (id_turma, id_docente) values (553, 8);
insert into doc_indicado (id_turma, id_docente) values (554, 8);
insert into doc_indicado (id_turma, id_docente) values (555, 6);
insert into doc_indicado (id_turma, id_docente) values (556, 6);
insert into doc_indicado (id_turma, id_docente) values (557, 20);
insert into doc_indicado (id_turma, id_docente) values (558, 20);
insert into doc_indicado (id_turma, id_docente) values (559, 14);
insert into doc_indicado (id_turma, id_docente) values (560, 14);
insert into doc_indicado (id_turma, id_docente) values (561, 11);
insert into doc_indicado (id_turma, id_docente) values (562, 11);
insert into doc_indicado (id_turma, id_docente) values (563, 7);
insert into doc_indicado (id_turma, id_docente) values (564, 7);
insert into doc_indicado (id_turma, id_docente) values (565, 20);
insert into doc_indicado (id_turma, id_docente) values (566, 20);
insert into doc_indicado (id_turma, id_docente) values (567, 4);
insert into doc_indicado (id_turma, id_docente) values (568, 4);
insert into doc_indicado (id_turma, id_docente) values (569, 27);
insert into doc_indicado (id_turma, id_docente) values (570, 27);
